cutoff,block.mse,block.mse.0,block.mse.last
51,,,
52,,,
53,,,
54,,,
55,,,
56,,,
57,,,
58,2.80212920614017,0.777867555962998,0.608374905758159
59,3.22372767704472,0.815617455740734,0.670384257960573
60,3.0331342917848,0.755286239580925,0.593611398863031
61,2.7073695710845,0.756932536009504,0.633834557522954
62,2.1305011649702,0.79894756242983,0.685751837103883
63,2.0639046242607,0.714997027795046,0.595344002237872
64,2.02621604673672,0.386130188285391,0.321264489987778
65,2.33514675328717,0.21190395058117,0.179022908297985
66,3.02194316539653,0.252611689170495,0.215516799757639
67,3.80490972749058,0.340030779863071,0.312812068800908
68,3.81488884523141,0.320132027908776,0.309226791653969
69,3.61737955965216,0.32735740566652,0.313823779701326
70,3.21438583476466,0.289262058738884,0.273445245889334
71,3.06295253763202,0.268648686825547,0.252311357220085
72,3.14003740145372,0.293700707568316,0.27939250731182
73,2.86493331783223,0.268381969242989,0.260493406213861
74,2.74424114880774,0.279401276326128,0.266354168913417
75,2.18125731409066,0.221542786711975,0.209877388510561
76,1.95503414092861,0.201008612316609,0.191389120708974
77,1.77928928270443,0.183908150186316,0.176427153533787
78,1.60853742280692,0.170636655464324,0.16396416193101
79,1.51331453733197,0.169728752113554,0.163813277381327
80,1.39219703250967,0.163970861667092,0.158359053139938
81,1.32762923405974,0.168165897586801,0.162825968569488
82,1.05200444801946,0.133054911703097,0.127591908259362
83,0.937072280766418,0.125494204364841,0.120498262018866
84,0.817807367950299,0.112823843645426,0.10905093163067
85,0.705161789480553,0.100280175123382,0.0971956165597915
86,0.636933194369347,0.0960986415084536,0.0930346269210552
87,0.575028187102267,0.0950364116736683,0.0919177209407932
88,0.472431693651229,0.085464730234179,0.0821388249836882
89,0.421206586923468,0.0839940349069194,0.0806812234746489
90,0.35883920223932,0.0799347430354049,0.0762332396759622
91,0.295901877464693,0.0752937242199099,0.0713805831645793
92,0.261609762848688,0.0718765389347282,0.0675186820029469
93,0.226206109944598,0.0670210084971025,0.0626983535453803
94,0.197889584662244,0.060799223567832,0.0565520751589251
95,0.179510927207084,0.0571185759519048,0.0532594299892816
96,0.161291875056148,0.0568669695157534,0.0528020528367101
97,0.149693393577259,0.0548843403830908,0.0515078230221242
98,0.139642109075134,0.0582482213229788,0.0542525865441597
99,0.12725361512051,0.0568114195255912,0.0537637762055878
100,0.135294913099975,0.0598835776917242,0.0556970787321371
101,0.126499058350714,0.0584018753756882,0.0546039121903185
102,0.132808650519583,0.053314913071587,0.0508968163399313
103,0.124507177444789,0.0497514272579699,0.0477341200145277
104,0.138091525322399,0.0549986426017512,0.0538655162120728
105,0.141383253906072,0.0582288996337719,0.0569782940313568
106,0.136387434901407,0.0571653116380844,0.0546405553188385
107,0.12235389724005,0.0526481335604813,0.0503404817230122
108,0.114497467583995,0.0451356955101359,0.0414859441068381
109,0.111451553533366,0.0404188549992676,0.0389344550282651
110,0.13063604405018,0.0416202510199292,0.0415456682255621
111,0.124964619805976,0.0429396738571162,0.0424763870958116
112,0.132536635232164,0.0443578549883319,0.0442447493344314
113,0.128813385089146,0.0459074381276582,0.0454941588923769
114,0.138315464665911,0.0475383441413917,0.0472766479606836
115,0.123537411750467,0.0442651793181146,0.0435524482193852
116,0.124231308377806,0.0463475891877101,0.0453689911634056
117,0.122344682680663,0.0477616358537882,0.0464737554257113
118,0.118429660307314,0.0472239439271544,0.0465876456467429
119,0.110381569356556,0.0463523088824603,0.0457547284808123
120,0.114897545119185,0.0508276480390798,0.04987806190587
121,0.110889861099065,0.051296377602123,0.0500588138385031
122,0.103492297696738,0.0475289618617709,0.04667239843077
123,0.104313295150209,0.0485004600557144,0.0479548303807594
124,0.105777901597428,0.0499000451291638,0.0497541887230785
125,0.0999064918486741,0.0455438231610168,0.0444820244889456
126,0.100995012951122,0.0489081611569236,0.0479342260526941
127,0.108101241437772,0.049061596548322,0.0481989305268566
128,0.0975398548012786,0.0462273059362855,0.0452961222794099
129,0.104823619933068,0.0502397770363707,0.0484288249090895
130,0.098124103872517,0.0474660384938522,0.0468134242599714
131,0.107471995091223,0.0490885936826435,0.0489169644879782
132,0.108010982964123,0.05118977534833,0.0506697456143199
133,0.122062494663476,0.0566013928463493,0.0562875502501921
134,0.114209951073015,0.0547969956653246,0.0536969159142867
135,0.106412156159523,0.0510551652078367,0.0497358543346913
136,0.106589341284782,0.048863623788343,0.0478646721057923
137,0.116676489711588,0.0491302475081144,0.0493345976840853
138,0.10787443197336,0.047592965435942,0.0471163627879179
139,0.110459332732437,0.0503276025117787,0.0486316822378746
140,0.105987740884133,0.0456597376852709,0.044974450871909
141,0.109196326480992,0.0486380906788799,0.0477833359374528
142,0.108868891454264,0.0477191175721145,0.0468574044081907
143,0.1036250843396,0.0435377400059594,0.0431702787409405
144,0.104845925415205,0.0431943520897904,0.043079384456187
145,0.107441295130017,0.0465580783827871,0.0467332121265958
146,0.109100196029216,0.0507052492798673,0.0503845817353066
147,0.100866852742471,0.0525861404727202,0.0508720102684967
148,0.112092608967295,0.0578328164710417,0.056194985949184
149,0.108026101316887,0.057737270879766,0.0566780932020624
150,0.111372244028537,0.0536604008671846,0.0517340883004797
151,0.0973781896206252,0.0467642941993994,0.0452760772987089
152,0.100635242248797,0.0485648019760505,0.0482310282906011
153,0.110828964225692,0.0526745943074352,0.0526595092032692
154,0.104497271590703,0.0519596842169801,0.0459378817731024
155,0.1053887021159,0.0476821378447959,0.0453168727018798
156,0.111903664284826,0.0496879223389545,0.0491688310947157
157,0.111491583107131,0.04572616865303,0.0448823010056125
158,0.118308171299062,0.0493851232713209,0.0486831455082232
159,0.133584755708521,0.0620712334200863,0.0610847209674905
160,0.126736316480031,0.0538421626439595,0.0529836651264704
161,0.128888696491132,0.0511125597014044,0.0492379753622116
162,0.138060107409449,0.0516254981329338,0.0506367008317819
163,0.132350651131325,0.0461517830946509,0.045507235395632
164,0.130228906198338,0.0430437887252542,0.0426655998759076
165,0.137325797299018,0.042398700521616,0.0418779677651655
166,0.139007023292431,0.0447480473730365,0.0448021628049574
167,0.137544356530829,0.0463304986314515,0.0468101792798913
168,0.123690632542607,0.0381234985490335,0.037924102462977
169,0.132145693107898,0.0400381830318303,0.0401733779337465
170,0.129100536333277,0.0393306158472094,0.0387455971729734
171,0.139019651747255,0.0391247255068859,0.0394162154143749
172,0.123069496810504,0.0328229314336041,0.0324932438581642
173,0.117136461726322,0.0324350211818335,0.0318888081753987
174,0.118267490931419,0.0354474463424521,0.0348628803536224
175,0.111929442669859,0.035324623733963,0.0349360302439764
176,0.112967092761981,0.0319039616984631,0.0318281780464514
177,0.107635949831877,0.0311549296576708,0.0307437985266904
178,0.119451767047903,0.031620473769069,0.0315020265366281
179,0.110911393997558,0.02759930364507,0.0270646543208982
180,0.121131843758955,0.0295204058966227,0.0293793981697843
181,0.128810242030059,0.0294026702495062,0.0297202023599404
182,0.133399600456692,0.0314670239789479,0.031924909765618
183,0.129882263343832,0.0313651814065346,0.0313053862510019
184,0.124553808750376,0.0309139917365506,0.0306345035268089
185,0.116926041656845,0.0289891521957396,0.0289731443416783
186,0.109882263568495,0.0281397211249445,0.0276806964560248
187,0.102127624576939,0.0240471539584736,0.0238327831919362
188,0.105004381318622,0.0255580545501598,0.0253547191208274
189,0.107982904906078,0.0266484695895904,0.026599525630704
190,0.0995803667298276,0.0260615259853537,0.0262392571142336
191,0.101550865778892,0.0274092394269288,0.0275842968717542
192,0.0943090133423026,0.0255826599684693,0.0255472924726381
193,0.0901601216930117,0.0244645182345159,0.0240497936511014
194,0.0897621312582809,0.0242323270462534,0.0239104631390714
195,0.0912671289838481,0.0251118806656763,0.0250119563653985
196,0.0919912899501279,0.0261476940176495,0.0263019847514311
197,0.0925811975572937,0.0267534990191286,0.0267149216144741
198,0.091800871481695,0.0273635960137785,0.0272804425013467
199,0.085072771650877,0.0267324577957957,0.0265040833418248
200,0.0797011778246264,0.0259819912452772,0.0256292354104775
201,0.0699499223878025,0.0248628279331345,0.024541472640802
202,0.0622716573167365,0.0241190759654165,0.0237841596420939
203,0.0588727991109513,0.0243648970678063,0.0241702011338738
204,0.0555024037665196,0.024801733363882,0.0246170827257114
205,0.0498109741378859,0.0237158997279224,0.0237920227744169
206,0.0484738165588305,0.0229122250971572,0.0228916068057649
207,0.0480350143688048,0.023906502827219,0.023825436363445
208,0.0515413552426128,0.0258436879232758,0.025542004736876
209,0.0544436266655619,0.0276822458858606,0.0274315804518988
210,0.0518329004093501,0.0257191815709328,0.0255391827925584
211,0.0550698493352099,0.0271921413511304,0.0269797052260155
212,0.0546612773799674,0.0271178034961749,0.026341563448918
213,0.0509015217643071,0.0260530093105991,0.0254781249202152
214,0.0522249264787173,0.0257078789796107,0.0255076360935197
215,0.0492852329646652,0.0243034357463507,0.0241339686398986
216,0.0538462895753305,0.0281576127678165,0.0280430699731784
217,0.0537272555410787,0.0262643905562625,0.0262658633227975
218,0.0538930737524509,0.0267179115708939,0.026684957318209
219,0.0550463002831211,0.0269319194014928,0.0269931461934408
220,0.0559302935914743,0.028554124822486,0.0284083496938969
221,0.0576553009307971,0.0296171705391395,0.0295281765596319
222,0.0603897043796863,0.0320045272978666,0.0322360825135395
223,0.0661189595394105,0.0365357791471491,0.0379095028235237
224,0.0585609499455598,0.0344379008789103,0.0334920511020949
225,0.0600071048822195,0.0337845828732602,0.0334591608808654
226,0.0596245008651332,0.0336732240983423,0.0330605634173312
227,0.0639038113209951,0.035708676695912,0.0345918236429284
228,0.0648118139927327,0.0356191366833609,0.0352399466547198
229,0.0793892064923592,0.0437705901798537,0.0436759777981764
230,0.0741470501414716,0.0378982496671335,0.0362705627019185
231,0.0747325232862916,0.0368773560775097,0.0364396986345761
232,0.0798740472056205,0.0371518059126973,0.0368345327379495
233,0.0709687757296628,0.0336652505271622,0.0331899493143768
234,0.0725816448905611,0.02815894614152,0.0278224815669794
235,0.0653639565386834,0.0249133305449584,0.0244077892174527
236,0.0820997089796177,0.0291662087831526,0.0292592859439597
237,0.0761374917235967,0.0297552483347832,0.0301914483423986
238,0.0918629287565254,0.0363640731686232,0.0361555162770638
239,0.0745918975560704,0.0315045841916626,0.0322458864176365
240,0.0700079802413436,0.0293666881473834,0.0291553851537288
241,0.0601024799989006,0.0260737891565902,0.0260301900068458
242,0.0672525773616462,0.0303989471311824,0.0302329250290568
243,0.0635145645376439,0.0296042593062479,0.0296399065439442
244,0.0761920510052074,0.0371305692378779,0.0368392579545311
245,0.0834985458268701,0.0422424915149297,0.0422034762905801
246,0.0919797967492617,0.0466017315861096,0.0466062742891203
247,0.0836673802700839,0.0451055394753109,0.0447126531496201
248,0.0890205598278692,0.0488727800573031,0.0487485638540794
249,0.094436365557373,0.05266532358261,0.0529139717606854
250,0.0989775769986239,0.059424739993693,0.0588545824151464
251,0.0841680230096851,0.0452176459683481,0.0416247057856429
252,0.0836878674333501,0.0387029854151045,0.0376447007181495
253,0.0877613331722249,0.039802283993348,0.0398922438016598
254,0.0906743811279829,0.0405648562140029,0.0390656336865813
255,0.0920741730105796,0.0360231828456976,0.0348423114624485
256,0.0836856391707591,0.0329393664737662,0.0325138592232705
257,0.0981265957283507,0.0378737043122013,0.0381357525080965
258,0.0939764246906206,0.0373751803064033,0.0379679814605415
259,0.11757786439517,0.0477217704932142,0.0490033011100545
260,0.110717620693018,0.0473278897844014,0.047262138181884
261,0.0912794824934111,0.0415077763182623,0.0415356672089464
262,0.0896452981180855,0.0430489621179058,0.0433306928117264
263,0.0939310827362412,0.0461638747230012,0.0461085720090905
264,0.093866582975104,0.0517053260090525,0.0516886434787529
265,0.112493395742785,0.0334679728678207,0.0341809156196812
266,0.101758235102483,0.034982639886063,0.0360751586426484
267,0.107862834651042,0.0375694461731221,0.0379889864971756
268,0.0990237284485865,0.0363412017430824,0.0364643676006915
269,0.0993133824436306,0.0391059227237134,0.0387582557213888
270,0.0960640346677843,0.036088379635132,0.0358466952738766
271,0.10654242440527,0.0443748414252723,0.0446307983361341
272,0.0844142573348995,0.0419612900055939,0.0422212776431024
273,0.071820852820259,0.0334452313364585,0.0330597798797698
274,0.0703077399337603,0.0292556284050769,0.0287777982614712
275,0.0705775661460061,0.026143320896192,0.0257313179375267
276,0.0717274978014123,0.0253769057264548,0.0250213853489361
277,0.0654197265718294,0.0204475896737776,0.0204060312013589
278,0.0713723920429075,0.0241121704991209,0.0247528162523686
279,0.098839800632407,0.0330436525611452,0.0366570971627466
280,0.0670424781262105,0.0249717920706943,0.0250504817593593
281,0.0630120697553325,0.0242430435766388,0.0241498236476027
282,0.0628470742749879,0.0242440083795439,0.024225489777184
283,0.0631408653944757,0.0256519313807696,0.0253665635407684
284,0.0641651647420661,0.0251362190404109,0.0247075239817045
285,0.0719404197408384,0.0305452786053256,0.0304553231655414
286,0.0831474237146854,0.0396820783004569,0.0397424146881597
287,0.0635929640188531,0.0242898263054153,0.0242194928012456
288,0.0683096038218974,0.0241696968449668,0.024112171966543
289,0.0714512028401988,0.022751529806829,0.0226922575375572
290,0.0741461420674752,0.0221635603793885,0.0221037081163986
291,0.0759934211346977,0.0248742250171736,0.0248719371047946
292,0.0885379189322326,0.032412409472092,0.0332071865478951
293,0.111574326122299,0.0449262294500693,0.0465679301885576
294,0.0594220324905308,0.0258380614156058,0.0256902885389068
295,0.0594459740997059,0.0283282094432186,0.0281170727721693
296,0.0614148716872217,0.0296303320056572,0.0294986124521553
297,0.062203462300998,0.0255686957560739,0.0251260000632646
298,0.0622611642711459,0.0231869699235083,0.021602547247313
299,0.0682915544785826,0.0247977257326957,0.0244738598294672
300,0.0743839351620097,0.0264205394680072,0.0265248442839431
301,0.0786579611562686,0.0293164361756361,0.0293826009155542
302,0.0870809564960626,0.0310204589603767,0.0310702238967389
303,0.0870914569170952,0.030778783265252,0.0308889971262316
304,0.0970500546014294,0.0210320935650741,0.0210876571581315
305,0.0948197519119358,0.0196383058884387,0.0196780851739819
306,0.097299301605391,0.0205370195495156,0.0207798880516748
307,0.0932640007148952,0.019939024721261,0.0199127677701305
308,0.100473562200533,0.0211049830824856,0.021096587680235
309,0.0990060546654292,0.0205770298291405,0.0207418041685263
310,0.102201990059161,0.0214402307791723,0.0215131938702693
311,0.0910725150020405,0.0194385404570046,0.0196458242488628
312,0.0832543851876698,0.017845436809907,0.0180672213636467
313,0.0859695822195731,0.0190540523080298,0.0190943064866713
314,0.0913552625333085,0.0218240424601358,0.0218737685035905
315,0.0903957744448694,0.0219961196569311,0.0218318531574067
316,0.0929452639831725,0.0233564140519715,0.0231222338524875
317,0.0741488882025895,0.0217787601212004,0.0214292820238518
318,0.0649200890707468,0.0183460695561318,0.0181514033054948
319,0.0542139940942534,0.0175957289701566,0.0175715177277386
320,0.0494119951462728,0.0178171526416184,0.017770645238223
321,0.0465382145193745,0.0197749972166349,0.0198639812781655
322,0.0437515962723308,0.0211098059327844,0.0214752116765653
323,0.0408868213456417,0.0212327303525318,0.0210524023807396
324,0.0471871955903373,0.0205778330169505,0.0203221744301679
325,0.0446636423917627,0.0204294921956121,0.0199365656798975
326,0.0497833818440141,0.0254967166707878,0.0256835024751868
327,0.0560361985383245,0.0308371375552383,0.0308022125588416
328,0.0663461594936282,0.040169487566304,0.0402733395849704
329,0.0703575439905081,0.045000965877923,0.0453014343082352
330,0.0822108900345112,0.0548609490899907,0.0554804796382185
331,0.0921753850523254,0.0657530194831756,0.0658290965498893
332,0.166899454331083,0.03516615541413,0.0363052392125075
333,0.146224217788637,0.0304663862824379,0.0311580551713134
334,0.140441292519461,0.0337798221110661,0.0335511991494918
335,0.11597269264067,0.0298755922414159,0.0300258099231579
336,0.115315382105482,0.0324624712270518,0.0324258212566959
337,0.10680925745351,0.0314599551009514,0.0314027949481583
338,0.106243019878874,0.0328004606074938,0.0328073457420539
339,0.0426803738684094,0.0124284729497075,0.0124544303267908
340,0.035727351982271,0.00973127659674359,0.00963546281458708
341,0.03951821895326,0.0116808551722145,0.0116162140773102
342,0.0421795326286752,0.0145880367156957,0.0145709321907859
343,0.0442764553150999,0.0175037519392121,0.0175301443333443
344,0.0484101919451593,0.0219962498176524,0.0220879402878453
345,0.0462544157997713,0.0237055807564034,0.0237350043178083
346,0.0386144922725571,0.0188567294654777,0.0187956841779295
347,0.0306364610088974,0.0146201689683085,0.0142260077853686
348,0.032869680969809,0.0144973571424149,0.0141904763144814
349,0.0407929987149105,0.0178477076419273,0.0177470086058822
350,0.0488278287682447,0.0228629920673341,0.0228497777010744
351,0.0550408812322003,0.0269165723000804,0.0272368833484787
352,0.0675640891478339,0.0346557664063912,0.0351701565304353
353,0.0900706267399555,0.0514425182297052,0.0532732250212161
354,0.0526636752726418,0.025254349748568,0.0240110880548265
355,0.0584361493726644,0.025726665329799,0.0244290121893927
356,0.0669790942347016,0.0252503705843304,0.0245578184931297
357,0.0757330810351514,0.0278441414720281,0.027708350839473
358,0.0894353924121591,0.0326773838023121,0.0330611958462109
359,0.10214683021158,0.038596549788178,0.0391671618560091
360,0.140496813778193,0.0516106283112155,0.0535281312295748
361,0.037778228517491,0.0150324173053382,0.014754184681063
362,0.0384613979192473,0.0148792828558063,0.014825090907832
363,0.0437849465324126,0.0174586623513686,0.0177036844794696
364,0.0447304783910821,0.0176441672564553,0.0179148735837176
365,0.0441511949954615,0.0189525702452222,0.0191952850272291
366,0.0408010337662059,0.0157375728881527,0.0153914439372482
367,0.0357682413494217,0.0133108670407331,0.0130653162713684
368,0.0370606829316701,0.0135911220335852,0.0137543663166289
369,0.0333364864064842,0.0124577794240201,0.0125155032241922
370,0.0378302035148159,0.0162920425822324,0.0162959800931203
371,0.0397423187197775,0.0202976695138381,0.0204049037581476
372,0.0378965495141764,0.0203311394416659,0.0201577220061004
373,0.0298592406013904,0.0179454139176918,0.0177952653374919
374,0.0272868923653707,0.0174040008626709,0.0172376460884934
375,0.0272516514658323,0.0181569813632913,0.0179095003738942
376,0.0240257083113728,0.0179511234642313,0.0176600607566507
377,0.0318922018900145,0.0228944682351356,0.0227540304004672
378,0.0358330804253848,0.0267701663979162,0.0274030793662279
379,0.0379776704424789,0.0312962102575747,0.0311324438737832
380,0.040229012398793,0.0354034296948619,0.0351043392187353
381,0.0437131565350972,0.037257702057343,0.0368511836988046
382,0.0568382488789859,0.0369366317161277,0.0365255810486755
383,0.0647235390036052,0.0410504567240355,0.0408444921498625
384,0.0628351311071762,0.0200527287092081,0.019820755867479
385,0.058636923473889,0.0186908313284717,0.018632715469199
386,0.0813986567150068,0.0235088168371214,0.0241148962659151
387,0.0794394293561518,0.0271970721621989,0.0279528775309635
388,0.0782322461040257,0.0254726929444843,0.0261705699803591
389,0.0682391943797944,0.0244712800610262,0.02409403613926
390,0.0647659579406073,0.0236548936111671,0.0228784963610965
391,0.0529062533175294,0.0193166624077821,0.0188917760923975
392,0.0530139627441816,0.0212152458509185,0.0210147893773975
393,0.0523484088744688,0.021870086604396,0.0218444175397401
394,0.0586913863762372,0.0224668951301572,0.0241736252498701
395,0.0434386438435848,0.018583666487981,0.0185919480875744
396,0.0388805153988838,0.0167686580628606,0.0165219033511415
397,0.0407971936314442,0.0175755674482049,0.0181399179150923
398,0.0449508492160184,0.0207859680228393,0.0206477920730172
399,0.0467027490930671,0.0194951009795051,0.0195061171332019
400,0.0539563692732932,0.0197404042429166,0.0198358545097881
401,0.0593679296980902,0.0199323876507982,0.0200391791986713
402,0.0682492530478733,0.0234600545026195,0.0236516827859691
403,0.0664688545760259,0.0227888244118193,0.0228377737493035
404,0.0836310580745039,0.0355810254067494,0.0358127053118958
405,0.106630283131859,0.048144380219265,0.0486719112747783
406,0.0947231951037429,0.0388543210705062,0.0383577698705854
407,0.0949498394335448,0.0378639162879507,0.037289523333826
408,0.0785757422043778,0.0329304872908522,0.0321026882620132
409,0.0762601745566205,0.0300548957544373,0.0292218589247295
410,0.0739624214727885,0.0254871293789445,0.0250073604951632
411,0.0991821864221281,0.0289432187976384,0.0297129825408529
412,0.176871232185288,0.0613206978838447,0.0685239430472015
413,0.145016121327681,0.0810415192044009,0.0816298339219788
414,0.171241614969938,0.102054885034997,0.102181355050709
415,0.18503058751428,0.117094429228895,0.116504580059411
416,0.197097114993385,0.126780435754306,0.126308347731618
417,0.21329759353598,0.142109397343918,0.141884046756162
418,0.233365102961272,0.157774543705744,0.157652153959324
419,0.910150928026968,0.259435725970191,0.267654127942518
420,0.612871747976649,0.163028787938008,0.167319276681152
421,0.394507413805668,0.111296620900225,0.112017329196474
422,0.260434738841862,0.0781355779674709,0.0785526274367348
423,0.205189528652811,0.0664481083070453,0.06747426828713
424,0.173792545256909,0.0632641371090367,0.0647638711170472
425,0.160292280382177,0.0643752711460738,0.0649434236950183
426,0.0603870329417171,0.032499932250969,0.0325562518950116
427,0.0672115100199704,0.0390187503207605,0.0390104308903907
428,0.0577170672416821,0.0329444214489581,0.0328687677246555
429,0.0601974002532796,0.0322379322999744,0.0324760430380631
430,0.0557180976435201,0.0278849206876067,0.0274700841606693
431,0.0603192452841421,0.0262633619293163,0.0265023944007426
432,0.0724734677776539,0.0326362986073141,0.0331472528172589
433,0.0779071157684407,0.0319532546408755,0.0324735535841755
434,0.0955881773377419,0.0373373472612914,0.0384836553395005
435,0.085202294717721,0.038766771986721,0.03842666094806
436,0.0847887413223879,0.0387101670566333,0.0384206148852665
437,0.0841349529909582,0.0451858595812905,0.044944124307392
438,0.107626294061464,0.0657174803820825,0.0660149302438105
439,0.164819958872865,0.11455763100368,0.115694045387807
440,0.180990735073917,0.14112037572885,0.141468413976188
441,0.0763949636945577,0.0645586042168822,0.0637685512211926
442,0.0634564893446328,0.0492852566010287,0.0484915858992649
443,0.0614528455174456,0.0355410088903238,0.0346561459651503
444,0.0813309511228955,0.0298898194636872,0.0289920404556028
445,0.166068623696149,0.0464781945698961,0.044933543942752
446,0.432774042527056,0.132657919775903,0.131007484110981
447,1.43265545046503,0.51385108451785,0.525633149854755
448,0.0707173723233539,0.0375369551763875,0.0371804840621367
449,0.0707919080211869,0.0366077574623783,0.0363840215347483
450,0.0624576325592213,0.0290499520686771,0.0281525853191686
451,0.0562780498155539,0.0229496762162459,0.022330383426889
452,0.0626961186544427,0.0234709935974957,0.0235864483681313
453,0.0716785116685317,0.0277449392418576,0.0282693776791432
454,0.0973535544760915,0.0408794972244615,0.042217722420961
455,0.0761775239831434,0.0347838439250382,0.0351639270242595
456,0.0827469793171156,0.0384569056874882,0.0387232417660433
457,0.0594518597484203,0.0265782813830452,0.0266287140625847
458,0.056789105617301,0.025941721208578,0.025965263208588
459,0.0529795054709911,0.0210139827508578,0.0210600527539421
460,0.0550563566678331,0.0229275020087715,0.0226350113261772
461,0.0645263865400124,0.0274256763774204,0.0272440732836017
462,0.0645658597229389,0.0286929440052157,0.0285616690412252
463,0.0625455916146105,0.0270896186124911,0.0268128735994049
464,0.0566669743908042,0.0237774677077241,0.0240331588087155
465,0.0557890530223477,0.0226527052254217,0.0232981809447586
466,0.0417233676599028,0.0191029757255906,0.019165607425648
467,0.0489302785170772,0.0243890590941613,0.0243855787939509
468,0.0492804036202278,0.0262842288513414,0.0259224906373913
469,0.0525372192549866,0.0284127647098146,0.0282028454486081
470,0.0471822146178101,0.0277771964752381,0.0270137658799862
471,0.0420254224320675,0.0258013329028005,0.0252525255777035
472,0.0385430615341804,0.0224911635990221,0.021983517172534
473,0.0359521425276631,0.019416330199225,0.0189559850941707
474,0.0416896177856888,0.0225251145214512,0.0222235108185156
475,0.047646302866174,0.0268324600124089,0.0267643388096761
476,0.0527805269193472,0.0325554578267656,0.0309969085271003
477,0.0485687182873647,0.0294569463419368,0.0286020919865889
478,0.0481731749172806,0.0263576518519382,0.026163223522414
479,0.0464057924477669,0.0261912431884544,0.0261749337643245
480,0.0529632959386487,0.0301380953590245,0.0298824381337511
481,0.0462276146886409,0.0243079399191166,0.022942220539172
482,0.0611976492692278,0.0297373957213615,0.0295546810885545
483,0.0671234196404601,0.0306803531409031,0.0310508621718061
484,0.0622075869463881,0.0285801991411731,0.0287354959427169
485,0.0690221355811991,0.0296551707763206,0.0298647104418596
486,0.0760775563174035,0.0287930286067075,0.0290404799486433
487,0.119341715112194,0.0449591510803904,0.0480761418014882
488,0.0556800935353147,0.0225067482643231,0.0229723162379609
489,0.0705242546244046,0.0313093709870547,0.0322771630561616
490,0.0558972785592598,0.0273005754783685,0.0273674295662413
491,0.053991164331672,0.0252998179373205,0.0251766495590294
492,0.0507989637299554,0.0257687172131676,0.0256528949349267
493,0.0412015060613777,0.0204929852685422,0.0202845841616401
494,0.0403197473079437,0.0199882697644073,0.0197067942383548
495,0.0461445767696776,0.0248891916973646,0.0251356620570475
496,0.0550977036918988,0.0275415282713334,0.0285188132689154
497,0.0531421958804964,0.0262723221489166,0.0262832474271778
498,0.0495112302908556,0.0244666522741195,0.0243418499437768
499,0.0511207558646472,0.0254298169662914,0.0254544004629663
500,0.0459974778329917,0.0233408842069578,0.0230473240910611
501,0.0509684124690297,0.0254193482926805,0.0250137625117676
502,0.0634106864678849,0.030314852130278,0.0308933090143297
503,0.115017725230045,0.0475816767953327,0.0477524203037837
504,0.114180308748299,0.0528522842004255,0.0529803454819199
505,0.129984441747177,0.0645557426487495,0.0642495772286778
506,0.128410945883283,0.068365374230255,0.0684232090205317
507,0.0880023296414044,0.0441972859684834,0.0443107362912254
508,0.0891042162032435,0.0457177013970823,0.0457414756327265
509,0.106014389453841,0.0565349137823748,0.0548422219952566
510,0.123097246223641,0.0591003102775879,0.0586091881721112
511,0.156084808033436,0.0713036170118523,0.071426286041773
512,0.192244355322122,0.0748480777549249,0.0701294122755034
513,0.243716782055251,0.0893234561723407,0.0918169390068312
514,0.109294553881981,0.0392383499430557,0.0385146420328081
515,0.0896945135187076,0.0316321810927396,0.030498938324665
516,0.107396342787698,0.0433734682317349,0.0431693597232279
517,0.122701475466786,0.0503553680025574,0.0505012578258275
518,0.135351406243456,0.0558652497526168,0.0558784906056714
519,0.155296010317065,0.066319577233325,0.0664358044535928
520,0.154172559158885,0.0644571279169186,0.0639541695618248
521,0.120046461517067,0.0415974234057022,0.0414328553041142
522,0.162334953138194,0.0592023008409787,0.0605558955909678
523,0.171534611738607,0.0702929601426015,0.070644023735487
524,0.177063026277217,0.0762751036158085,0.0754738981843746
525,0.142166632420712,0.0717521707861648,0.0693705380319407
526,0.209899930551928,0.1138215039024,0.11373939337534
527,0.14962133605613,0.0862120837933303,0.0853428734513169
528,0.158732713250222,0.10002020121298,0.0970166501726013
529,0.106144025022048,0.0476153885908934,0.0415508317614929
530,0.11334207642511,0.0472027095655495,0.0462479875539719
531,0.268920045478042,0.0901943651772849,0.0909792671658783
532,0.236076724690412,0.0842643909964885,0.086307318065592
533,0.457040717275507,0.156160248709368,0.160339098214243
534,0.355107984886659,0.129358387683179,0.13141074461427
535,0.650083640979105,0.25589417104618,0.259149509297694
536,0.187811299370289,0.107537506332451,0.111735291652357
537,0.216678669820313,0.129246311781269,0.13410355834523
538,0.308748866147414,0.194882027149607,0.191468330378896
539,0.290085526676048,0.197564409718691,0.196996642856662
540,0.25186621739882,0.176229453808335,0.178077170502279
541,0.564558833796263,0.172584156386686,0.180328406746658
542,0.296471824604959,0.099088907425145,0.103624059430509
543,0.321620824318701,0.111116826223412,0.106543552658142
544,0.202016149121122,0.0851105427726513,0.0844713761423584
545,0.232542335901254,0.0832520935477304,0.0825394665328962
546,0.182976644035481,0.0739650405013383,0.071546342009806
547,0.164666408953239,0.0592846800006757,0.0607004609494304
548,0.100843960288104,0.0409634563388834,0.0413266716516424
549,0.109763197003903,0.0334056786565032,0.0335697585062638
550,0.105167914237264,0.0397796127264298,0.0393206380447758
551,0.102049173235466,0.0488078512421635,0.0482667356978227
552,0.123151927441825,0.041570852362748,0.0417867402949027
553,0.116478097935743,0.0378757465473049,0.0382481949638176
554,0.138964400816668,0.0346067303176685,0.0352896903632506
555,0.132657341299421,0.0313083731406896,0.0319332494827519
556,0.156707166582119,0.0251820500245986,0.0256356306071118
557,0.130893679249904,0.0276954907131316,0.0282391955520673
558,0.129024801411518,0.0362372577137702,0.0369286234029615
559,0.160942496360198,0.0317419950055279,0.0321983012892039
560,0.201600436305824,0.0350801873487379,0.0360483565113769
561,0.216454442115002,0.036564629439786,0.0374240765453772
562,0.222317081146237,0.0382622670008877,0.0388290344911468
563,0.216084083984095,0.0245714868873108,0.0245037139183359
564,0.176921772360207,0.0214548185287725,0.0210077437229233
565,0.167171571746814,0.0241816864152944,0.0242578659417474
566,0.19466269409082,0.0244257233817232,0.0248318829165549
567,0.192536225757919,0.0253506217192883,0.0263344299314205
568,0.2101229235956,0.0260323960110253,0.0277021567062309
569,0.227589412132661,0.033430843211889,0.036034902569764
570,0.197327085813224,0.0164035817615885,0.0164613391268078
571,0.166300406251452,0.0158105885356166,0.0160494746994067
572,0.141839954318819,0.0179863359031512,0.0181461495570838
573,0.184149931677266,0.020458803111145,0.0206883423424557
574,0.154169836131375,0.0170005604715953,0.0169648937135845
575,0.175827434738254,0.0175834937442578,0.0176362601748015
576,0.155519851869575,0.014399171591295,0.0142711484667675
577,0.160900792027106,0.0156083309164512,0.0154879837235738
578,0.131423463481352,0.0141517014914145,0.0140411015140323
579,0.123012709833472,0.0163853434478177,0.0164430734073144
580,0.130490194943078,0.0166142796919149,0.0168127003357184
581,0.121353081813986,0.0158932081069999,0.0158876239013745
582,0.112749164513665,0.0139964250367702,0.0139903429332775
583,0.10116583603219,0.0121477542224805,0.0120595783714143
584,0.0996274053444719,0.0116459552656191,0.0116508044247569
585,0.0842849537950827,0.011506456188164,0.0115587644626693
586,0.0767568635139622,0.013918291748172,0.0141210962594173
587,0.0899078609550078,0.0160770944884721,0.0164036902549045
588,0.0785356892962455,0.0160054429226141,0.0163886375792169
589,0.0740260680670014,0.0142762641399733,0.0146136465255235
590,0.0686893330419588,0.0134779796216333,0.0134530745123654
591,0.068437134899204,0.0138744090486894,0.0139604506533465
592,0.0559509927991965,0.0123833068505397,0.0106853696175387
593,0.0613568025408139,0.0139228722647489,0.0135704063828729
594,0.0700841658566942,0.0152182598083485,0.015137979457106
595,0.0637950750599673,0.0140444117146955,0.0139879868428201
596,0.0729461093392325,0.0147247459062818,0.0143953690949845
597,0.0609320326104157,0.012091663868314,0.0119386626630241
598,0.0617736030243929,0.0116843696348157,0.0115909613560461
599,0.0584122943608399,0.0115355670275431,0.0114702184710278
600,0.0608716890498501,0.0147679336451194,0.0147518300860211
601,0.0420171202011226,0.0154207924057197,0.0155039175650471
602,0.0417296568756731,0.0138048778808649,0.0138588077392543
603,0.0325283357375313,0.0102033263628269,0.0101555613853625
604,0.0292809450683034,0.00929823896002909,0.00920599296628573
605,0.0252568497153934,0.00761401806936546,0.0074441418266701
606,0.0230336740309465,0.0082352971150398,0.00807094696449593
607,0.0279973627446497,0.010683024998239,0.0106592869716692
608,0.0577658763550513,0.0190067351758153,0.0192440198846123
609,0.0441460475267841,0.0168156545507336,0.01697092562747
610,0.0404977902225167,0.0138500640463607,0.0139201596753856
611,0.0381393026889562,0.0129331005895181,0.0129109603772509
612,0.0374734623773214,0.0137046676677754,0.0135700335642735
613,0.0393334771173616,0.0167135884737183,0.0167888362153543
614,0.0448162445239588,0.0218519249963242,0.0221043639679701
615,0.0380726257629375,0.0189040490393778,0.0178704854839519
616,0.160390596231549,0.040821916545601,0.04517718721653
617,0.181293451546513,0.0491334678702327,0.0500929915965207
618,0.177569972237168,0.0514467251454011,0.0497281787060723
619,0.110499600220917,0.0307795722698224,0.0306976438128484
620,0.0902511191698433,0.02608626935711,0.0261791612401806
621,0.0819270253483825,0.0260894134782718,0.0263141828952572
622,0.035436575311724,0.0114894956074117,0.0117341482273634
623,0.0374618078119833,0.0182808952112957,0.0184715421702618
624,0.0341319310684516,0.0131394991054308,0.0132192633273389
625,0.0249275015184982,0.0102774946341441,0.0101618713427432
626,0.0260770311316696,0.00900040570612166,0.00887574292303309
627,0.020320510260977,0.01016696817874,0.0100123406753846
628,0.0246491364093025,0.0126571298537349,0.0125860295717476
629,0.0289682150264576,0.0154102380714379,0.0152692626275431
630,0.0611272026095727,0.0165068663641871,0.0165463415223545
631,0.0416065955000033,0.0142645131003975,0.0142802075620008
632,0.0372195489509119,0.0136565007641143,0.0135128664578578
633,0.040834477981552,0.0154546354866418,0.0153086907513684
634,0.0463322092323458,0.0192429557552541,0.0191333419039125
635,0.0594813020118222,0.0274795526067724,0.0274813982675658
636,0.0845510148271278,0.0383597810841886,0.0385993638400402
637,0.0461173593074975,0.0190693201615232,0.0189492920907717
638,0.0431778486279309,0.0162166690509085,0.0159984130863165
639,0.0440212734888195,0.0136929818694017,0.0137178023702063
640,0.0546270801640698,0.013826476120224,0.0137238061834487
641,0.0569519801633379,0.0164119269273225,0.0160000884623617
642,0.0882296260367858,0.0272847011672974,0.0279749010380492
643,0.130477439258456,0.0437829370469746,0.0462207614207526
644,0.048864744375774,0.0181573705448336,0.0181935713391969
645,0.0508142106565878,0.01596633781221,0.0159945125217332
646,0.0450138846250242,0.0147256801710072,0.0145926486042393
647,0.0455743080431596,0.0137412954676223,0.0136825488975315
648,0.0402978132066044,0.0137176977624932,0.0135900303361584
649,0.0475185101076415,0.0175451488701115,0.0175445921301309
650,0.0616670580603766,0.0227116092223569,0.0228577048103512
651,0.0577242418036399,0.0235001585727952,0.0236283970513929
652,0.0477944615627757,0.0175401775144723,0.0173096225479325
653,0.0414285342510797,0.0144422295819355,0.0142898259129484
654,0.0463484858765957,0.0147706286951757,0.0147114767221921
655,0.0447125543330249,0.0156607149235214,0.0156768555417816
656,0.0569854466393024,0.0210321912969137,0.0211834942866687
657,0.0662132957948003,0.0240677950843729,0.0241157830962115
658,0.0629004339847988,0.0272662148980103,0.0274593137014662
659,0.0546268511615066,0.0201694970218413,0.0201245243760466
660,0.0465575427292551,0.0165643466541322,0.0162482637667155
661,0.0455757438709566,0.0158826282961066,0.0153600288678402
662,0.0404993749346021,0.0151391890666292,0.014886047756698
663,0.054185033832628,0.0222124458271364,0.0222631837821392
664,0.0662896714570555,0.0267414009788112,0.0270742291143299
665,0.0764814729750904,0.0315444267152927,0.0321688775647768
666,0.0521261750509477,0.023240419841535,0.0232634231582168
667,0.052442231090994,0.0230647379207971,0.0229791870228276
668,0.0436465738178857,0.0183612711641081,0.0184160251522792
669,0.0442358811183252,0.0201313710891881,0.0199897500982084
670,0.0553695147775501,0.0278516746368402,0.0280141175123116
671,0.0645740690121107,0.0335935473223128,0.0339152915222968
672,0.0677175429624053,0.0376319829708432,0.0379002954124368
673,0.0647857791868972,0.0383916193660152,0.0382435236686518
674,0.0552552123237138,0.0218435944997887,0.0210325339413764
675,0.0503825295753005,0.0178428822510032,0.0169000482782495
676,0.0550025638290917,0.0179070833464999,0.0175488499429156
677,0.065675256989419,0.023458750443,0.0235023706141517
678,0.0757542065771283,0.0288093494208095,0.028918376901976
679,0.0814205152796253,0.029373981574071,0.0299397874817738
680,0.0869707509344505,0.0307631573132868,0.0323953624326874
681,0.0426950543998898,0.0168916223713885,0.0173290191573658
682,0.0443513439634553,0.01854985035647,0.0187409198149847
683,0.0584084560473096,0.0270322500090857,0.0273160068009544
684,0.0820923727376563,0.0416723902142448,0.0421462875876911
685,0.0758023433112007,0.0393255873016487,0.0402714361499462
686,0.0577764601729446,0.0339923792167955,0.0336116209372152
687,0.056394476686693,0.0317741537030737,0.0321666091638866
688,0.0373336164822919,0.0185365625272395,0.0179734862920314
689,0.0573994434429919,0.0167189312746214,0.0166239817813676
690,0.055981206890044,0.0175057933182935,0.0176197052063084
691,0.0700469752994049,0.0245343008327341,0.0247688647026703
692,0.0689415595782039,0.0271465374244146,0.0271675781633995
693,0.0659507264416459,0.0293490559419456,0.0295372156248206
694,0.059839046997938,0.026120963751783,0.0262619342181191
695,0.0540991193185588,0.0264389695599285,0.0265495050745132
696,0.0434900796859406,0.0175907911245239,0.0177488069684777
697,0.0436891320589292,0.0182473375610468,0.0186182173608718
698,0.0451135800449765,0.0157353811381324,0.0157631067079059
699,0.0490069751570069,0.0182123130539645,0.0183467376934517
700,0.0509207815590095,0.0206456768445136,0.020863638839903
701,0.0515264688266505,0.0222304728796194,0.0226014962044069
702,0.0550239205039442,0.0238202442818192,0.0244665230702069
703,0.0363894369340622,0.01696714990476,0.0163358521284989
704,0.0516107723924664,0.0214622931407495,0.0211860434610639
705,0.0657945102461591,0.0323667892117666,0.0322029943292656
706,0.081901433929954,0.0429087286017195,0.0425507836913539
707,0.0694816915159446,0.0384280562034137,0.0376537725669663
708,0.081477175475292,0.049427116383661,0.0487669728768
709,0.0904772740420652,0.0633522429293693,0.0626135391264104
710,0.125972070259727,0.0861536624668994,0.0864129868739885
711,0.212368832851345,0.148154060847114,0.150004820640162
712,0.31196338176466,0.21816886039447,0.220833285141881
713,0.39645929101055,0.268719793664424,0.271712272708609
714,0.510764907840373,0.165616117248212,0.18160502559483
715,0.180645495463237,0.0754423760950155,0.0776237866515945
716,0.346838800495222,0.11625251867993,0.109876774436754
717,0.298057020405727,0.0824455398891895,0.0816679832706454
718,0.236526073363587,0.101517215440763,0.100936988798077
719,0.245147038822306,0.133243254798977,0.133770003067352
720,0.247474710532254,0.0864091216690209,0.0857418069088767
721,0.267360979826841,0.0761779593227693,0.0763047925890461
722,0.236397934602509,0.0521877935222069,0.0523582361508764
723,0.201320034838094,0.0359049128641536,0.0357827753826998
724,0.285195282325311,0.037144167984912,0.0375505247327634
725,0.266070332652554,0.0453269746660842,0.045987624248007
726,0.245684392642063,0.0586187175271842,0.0594587523386626
727,0.286492231875026,0.064015724592883,0.0651086243185039
728,0.243715919406933,0.0645505835338911,0.0655361848836495
729,0.249297566182496,0.0455365171073301,0.0461891696240424
730,0.252233982464347,0.0490724319039776,0.0497133100580941
731,0.336987589895374,0.0367307393633908,0.0367820149422124
732,0.311993670020945,0.0375326878957041,0.0384952883775019
733,0.31049414490809,0.0459903065807836,0.046414476623294
734,0.204295422577074,0.0426608336366123,0.0435793759746634
735,0.233830082056882,0.0494821379916962,0.0511328812513038
736,0.260829497378688,0.0414505361225381,0.0435101381063494
737,0.244249946926311,0.043345870897361,0.0447779387198232
738,0.184492175135992,0.0237988282543336,0.0235181237737722
739,0.168972818794812,0.0262918071870295,0.0258652445336883
740,0.161649724913231,0.0302744867700647,0.0298838287045107
741,0.236754563372405,0.0514060649118448,0.0515249725708171
742,0.158909420583755,0.0369913043429916,0.0369690471655545
743,0.122862924883501,0.0281572026076247,0.0279392570293578
744,0.101845615310118,0.0260217157371103,0.0258050647115657
745,0.0892352132804862,0.0266624744016803,0.0263075802106061
746,0.0700099445769916,0.0239883629509488,0.0236075493136737
747,0.0768224007299651,0.0319170265356449,0.0315386585090626
748,0.0760852321999676,0.0378476484689888,0.0375451257730716
749,0.0657871522923488,0.0356727282282706,0.0354335147892262
750,0.0502225390313287,0.0351639764334414,0.0344538491664866
751,0.0405310568657333,0.0368653920477587,0.0363157534364397
752,0.0480662581543323,0.0438026960698453,0.0435619020635375
753,0.0287148137206067,0.024411491227557,0.0234738807372377
754,0.0361284205811657,0.0284157212430637,0.0272052468250733
755,0.0461439239488895,0.0277836773241041,0.0271823529937154
756,0.062106148335173,0.0473221763395343,0.0472293852819198
757,0.0587241563584217,0.0405237420034934,0.0406137511882552
758,0.0631506195563563,0.0338519256178659,0.0341804266677173
759,0.107767832731979,0.0448931553377144,0.048401327905306
760,0.0424416825310306,0.0270710996713489,0.0264959616587837
761,0.055760124761799,0.0336456062610009,0.0332332028695362
762,0.0630426919554611,0.0403351714764867,0.0399185827302679
763,0.116058522140061,0.0328566256778009,0.0324710511456442
764,0.108553760250378,0.0386396172894396,0.0381406543487823
765,0.0774339928751254,0.0246291067358527,0.0237221652131605
766,0.0905669223403894,0.0238954278229166,0.0226026012102362
767,,,
768,0.111806608838159,0.0240863540829016,0.0233085730174527
769,0.200407123163708,0.0285563112618986,0.0286066162197937
770,0.206123989417417,0.0347153534649828,0.0345529432878756
771,0.287513576203836,0.0551043946996018,0.0552059536572788
772,0.232031398480353,0.0503768767376677,0.0503364927023649
773,0.25508775491176,0.0633764476369601,0.0631968093039359
774,0.275080058324216,0.0832723330205288,0.0832634086467237
775,0.26521830543243,0.0838418170876571,0.084045473542409
776,0.251304276502427,0.0520037379710403,0.0507117406128237
777,0.211838672155361,0.049614145215152,0.0486732526752061
778,0.258599758049403,0.0459351348453393,0.0465443758680158
779,0.175633611044775,0.0384520203320731,0.038565746796518
780,0.225972531595273,0.0463243134668622,0.0455158667995932
781,0.180878369976823,0.0444068391148689,0.0441354430248455
782,0.243753917497252,0.0605105360033378,0.0612529994129624
783,0.2880632914789,0.0656301038724716,0.0680010601934019
784,0.274622984468525,0.0664826502696227,0.0669266592441892
785,0.358430666946534,0.0918569925691572,0.0931670475619438
786,0.22958081830626,0.0644341419029368,0.0635815658243289
787,0.225441102072357,0.0623047447557931,0.0608316361953277
788,0.147585099785861,0.0381318646076829,0.0367224138673731
789,0.206920663504535,0.0476374857525503,0.0469606504543799
790,0.295267306473612,0.0639208970191542,0.0653444340672813
791,0.183576962420505,0.0623576506040358,0.0625739312069789
792,0.275645918565983,0.0805146529578831,0.079816449274118
793,0.145959220166694,0.0526631384647592,0.0512616264233224
794,0.159483983293442,0.0556067383687611,0.055042064493269
795,0.137822955620592,0.058166516913672,0.0572780364147459
796,0.190724568262954,0.0796524964415211,0.0793660618975738
797,0.234375017619024,0.0859892225583369,0.086489024817288
798,0.308952978864191,0.100821961597056,0.102251412624747
799,0.277404309057923,0.106060727957579,0.107825215431971
800,0.19489159274896,0.0814297943783041,0.0809114683486275
801,0.167571476878726,0.0657387323532326,0.0650638078504961
802,0.14554458178223,0.0560375190920648,0.0551108419362174
803,0.261983135954589,0.0926894698916361,0.0944943294479455
804,0.335098933763065,0.112406972461421,0.123671861770435
805,0.228635707620318,0.0883010990013161,0.0893061334890493
806,0.376071252715419,0.138216860027505,0.145687068595907
807,0.164959753050647,0.0843628428918393,0.0853603327004912
808,0.157204595335606,0.0752813015909896,0.0750478348917883
809,0.122522015790814,0.0601610450872157,0.0578281745372642
810,0.18400055212047,0.0830611725805097,0.0828646204720257
811,0.233291564380709,0.100941974199025,0.100294459574812
812,0.224067316433516,0.0978891584809195,0.0978743607713684
813,0.247853258900559,0.103857564735996,0.105524331341216
814,0.244163937517818,0.111474145117909,0.112375454007148
815,0.161551450941008,0.0722729125709145,0.0731299376998749
816,0.105144154617523,0.046024785097729,0.0455047876988948
817,0.139932735808195,0.0613897047745378,0.0615653014298704
818,0.192955287182176,0.0861058764037865,0.0856910210276075
819,0.186991642747061,0.0843954812535488,0.0845023713362202
820,0.178973500996832,0.0858375234924558,0.0871647607488454
821,0.176247465649194,0.0892248646883456,0.0893744314918544
822,0.113957081991197,0.0572103078831791,0.0570262404736878
823,0.122159309465887,0.0569576837326053,0.0567383664785931
824,0.170432261833138,0.0835324469215231,0.0847597811085818
825,0.22785930196818,0.11756629948459,0.122438913391205
826,0.199906474162251,0.113971074404116,0.114835045816032
827,0.226522738550761,0.137748370253809,0.135189573253274
828,0.2330865603002,0.141391202360899,0.13909669657465
829,0.0863068953531379,0.0431331052156965,0.0388277172904678
830,0.121399391227856,0.0455280633643144,0.0440436359042863
831,0.155647787330866,0.0646000929640361,0.064948397557819
832,0.21648313801394,0.08570259479301,0.0902978795976787
833,0.213149290775671,0.0923368580669933,0.0936658881814897
834,0.223515502157933,0.0927738015894552,0.0935555264270201
835,0.17088931637725,0.0700074167794635,0.0700678733003258
836,0.0900194895908068,0.0298557291304434,0.0292893677172089
837,0.099414565426877,0.0311968888838808,0.0315474090648273
838,0.14259742535982,0.0531198205314648,0.054425179143309
839,0.147332507086789,0.0582620909321848,0.0600025031420012
840,0.178997410131305,0.0746459399255738,0.0756982597225931
841,0.198552846104124,0.0818020333794451,0.0831488665134535
842,0.180121329294409,0.0825172837020792,0.0832126637950233
843,0.115822868746626,0.0245514159302382,0.0246868198456941
844,0.178454092029336,0.0437289619122246,0.0453133914206031
845,0.267103723758924,0.0848947363315457,0.0851057053362119
846,0.268453637054185,0.0855806673769125,0.0861252632903973
847,0.252413499902948,0.0941387065772665,0.0943410264424441
848,0.236651203272043,0.0735231766067779,0.0744082741780474
849,0.165831793850796,0.0555771591460225,0.0555927290811162
850,0.106308697067038,0.02489658652016,0.0243137531723962
851,0.101287923056314,0.0250385798585535,0.0252263056720374
852,0.120725741525585,0.0397775316605238,0.0404059167422767
853,0.145201370801791,0.052504850707704,0.0544443579356188
854,0.170787851942667,0.0633937352712018,0.0624298863407814
855,0.188992163430563,0.0723792311478443,0.0723762094403442
856,0.185489912291362,0.0776959274286149,0.0768538331890707
857,0.11034991879495,0.0193088970636331,0.0190971781215598
858,0.147781416831038,0.0319393291482372,0.0322249847816651
859,0.149384120523583,0.0461830180347686,0.0444910707291607
860,0.16275100935117,0.0501837289181709,0.0495996185130167
861,0.168140804933947,0.0575578289738241,0.0578117957504124
862,0.181485140023734,0.0612961231067314,0.062002696826554
863,0.177850923574893,0.0664234877550872,0.0676016481258611
864,0.1010404185693,0.0290718399354678,0.0284928031523803
865,0.107024384879111,0.0312484579632566,0.0309314358078738
866,0.126110103548001,0.0436513190650035,0.0437035386892712
867,0.115547154916294,0.0551906305833105,0.0554079590285988
868,0.131722526510521,0.061748766105289,0.0621222669698574
869,0.148435904889614,0.0666276500706491,0.0675147966844748
870,0.153617527892959,0.0759171178030193,0.0781503616145557
871,0.0673356834931352,0.0230801894935177,0.022873075830258
872,0.11256997168547,0.0387301789730144,0.0389497040953903
873,0.119778268003333,0.0489265317085354,0.0492821257598385
874,0.191065864159123,0.0551453192478117,0.0552947782039867
875,0.163646726415686,0.0548732627067159,0.0556331792617199
876,0.144759605607898,0.0506330559684543,0.0501251477618409
877,0.129210700008084,0.0477710066578897,0.04691957379962
878,0.0742111599951282,0.0187816087671525,0.0189726389862005
879,0.0755693597313126,0.0192040455444336,0.0193428825075633
880,0.0926935242418402,0.0300012342274229,0.0303102022234544
881,0.101605829698064,0.035859609411489,0.036163191706221
882,0.113696879305007,0.0429551269212291,0.0431189201229141
883,0.124626869441521,0.0509640270195445,0.051168053554543
884,0.132476895382157,0.0609289015563199,0.0612815137476668
885,0.0575888158204067,0.0146529216318822,0.0146966635418799
886,0.0851719148253188,0.0217872940551708,0.0221465632193072
887,0.0960260523184269,0.030445854819263,0.0308445084949405
888,0.125178533983495,0.0548652135090789,0.0552947714814605
889,0.122024217396661,0.043315771477508,0.0435375713127657
890,0.116096646356615,0.0418537307146851,0.0419624982612708
891,0.111191337907097,0.0437845604788292,0.0436321114130088
892,0.0571675774393373,0.0172685015954744,0.0175234088738108
893,0.0595744991663065,0.015338417106992,0.01535316442807
894,0.0737936160763701,0.0243437438744577,0.0245280849030138
895,0.105965402441821,0.0392137273334239,0.0396870560702954
896,0.094714537028799,0.0411444897874057,0.0418215640726626
897,0.120803661601958,0.0525729892442565,0.0530510425282048
898,0.11699740425115,0.0547735682046348,0.0551780974440734
899,0.045472917359772,0.0152362051008621,0.0149914478248316
900,0.0654746806953574,0.0177675567010093,0.0180175618086786
901,0.0738331972942615,0.026347618040082,0.0267637937571542
902,0.0986105184327057,0.0425055919094741,0.0430542753310595
903,0.109258988242403,0.050081524447344,0.0504116313268737
904,0.111700650686713,0.0525643755677987,0.0522859083191383
905,0.105665512943705,0.0536321463993177,0.0533723735366631
906,0.0582117929772026,0.0320418526152694,0.0318934387460484
907,0.0715120774778217,0.0340691311419018,0.034379855442277
908,0.100999452709048,0.0494775450710007,0.0502118468695551
909,0.123420487388303,0.0409963603864142,0.0419149380305191
910,0.157649509962717,0.0572472874582317,0.0581904779933498
911,0.125475848919605,0.0514514292452141,0.0519306268536848
912,0.134227018585711,0.059395843843056,0.0599317248255234
913,0.0536634616986605,0.0167119238946813,0.0166187431963579
914,0.0751833506375859,0.0179737835012889,0.0180376818908024
915,0.0818565856403757,0.0245330299122686,0.0249314232817723
916,0.0843767365234948,0.0294300810793302,0.0299001816246607
917,0.0893156856296102,0.0369366740552662,0.0377048576505257
918,0.0987108407612284,0.0415091282197427,0.0425805870793334
919,0.101931162795906,0.0481966063731759,0.0496327551403191
920,0.0358843960636847,0.0168562409055512,0.0156786174153254
921,0.0366364498838374,0.0120276185929804,0.0119598822586292
922,0.0514047337418619,0.019333707200313,0.0200457037388845
923,0.0656763403585982,0.0252934827841718,0.0256749842736466
924,0.104788093868346,0.0399400657955185,0.0405898593780007
925,0.116859292094681,0.0488425904869201,0.0493917921491171
926,0.135726793113184,0.0607357100947301,0.0610904467965693
927,0.0530636594095359,0.0220656495947007,0.0217472186981746
928,0.0705563987384643,0.0221518800451188,0.0222379078076827
929,0.0818878314819314,0.0310679236596296,0.031241815107339
930,0.0769837199557766,0.0302526695742427,0.0302468622630004
931,0.0886498100182568,0.0357095414225625,0.0359356580982433
932,0.114246424704239,0.0475092578148774,0.0478152831740879
933,0.0789426053659996,0.0384386006786774,0.0382235295565675
934,0.0323737803362114,0.0161455072255593,0.0161320542265629
935,0.0318253995881863,0.0107659721583012,0.0108274363360612
936,0.0459031577006032,0.0173074889468934,0.0175262206993589
937,0.0493609336977833,0.0202091587710598,0.0204569885421335
938,0.0724884090746087,0.0317481005544068,0.0321815148186343
939,0.0861497670045425,0.0399424872085355,0.040249886777064
940,0.0953046581977475,0.0464435666345955,0.0464755962622242
941,0.0316172576975568,0.0176534404684899,0.0174893321527297
942,0.0348274311722841,0.0115763433200397,0.0115235253576797
943,0.045226882088896,0.0173977176209701,0.0175408733400785
944,0.0663363966277131,0.0277077601517941,0.0280121183309943
945,0.0669959749866212,0.0320864186765236,0.0323950138826572
946,0.0706579527958538,0.0360403474627772,0.0362602582552146
947,0.0753845489110234,0.0418461545116303,0.0415091665887353
948,0.0369471981964732,0.023614639702457,0.0232545592387391
949,0.031166279158506,0.01300347693002,0.0129264355719
950,0.0465707575445226,0.02032030024155,0.0205077548386182
951,0.0666437601803317,0.0309836927514846,0.0313360344805408
952,0.0948590844789667,0.0417495690757444,0.0423582759223565
953,0.11558454710137,0.0498728128238281,0.0507094381828576
954,0.153862846422391,0.0704834908743528,0.0715342203439674
955,0.0653732806239566,0.034648418859637,0.035741071340707
956,0.0429790640390252,0.0159988609992283,0.0151482401969575
957,0.0519022312359683,0.0208216475403951,0.0197000763665766
958,0.0646909316788015,0.0277729593688231,0.0277271263498422
959,0.090984804264648,0.040695353328347,0.0408688784196157
960,0.0832986900378985,0.0406598030887513,0.0408714330535989
961,0.0912278484674623,0.0467884899859171,0.046925301326623
962,0.0346341398440946,0.0215968260304421,0.0216263260192984
963,0.0260195143394129,0.00958259502928089,0.00958752245077694
964,0.0398819326851898,0.0155774586131725,0.0157838922524848
965,0.0735843553106248,0.0277298688108791,0.0283458570790737
966,0.114949758249627,0.0475217148099852,0.0481205148924242
967,0.0990396169432399,0.0432720404069663,0.0432827904014497
968,0.128514539023455,0.0594939952774884,0.0585897101474523
969,0.0630411117025243,0.033550900650215,0.0329752650152055
970,0.0377329230920833,0.0149767935324548,0.0148296069756584
971,0.0509635514116347,0.0234129505529107,0.0234981962924054
972,0.0735826491874555,0.0395225428477656,0.0396639540499637
973,0.0767345493240047,0.0411677070306175,0.0414087375837208
974,0.0826387770465473,0.0446467870452627,0.04475382996083
975,0.0840238113563159,0.047923902775823,0.0479997312498678
976,0.050617442664833,0.0315917424598715,0.0307794092312068
977,0.0394200420567408,0.0157139823059812,0.0150210049034788
978,0.0630045966604214,0.0237535812828079,0.0238424179111246
979,0.0933951713295463,0.035496527015794,0.0358258683311148
980,0.0956043252361347,0.0371925365944509,0.0377871284905469
981,0.14621547672316,0.0582177417654293,0.0586744939278452
982,0.142066219618801,0.0598515363783442,0.0599960404926565
983,0.104635168704555,0.0459133405610715,0.0460404415173198
984,0.0490291117056315,0.0181119384031988,0.0180728117999885
985,0.070401015632393,0.0276637594040448,0.0280177100022815
986,0.0918067221806818,0.0383035997164205,0.038675722653776
987,0.116198458495132,0.056259288944198,0.0566434032607688
988,0.159372058204404,0.069630136918361,0.0693866054234164
989,0.0912284794971936,0.0506996523725077,0.0501642284125952
990,0.0572697954185348,0.0354331257217504,0.0353189060324266
991,0.0428033383781247,0.0169310174866142,0.0167177333874553
992,0.0675380697993525,0.0253276729704136,0.0253747748661894
993,0.101844303851573,0.0390637458480422,0.0393733557798728
994,0.179635690472902,0.0584273585912236,0.0591340728077034
995,0.176573546652809,0.0610367377301375,0.0615501014145542
996,0.188284226583409,0.0715877372591762,0.0716429902540556
997,0.155954625377537,0.0636429772596254,0.0637642684265533
998,0.0568954952893724,0.0195339603024585,0.0195028601640184
999,0.0847781966774598,0.0330709886005763,0.0334341930093152
1000,0.125150324501524,0.0535081405374945,0.054287715620969
1001,0.133574974065635,0.0654820502618486,0.0661558890596121
1002,0.146167945162907,0.0650349622068844,0.0657039232103375
1003,0.115062606557001,0.0581168062981849,0.0582420516998373
1004,0.0668078182290219,0.0367926618143154,0.03645689173285
1005,0.0525657735967942,0.0184750230763398,0.0180846517344942
1006,0.0879450321672393,0.0312705626868226,0.0312827053254862
1007,0.130603745120047,0.0464100515616941,0.0466434059181229
1008,0.186094416696427,0.0704022232297939,0.071158545755515
1009,0.183216270535054,0.0722014511531664,0.073438432392641
1010,0.223571130753812,0.0931553879677804,0.0934588079200054
1011,0.143291736902328,0.0634961322557149,0.0630573695613379
1012,0.0725472245352672,0.022731093210456,0.0225840301149992
1013,0.103311376525669,0.0380382200315207,0.0384506412194144
1014,0.141416798461698,0.057789412085299,0.0584560301257893
1015,0.172592722012407,0.0771922198621245,0.0781010254077015
1016,0.116730763767705,0.0569071150447707,0.0571200663602385
1017,0.102190030989059,0.0533463862106348,0.0532110833784973
1018,0.0622353335219548,0.0314195459467825,0.0304752809728508
1019,0.0608392169101493,0.0237366112214378,0.0233470471988472
1020,0.0868593996557083,0.037524035569402,0.0374858432852513
1021,0.108804956250336,0.0509108452339572,0.051009725506948
1022,0.117832203277963,0.0558945967915733,0.0560160783767943
1023,0.139507422337442,0.0695433131064226,0.0698145003379888
1024,0.162568740889133,0.0762529755446822,0.0771104085208747
1025,0.0568486508344839,0.0281958884334732,0.0281473013673227
1026,0.0779347213772128,0.0264556610197784,0.0269171533641064
1027,0.101990920793765,0.0414204800331498,0.0421228276185628
1028,0.125367666318044,0.0570223521913234,0.0574010234012138
1029,0.13588365849782,0.0666770912688656,0.0675735424434459
1030,0.137869048710142,0.069955297950665,0.0702187681843421
1031,0.10973712688852,0.0486794455519831,0.0489125466972492
1032,0.0642430191836564,0.0269093316572428,0.0271066614350526
1033,0.0678252135774311,0.0267412128094557,0.0264521565351579
1034,0.0905547254440489,0.0382035251906697,0.0383845471691036
1035,0.107277216658102,0.0461664912688559,0.0467445944627295
1036,0.133954183366501,0.0624881688537249,0.0633318812189594
1037,0.142336213309679,0.0710130634604392,0.0715940195114832
1038,0.10624319360594,0.0517009724260119,0.0521189261273803
1039,0.0497018219208175,0.0227764142377345,0.0228760653168648
1040,0.0672556883202658,0.0231315977435925,0.0234416334381811
1041,0.0868156727845634,0.0357373461915315,0.0361832689191994
1042,0.107673198997696,0.0496109164558264,0.0499798359242265
1043,0.117353660460993,0.0550953295514462,0.0554587409067413
1044,0.124151484941541,0.0552036103523865,0.0557020320574956
1045,0.104518960014465,0.05183906840322,0.051998200764259
1046,0.0761535811629781,0.0366401906419554,0.0369693420801485
1047,0.0999279384657669,0.0457467069479664,0.0461940794714688
1048,0.144186536677218,0.0720875305807362,0.0727458676860499
1049,0.136051433643944,0.0684708613902645,0.069297359562675
1050,0.137288250116394,0.0706067825585394,0.0712143975113009
1051,0.184149310934145,0.0866416636142377,0.0872731509614142
1052,0.177200921570947,0.0788581073290953,0.0792866978875372
1053,0.0819818890670456,0.0334152964320207,0.0337867039684895
1054,0.109912990216505,0.0359325180827069,0.0363950820306001
1055,0.131922533492554,0.05126867024729,0.0519355769126025
1056,0.130060490119627,0.0629311454868218,0.0637749841297741
1057,0.143931075528296,0.0740676123344764,0.0740481746520255
1058,0.141334949962484,0.065469047775309,0.0657139084483004
1059,0.117413747346336,0.0480796188170865,0.0465572445051621
1060,0.0674267108058861,0.0201229512479596,0.0167308642408168
1061,0.0622564068246861,0.0155739170440472,0.015486069735679
1062,0.0851555790400773,0.0272876822160508,0.0279287277919227
1063,0.100128752537263,0.0390941673974007,0.0396632560067057
1064,0.112428280466708,0.0470958574833604,0.0477875194518317
1065,0.140872162215528,0.0553394149462503,0.0559893035041098
1066,0.134995253529394,0.061995887289678,0.0624837408810341
1067,0.065031958117466,0.0233845729098915,0.0234888145713372
1068,0.111754303990594,0.037672175250712,0.0380955040475144
1069,0.129972697369634,0.0534116164896813,0.0539996903016639
1070,0.14792611812988,0.0670383893930562,0.0674480356079172
1071,0.132367304576409,0.0683107502130462,0.0686841441852741
1072,0.156231171637656,0.0509790724432424,0.0504163854351565
1073,0.153994130315598,0.0532582013437403,0.0532747103900604
1074,0.103328027754611,0.0317189597937635,0.031530154199689
1075,0.0936724996997284,0.0280210120904043,0.0280121903352296
1076,0.111876876997554,0.0399425831649993,0.0398318051191991
1077,0.135914566540156,0.0598753144292504,0.0602078785089315
1078,0.157117498402652,0.0682483205846174,0.0683216393960066
1079,0.072335639972354,0.029779688676483,0.0299824197589597
1080,0.0769603594330686,0.0282340868033111,0.0283565817471192
1081,0.0969125109964725,0.0422338204616377,0.0425334691782342
1082,0.0744435161773514,0.0379372797107181,0.0381531334147839
1083,0.106741833825395,0.0603438386768618,0.0606985209477758
1084,0.140684210895639,0.0831045991840789,0.0838766972477775
1085,0.172354395102572,0.107215041974986,0.108195451278846
1086,0.120917230388649,0.0422405327225583,0.0425565889740899
1087,0.0886788846398983,0.0366350697164154,0.0366873292883425
1088,0.218465279614213,0.0590224110289604,0.0593847026156842
1089,0.101257240506411,0.0305954066056218,0.0306904345145265
1090,0.114135600837381,0.0420765783645265,0.0421881980665094
1091,0.142740561313028,0.0616662803607379,0.0619049534103881
1092,0.133866747491698,0.0560099792327051,0.056046843495032
1093,0.0899590826783156,0.0447930468025887,0.0448262033264499
1094,0.0672967746299579,0.0268659569871321,0.0268980491355867
1095,0.0685290549525526,0.024944950482592,0.0248981213202161
1096,0.07187437100788,0.0272919849490445,0.02742146815842
1097,0.105138852136894,0.0456251036042325,0.0457441228811526
1098,0.161179175765791,0.074011000910097,0.0751775502057373
1099,0.143237745076858,0.06930024463271,0.0703232003123846
1100,0.10346197549645,0.0447248880551703,0.0471939317953411
1101,0.0654855469019834,0.0270089069509284,0.0272868066382475
1102,0.066612725163777,0.0210843298765711,0.0211213303146306
1103,0.0841391309896769,0.0320518246832833,0.0314944979842936
1104,0.109539257543801,0.0478691558814189,0.0478244081004353
1105,0.145796630608011,0.0723786010304243,0.0723417610779886
1106,0.161315840696477,0.0858174464266067,0.0860048186897474
1107,0.145890994173241,0.0837710420638428,0.0797715329316031
1108,0.0931847639538292,0.0517533603822526,0.0510310168055504
1109,0.06554008885729,0.0370243631696456,0.0368835478332858
1110,0.0742385950543823,0.0298449476048168,0.0301206689439124
1111,0.110417549124633,0.0450344849162211,0.0456642779573109
1112,0.164339621352733,0.0733239394349828,0.0741813934326474
1113,0.166418357627665,0.0676554690304583,0.0684917997953984
1114,0.203257670256256,0.0733056487563792,0.0740076234401416
1115,0.206429107582449,0.0854028765121998,0.0858192665252539
1116,0.135660950770482,0.0572641850951375,0.0582137311783817
1117,0.113042623986246,0.0423583270188534,0.0433140045220687
1118,0.14902804487614,0.0642810331654124,0.0648372585832167
1119,0.194707071416886,0.0948138247000863,0.0957303695663267
1120,0.187147639049322,0.0974751808146743,0.0970206696046456
1121,0.143076196098153,0.0794143564324812,0.0793724400236707
1122,0.118022465797411,0.0558712858199863,0.0559192562569371
1123,0.0624650135472835,0.026899662642466,0.0267466369763041
1124,0.0769034808453642,0.0218359902227645,0.0221563677177615
1125,0.127326026984233,0.0424179961839002,0.0430850419448553
1126,0.188986101528981,0.0721760492237674,0.0732346637741709
1127,0.216491600035647,0.0895973248023553,0.0907490328061879
1128,0.199750987988186,0.0844816683838272,0.0849841947615972
1129,0.167899275395747,0.0762152792042424,0.0765391073638399
1130,0.0790069175471893,0.0408364527591912,0.0410387622543099
1131,0.0826993641462875,0.0370865077204004,0.0369730247878668
1132,0.10483218790251,0.054102306696102,0.0543718334447383
1133,0.12943582554879,0.0711172620563386,0.0712600211066088
1134,0.11951464487847,0.0677811460955795,0.0682101162368634
1135,0.111208780402968,0.0497698446294962,0.0497449848437038
1136,0.13287851274162,0.0599095336593711,0.059788147327616
1137,0.122003319643479,0.0534307799487055,0.0537056955921012
1138,0.181094731040588,0.0785360529877251,0.0792088486034126
1139,0.277752909005894,0.131372296614785,0.131925142535488
1140,0.172930886689871,0.0907367481159473,0.0911277003640531
1141,0.219467210054841,0.121461900619112,0.122165937579089
1142,0.21996179345803,0.0910814991419242,0.0917443348593015
1143,0.235328471122443,0.105837521508632,0.106417343823639
1144,0.101508232778942,0.0371284938423038,0.036987860268129
1145,0.147345699406438,0.0459887487328702,0.0462782265610027
1146,0.153102211774424,0.0562925549236302,0.0567455846708554
