cutoff,lm.mape,slm.mape
53,0.049348632245211,0.0493486322452113
54,0.0206647539810063,0.0206647539810078
55,0.0286939671981955,0.0286939671981909
56,0.087666043740486,0.0876660437404851
57,0.0652242003162602,0.0652242003162612
58,0.0542068866953401,0.0542068866953339
59,0.0857359331160733,0.0857359331160727
60,0.068978592806319,0.0689785928063184
61,0.0651128585766303,0.0651128585766301
62,0.0693790243287759,0.069379024328776
63,0.0744842038677435,0.0744842038677439
64,0.0719486064617679,0.0719486064617677
65,0.07940249374276,0.0794024937427575
66,0.0900579817424203,0.0900579817424226
67,0.0850904463703946,0.085090446370395
68,0.0805386617179015,0.0805386617178972
69,0.0812514849670341,0.0812514849670332
70,0.0686164049757992,0.0686164049757969
71,0.0690269281727074,0.0690269281727078
72,0.0763122650235947,0.0763122650235967
73,0.0805548282714154,0.0805548282714122
74,0.0750040707573042,0.0750040707573037
75,0.0667170050288761,0.0667170050288738
76,0.0655538845741396,0.0655538845741392
77,0.0651657206235211,0.0651657206235207
78,0.0638109869062123,0.06381098690621
79,0.0643102498143737,0.0643102498143734
80,0.063295152110694,0.0632951521106919
81,0.064867351773316,0.0648673517733157
82,0.056829625406228,0.0568426905299496
83,0.0557666281407241,0.0557590376450195
84,0.0550158935926882,0.0549976792638759
85,0.0543375532464826,0.0542029145194746
86,0.0528252273882852,0.0528337129633103
87,0.0538131403523318,0.0538199519964792
88,0.0500226137209625,0.0501607950120687
89,0.0478231325862737,0.0479503442912883
90,0.0458382304956244,0.0461872285762386
91,0.0431202447429858,0.0436997023822378
92,0.0430482460655023,0.0438059168202617
93,0.0412207155853462,0.0425825403397375
94,0.0394636019814026,0.041550767244376
95,0.0391306650580082,0.0418602632702839
96,0.039720505007797,0.0433415889093485
97,0.0388853873037109,0.0432196220105264
98,0.0391786519248032,0.0441091706414948
99,0.0389440875352241,0.0452036177631664
100,0.0402761231181239,0.048022122922353
101,0.0403433762204191,0.049000761205909
102,0.0381972301655098,0.0483850063834497
103,0.0372265050026442,0.0478143013181797
104,0.0390935366714705,0.0487403906757014
105,0.0392564726039251,0.0489348071869809
106,0.0390245034673999,0.0486177429952324
107,0.0378999303019434,0.0467761728170552
108,0.0371887473706527,0.0453802359773072
109,0.0351652302949872,0.0423703555129917
110,0.0354681534205997,0.0409847208690839
111,0.0362531608560334,0.0419597249056896
112,0.0376529794360254,0.0420018805224367
113,0.0371215109538234,0.0425289355003553
114,0.0368684810327498,0.0421319332708678
115,0.0361301608957129,0.0418022333129516
116,0.0353245964842588,0.0418419225699521
117,0.0366651368267968,0.0429408940623857
118,0.0370560472518857,0.0434142002467917
119,0.0368374395806878,0.04404196826342
120,0.0378033523779289,0.0448292403002975
121,0.0377329874217522,0.045031881086019
122,0.0359823537851077,0.04381764628025
123,0.0364516075299754,0.044749738843249
124,0.0367482025277963,0.044997904011978
125,0.0363986721493663,0.0452190746534237
126,0.0368249821087492,0.0457927886001581
127,0.0372795702679961,0.04597336722387
128,0.0373128185062392,0.0440393819088635
129,0.0388896717626504,0.04476018239084
130,0.0382884215208453,0.0456759907242947
131,0.0381370422585262,0.0463657173791304
132,0.0378478383172447,0.045828289387073
133,0.0388142626050157,0.0463017625718911
134,0.037754043995267,0.0455556819599402
135,0.0371268767327145,0.0438294170780472
136,0.03830772094995,0.0418061471706717
137,0.0376866564218651,0.0420377673052164
138,0.0375229145731761,0.0423941348477684
139,0.039281601550382,0.0440248395301608
140,0.0385704942161342,0.0429756442977884
141,0.0381715277505454,0.0437943269300615
142,0.0374458957309457,0.0440778748019979
143,0.0376158758332319,0.0446611392368766
144,0.0375834335323095,0.045000405251571
145,0.0384206762613082,0.04638469315309
146,0.0389109986177672,0.0470191389108834
147,0.0382610860502738,0.0471259457692072
148,0.0398974010027311,0.0482813392867725
149,0.0388814623198619,0.047769355436163
150,0.0378778821751882,0.0474834016832014
151,0.0364894054638481,0.0471367875615218
152,0.0371423613748136,0.0467269962875286
153,0.0381351081357647,0.0460496722094576
154,0.0385497031006951,0.0475204225381019
155,0.0388654377051391,0.0458308606411454
156,0.0398201170710756,0.0457853909921512
157,0.0376776607211067,0.0443370959399479
158,0.0379291660735647,0.0435868037062559
159,0.0406010330486149,0.0445717743394728
160,0.0390566467508465,0.0433173838962588
161,0.0401827704943371,0.0427314360084708
162,0.0407564777799809,0.0423041754573551
163,0.0386770523119113,0.040474984890338
164,0.0369833577427254,0.037894110104606
165,0.0369828852377753,0.0372229409169076
166,0.0383531284268562,0.0370913375778648
167,0.037609540759555,0.0353315394388317
168,0.035622548641791,0.0348286311932311
169,0.0350847050024475,0.0341785973976652
170,0.034587694360517,0.0341502474871944
171,0.0346172580860952,0.0345458974589658
172,0.0325098428981692,0.033644701978636
173,0.0317663702301818,0.0329723663834196
174,0.0320891563818565,0.0325073557656948
175,0.0324846767217046,0.0320739043259508
176,0.0327961808352458,0.0315699845859437
177,0.0314898569048057,0.0305003922027343
178,0.0309050509752468,0.0298234021317779
179,0.0304232351242012,0.03006419695358
180,0.0309982646158708,0.0309867704359808
181,0.0315782841974529,0.032269272784331
182,0.0321031241546101,0.032286168935863
183,0.0314043887550839,0.031821574892267
184,0.0310050534354441,0.0314975678697717
185,0.0298439670652593,0.0304758899374946
186,0.0289760944991981,0.0298604847421934
187,0.0282305688097876,0.0287125202841406
188,0.028594721365106,0.0286894639339625
189,0.0295217688817443,0.0290350265749376
190,0.0285646505135486,0.0277816418868049
191,0.0283225561792838,0.0272542089393719
192,0.0273635878305713,0.0269227796796792
193,0.0270947689893344,0.0271489432602015
194,0.0272109861374016,0.0277116187525032
195,0.0280634909436882,0.0286619985106464
196,0.028293271622503,0.0294068545405462
197,0.0283917920625681,0.0300466959563353
198,0.0281227100199665,0.0304710773751331
199,0.0282419960260313,0.0308431817518084
200,0.0271192685991572,0.0306271462176068
201,0.0267007024963405,0.0303056831513166
202,0.027093105486635,0.0305856555378446
203,0.0275078369221913,0.0309001268417296
204,0.0273613492436296,0.0310984638141981
205,0.0267091982904197,0.0304293768862791
206,0.0249242525276827,0.0296078531936953
207,0.0254216053423273,0.030679000894911
208,0.0265985480973267,0.0322579095395225
209,0.0272050484898313,0.0331381749030488
210,0.0273980787005158,0.0340548870213615
211,0.0281460022122226,0.0353004387097785
212,0.0280909164391949,0.0361460037223321
213,0.0277062483696544,0.0364402075880973
214,0.0276349707665637,0.0372624403963942
215,0.0273336796524051,0.0374182735494467
216,0.0282797619364508,0.0382473774629603
217,0.02817100087374,0.0373077353364051
218,0.0282553522064919,0.0366565153579517
219,0.0281370829180285,0.0362065383590934
220,0.0284752577208844,0.0358145122520359
221,0.0284246250236933,0.034930550871251
222,0.0285799820474367,0.0351984029122421
223,0.0307221093800684,0.0365157912368059
224,0.0303292645109773,0.0372213218119462
225,0.0306181944700414,0.0380771337994702
226,0.0295743308672214,0.0377606389662723
227,0.0300327856962078,0.038604861882199
228,0.0297567952076165,0.0384081205562728
229,0.0316861125615763,0.0395002494404564
230,0.0323378698806135,0.0390491684492385
231,0.032467179805215,0.0391642834098096
232,0.032123750008682,0.0394966851609902
233,0.0300390563497308,0.0380730782971213
234,0.0290338024839392,0.0372715724775917
235,0.0277969749547307,0.0360757401301045
236,0.0293787891887553,0.0362780596850064
237,0.0310215106238951,0.0374272946587627
238,0.0319195049982196,0.0364092508626553
239,0.0316347250188076,0.0364648652189973
240,0.0295808425768768,0.0340019077836283
241,0.0280323621957937,0.0320210635295671
242,0.02782674773527,0.0324649019085973
243,0.0282303420000164,0.0321469506003549
244,0.0305335042148119,0.0331388387435855
245,0.0326110687736274,0.0346626166846612
246,0.0319339556895199,0.0343002870537852
247,0.030635919398582,0.0345384174188857
248,0.0290555016571442,0.033211822793727
249,0.0305454190231343,0.0333052017778397
250,0.0306243004439997,0.0343407165440453
251,0.0331817443835953,0.0356146007339885
252,0.0331009646235406,0.035032478277165
253,0.0323882989509913,0.0341361211480981
254,0.0326737422269179,0.0340937943940249
255,0.0306074330032023,0.0331450543811105
256,0.0293360213810163,0.0319596792583011
257,0.0309113814227617,0.032487102695794
258,0.0325002914831162,0.0309150402376174
259,0.0339318995027628,0.0324185521285408
260,0.0328891198241461,0.0323929380040529
261,0.0319524177058264,0.0312996938904364
262,0.0310255649441775,0.0310483195439412
263,0.0296579519978854,0.0311422317270319
264,0.030948560647567,0.031751427535659
265,0.0303196201968256,0.031333488684986
266,0.0314125682495376,0.0312931155424676
267,0.0311525992005616,0.0309531381723355
268,0.0302135585592289,0.0305510894604645
269,0.0304101482046685,0.0307953763390369
270,0.029915982582265,0.0315072367274454
271,0.0312858816160896,0.0324710022686313
272,0.0289345952870952,0.0292868706450277
273,0.0278983822359859,0.0288012671176392
274,0.0262450186257273,0.0278340427571122
275,0.0257371626437842,0.0269173263398161
276,0.0261680127960768,0.0267324370192401
277,0.0248500923557968,0.0248112158766717
278,0.0266356519611194,0.0243088364575214
279,0.0294611425981379,0.0244847126075565
280,0.025647409269875,0.024683487266906
281,0.0253989149267703,0.024822065780191
282,0.0251992421750299,0.0249994835218602
283,0.0260939280870386,0.0255266772570477
284,0.0253564630286733,0.0258768734768507
285,0.0273562578263205,0.0277883021721641
286,0.0296175014903946,0.0295221672022854
287,0.0253449933673462,0.0280085544639101
288,0.0248356347337494,0.0271733067731762
289,0.0244168081158979,0.0261893984044072
290,0.0240941039407422,0.0246994507720223
291,0.0247242291441932,0.0230758635273745
292,0.0270125545714664,0.022549633665273
293,0.0298061195594647,0.0233261850071297
294,0.0244057372580595,0.0231457633703176
295,0.0247769416041952,0.0235738201267871
296,0.0247471879841323,0.0236810880274626
297,0.0229974055691271,0.0223660905653347
298,0.0227327997805282,0.0222683251694216
299,0.0232481958751963,0.0226416865680208
300,0.0239333259159393,0.0229528827117492
301,0.0240262056007988,0.0230644347957473
302,0.0246781830840783,0.023557586788436
303,0.0240162733920559,0.0230734740242451
304,0.0227819557785414,0.0226996336358436
305,0.0218527266427884,0.022266035355712
306,0.0213444577275972,0.0214141415607236
307,0.0215181746414129,0.0213135668524826
308,0.0219344197460808,0.0215735740583427
309,0.0217223031262905,0.0210357197974444
310,0.0219951783006793,0.0212243274530143
311,0.0215538020697407,0.0206506584735217
312,0.0205703884241914,0.0201836010461347
313,0.020774169590218,0.0211663669055346
314,0.0218229880340418,0.0224541045411812
315,0.0219244217531234,0.0226324274932888
316,0.0228616679794802,0.0239044064380039
317,0.0213138871441399,0.0223552396756215
318,0.0195214771539165,0.0205600230174975
319,0.0189613428155148,0.0202395439944104
320,0.018524389712037,0.0202803039162929
321,0.0187658307855398,0.020558207640397
322,0.0190018161126781,0.0208679847694522
323,0.0184951417254487,0.0210055118956252
324,0.0188814657226368,0.0218581575366132
325,0.0194388878235162,0.0226864767708586
326,0.0198475758898571,0.0235343121977646
327,0.0201232685904121,0.0246329888965199
328,0.0218880621197729,0.0264235325377153
329,0.0223066366949257,0.0271305619688532
330,0.023939527924618,0.0289939076940524
331,0.0244696140900426,0.030494992453262
332,0.0234020248468,0.0301666446104135
333,0.0215569078432848,0.0288388857063286
334,0.0201991940887823,0.0271707208908821
335,0.0208887020647355,0.027002472216278
336,0.0209776038689516,0.0266092699224258
337,0.0211181075480564,0.0261185113106851
338,0.0214195253704203,0.0256360648370763
339,0.0163758177674569,0.0216284249873776
340,0.0144733521030485,0.0215346348621176
341,0.0158695636401432,0.0237297678729083
342,0.0182390998277951,0.0264658657571871
343,0.0201344095946476,0.0290003599164312
344,0.0223369245191798,0.0315295522132708
345,0.0225557639027914,0.0330123867548532
346,0.018912279309692,0.0311455016763685
347,0.0160741952945801,0.0298771941760796
348,0.0166158347537449,0.0297546287108167
349,0.0190906587513177,0.0296633427766662
350,0.0213291172450658,0.0301621068628036
351,0.0224435066967736,0.0299472182121899
352,0.0237176501424448,0.0298582745133567
353,0.0268067035514101,0.0305721621272117
354,0.0197149620693819,0.027491542648204
355,0.0202098513478488,0.0261439960889872
356,0.0220079826234006,0.024528998611027
357,0.0230467587399108,0.0234524985351805
358,0.0245236675396909,0.0221834931723065
359,0.0244978932735994,0.0212121979781962
360,0.0265006625014933,0.0214788678961345
361,0.0169527796038838,0.0203363670142094
362,0.0164837643253789,0.0198369323981791
363,0.018060137609328,0.0202655029985048
364,0.0185096206689963,0.0196813569784823
365,0.0180764847903817,0.019018642826782
366,0.0175572999207556,0.0179405735783673
367,0.0161939062712765,0.017101289817915
368,0.0160005428326763,0.0186243068507174
369,0.016137385001098,0.0197114212439736
370,0.0177319600982099,0.0217802644415381
371,0.0193348583909122,0.0237126562378974
372,0.0192590030017691,0.0249450291024717
373,0.018979981128774,0.0262450297676859
374,0.0186868735240708,0.0277818494388252
375,0.0195633013930538,0.0305452718742615
376,0.0187287359865862,0.0322931782149686
377,0.0209508895118752,0.0353096119952352
378,0.0232962204292977,0.0387260961045921
379,0.0228383042379528,0.0413753383283196
380,0.0231782869020123,0.0440244664820362
381,0.0224246559084126,0.0457802432495169
382,0.0208684564094502,0.0460905819322301
383,0.0202755328083981,0.0461994351527473
384,0.0216138109677649,0.0471445755661466
385,0.0212914310970156,0.0459575338244351
386,0.021749554009285,0.0450358313724317
387,0.0217981457141163,0.0447827366315733
388,0.0207894610685189,0.044455115825265
389,0.0194414436715107,0.0441147147842971
390,0.0198907739088005,0.044673193141007
391,0.0197358619707338,0.043884228038517
392,0.0218085739511931,0.0452478469258234
393,0.023119619169907,0.046990467452899
394,0.0236325604793712,0.0482418738773553
395,0.0206536885674099,0.0498023288823702
396,0.0209022200820067,0.0517316269030676
397,0.0218937493973314,0.0537625756198964
398,0.0227601653123788,0.0546539967009833
399,0.0234156502429322,0.0559092823250706
400,0.0235550082943862,0.056246747608408
401,0.0231272524856406,0.0557929005009445
402,0.0233461652198249,0.0555741651546788
403,0.0221955409825699,0.0551090758903524
404,0.0247221982947859,0.0557902354996375
405,0.028295021268465,0.0561185637766929
406,0.0285472743557166,0.0553571516633403
407,0.0292619218615309,0.0546500973579006
408,0.0280154732393786,0.055489603487712
409,0.0272335077943686,0.0545379559339506
410,0.0260712044672786,0.0535780171340845
411,0.0296199499811185,0.0539606864241566
412,0.0382339228051189,0.0543660958510312
413,0.0357549367417264,0.0565697667299696
414,0.0368634219216087,0.0571220668386392
415,0.0353477829452507,0.0563631375837446
416,0.0344542993030004,0.0551662841218568
417,0.0349352491945499,0.0537176744112236
418,0.0361646133242926,0.0517935917704705
419,0.0446013084436234,0.0560838672894315
420,0.0464559911801437,0.0539021002480283
421,0.0417139325501727,0.0481325070323357
422,0.0388586418853474,0.0448514029596735
423,0.0355524274912027,0.0440415396084967
424,0.0345021177487921,0.0448382850784196
425,0.0346672023042602,0.0463384947001909
426,0.0294035462283584,0.0418240565232099
427,0.0321405904627022,0.0444428185784353
428,0.0311441012237231,0.0442490420480255
429,0.0311971973326984,0.0442248425738455
430,0.0283156080878076,0.0425598986969541
431,0.0276055406458561,0.0412140551684286
432,0.0296394306170721,0.04039190530977
433,0.0304608479965143,0.038794039099191
434,0.0339809804864805,0.0381227143954938
435,0.0327883780482367,0.0381422945948455
436,0.0334708991349446,0.0381165110517112
437,0.0328673550574609,0.0384723085001495
438,0.0354107989260659,0.0400374121426177
439,0.042174433109282,0.0447700710822437
440,0.0410117743504716,0.0450357474975411
441,0.0344965362625728,0.0438526572458867
442,0.0317597731987065,0.0419945117218591
443,0.0285615090163589,0.0410960613537092
444,0.0270839976290095,0.0392221699374639
445,0.0305307518251481,0.0373150205114721
446,0.0403701841332413,0.0359812872205095
447,0.0609859007185427,0.0327147906063679
448,0.0301173941232108,0.0326651844720929
449,0.0299816399949962,0.0318059310883922
450,0.0279757807019593,0.0302291667146438
451,0.0262762224239856,0.0289754455442705
452,0.0264374976159763,0.0290011384416147
453,0.0286417704170628,0.0295370562150788
454,0.0329206979685441,0.0312758641441637
455,0.0308789468062846,0.0318449455516686
456,0.0316204179719151,0.0327815135298408
457,0.026731548905865,0.0283427023594618
458,0.0257287434772362,0.0283125517507156
459,0.0243629013685541,0.028346989332818
460,0.0251574907635766,0.0291403495863484
461,0.0272027217363594,0.029790128240046
462,0.0276293354235728,0.0293855415908666
463,0.0272222529350453,0.0293580210324331
464,0.0252390640324364,0.0283468911965125
465,0.0246706508938958,0.0280201167878708
466,0.0229759614476999,0.0282941704217059
467,0.0252371004186334,0.0303931311562224
468,0.0273650493527486,0.0320859600040957
469,0.0275115763307526,0.0322645556853433
470,0.026927653232992,0.0325794447674276
471,0.0247730424964824,0.0323690094015369
472,0.023848289945025,0.0330438953065157
473,0.0226594230390506,0.0334271523046357
474,0.0254144414804822,0.0359334011439775
475,0.0278471823085074,0.0380663612224483
476,0.028591674286446,0.0397988423649734
477,0.0280636009826453,0.0393201877662262
478,0.0263796408888372,0.0388768415857301
479,0.0244790294380533,0.0386810506903784
480,0.0241228609928213,0.0390464408198745
481,0.0254528839945125,0.0397125640840525
482,0.028670567884975,0.0410910265874229
483,0.0290587767215008,0.0414453569903852
484,0.0286419966781081,0.0424941327865123
485,0.0285465090932315,0.0441802695420491
486,0.0276034893582084,0.0443780617332108
487,0.0299720304756195,0.0474472485662719
488,0.0253042485515656,0.0434383598234429
489,0.0285926265279237,0.0460198046540045
490,0.0287352683200357,0.0469949815472704
491,0.0281906280985106,0.0481554706368824
492,0.0276181591332903,0.0493447457754587
493,0.0255612743432227,0.0497508961777506
494,0.0259560298180052,0.0513330613031135
495,0.0280214325464543,0.0532403667891239
496,0.0291857498905893,0.0549764308719625
497,0.0289277753079891,0.0568805385792172
498,0.0282699119541267,0.0582742350655137
499,0.028215865700804,0.0601364619454839
500,0.0271983452613593,0.0616408301782844
501,0.0291942538811609,0.0657146369484699
502,0.0313166402408617,0.0675864590030072
503,0.0346693042363155,0.0682607007108278
504,0.0368192105042423,0.0691626642565036
505,0.0370804884798302,0.0700598116400948
506,0.0357206346276606,0.0696964321475828
507,0.0320317638165141,0.0674007458935045
508,0.0312330423715425,0.0672682176291937
509,0.0336712966839673,0.0686172492420615
510,0.0368634339014177,0.0694643313856788
511,0.0393707260254631,0.0704495040586136
512,0.0419366379052828,0.0714137302473727
513,0.042790458514666,0.069242723900845
514,0.0355110103567624,0.0687665268395788
515,0.0331053056521889,0.0685876993216997
516,0.0368927246244489,0.0709724369697613
517,0.0406263912755812,0.0724419416755548
518,0.0424306860137062,0.073146538294063
519,0.0428637962860158,0.0721251782652556
520,0.0405104739450437,0.0692314541597305
521,0.0328858793588363,0.0602976057385776
522,0.033104914919822,0.056658428060131
523,0.0387412003990524,0.0547132575982835
524,0.0453032004739616,0.0533328843525728
525,0.0448450788442446,0.0545989666331167
526,0.0435260305360039,0.0547746577135486
527,0.0397416266840318,0.0541180180604902
528,0.0383387833057794,0.0550463071921209
529,0.0380985471083908,0.0572173990605157
530,0.0410123350912952,0.0578902326276843
531,0.0456376645481704,0.0612819503752643
532,0.0504328243706304,0.0611838966338987
533,0.051042346508978,0.0616335438844861
534,0.0504254469192999,0.0573924978628057
535,0.0517421305459859,0.0580520498387884
536,0.0395703717758653,0.0459120650226719
537,0.0451614622449208,0.0464989701497341
538,0.0591931395440959,0.0486892457985809
539,0.0559599205184019,0.0469955793794273
540,0.0538088831574952,0.043946053653279
541,0.0582479759131486,0.0490312338930271
542,0.0494099276557238,0.0403872785047942
543,0.0441349445605288,0.0392437507937983
544,0.0465833685797798,0.0417560807925283
545,0.0475116214828363,0.0437465489389176
546,0.0472069133167321,0.0431626780150026
547,0.0410468387996053,0.0380246303477101
548,0.036531000241098,0.0343993362612841
549,0.0338573158329502,0.0320051867541962
550,0.0363560966132761,0.0342308046740829
551,0.0397753132196642,0.0380534424648916
552,0.0376626496752695,0.0361912928961571
553,0.0354037308624612,0.033289700758628
554,0.0352416678933621,0.0328179891556421
555,0.0327563926091382,0.0308408648990738
556,0.0299676550324394,0.0284551575253031
557,0.0306844308878567,0.0292951769537167
558,0.0333897627995656,0.0320474476166291
559,0.0310042503417408,0.0294394643127435
560,0.0323822444578835,0.0308233754145175
561,0.0313899341978905,0.0301644546216756
562,0.0297381562529329,0.0291106913088911
563,0.0281971837040228,0.0287009751977997
564,0.0259219036202879,0.0261662565753138
565,0.0263992596908433,0.0257649369830524
566,0.0274463659277958,0.0262489081511883
567,0.0270405432925629,0.0250646753523718
568,0.0264528191879288,0.0241713854499466
569,0.0254381154724983,0.0231662672669372
570,0.0228816169319014,0.0226467456960078
571,0.0215304435110312,0.0213134250593286
572,0.021537353710095,0.0213009106028296
573,0.0238201586585141,0.0237056339637913
574,0.0217205022515798,0.0216080752183181
575,0.0225954081297266,0.0226955201961826
576,0.0211828006173181,0.0212181766051556
577,0.0209634271287568,0.0210396987642105
578,0.0195707407252874,0.0197724586787066
579,0.0208973160572153,0.0209889885656226
580,0.0213591228732226,0.0212066592046639
581,0.0201285085633992,0.0201989275356883
582,0.0191307710587968,0.0190679574567388
583,0.0175958441579448,0.0177317068155205
584,0.0172240975593511,0.0173405000611209
585,0.0167760662702729,0.0169538106907007
586,0.0180994232457148,0.0181103225740597
587,0.0196539740287627,0.0196055572974168
588,0.0184053463955759,0.0184028289669332
589,0.0168583107492041,0.0170596100897223
590,0.0154671305162305,0.0158251223241612
591,0.0153841440102514,0.015665845704754
592,0.0155889322387653,0.0161140601392366
593,0.0174412533098349,0.0178019447351951
594,0.018690997259227,0.0191427896098874
595,0.0177887333430975,0.0184086345138312
596,0.0187464868807263,0.019671446575601
597,0.0165379354966578,0.0176783100974661
598,0.0161211574378351,0.0177156672996194
599,0.0163377149897594,0.0183813744767252
600,0.0183950786601288,0.0200094179072283
601,0.0185832228692806,0.019489388764424
602,0.017220375383904,0.0186266213784065
603,0.0146666685863445,0.0166844917918449
604,0.0134070231606031,0.015880168117581
605,0.0120441868551645,0.0149210197849289
606,0.0121970343909329,0.0152846210023107
607,0.0142465314707521,0.0169138185352746
608,0.0208093361959675,0.0230500536264337
609,0.0180241850185185,0.020965142858322
610,0.0165374950265531,0.0199892459216469
611,0.0159082158069508,0.0202183155726763
612,0.0155536706093686,0.0207717800111568
613,0.016692233189385,0.0225701077320967
614,0.0190747368367264,0.025056604061443
615,0.0188976343722325,0.0256032328307127
616,0.0212339569006726,0.0290845997574097
617,0.020698475833045,0.0295089325582528
618,0.018057291551566,0.0283197445340963
619,0.0168067475487219,0.0279918405926134
620,0.0163604107367882,0.0276545918020838
621,0.0183192994634374,0.0286481894689203
622,0.0164827438001777,0.0257322368287348
623,0.02080586337345,0.0298782180829933
624,0.0171828593020746,0.0296831271451502
625,0.0148119732178288,0.030031764372471
626,0.0142778276557885,0.030759196446385
627,0.0149898506220553,0.0319754484485899
628,0.0172161509326458,0.0341746715461476
629,0.0190109343633135,0.0364893286478726
630,0.0208816193903337,0.0359192104271253
631,0.0188628059552919,0.0365118609517847
632,0.0164057407710457,0.0368186280676344
633,0.0166639939621303,0.0378302524185124
634,0.0175058609091404,0.0386541950096419
635,0.021051347613061,0.0402534430261477
636,0.0253405913721117,0.040606160291916
637,0.0197021244927727,0.039909261649573
638,0.0187275555073422,0.0396617589615697
639,0.0168248577756772,0.0390378197874994
640,0.0173945412626481,0.0386220952394064
641,0.0185843107175073,0.0386701014361337
642,0.0230009098489314,0.0394721137209213
643,0.0285954474681344,0.0405869599402644
644,0.0200702634707204,0.0387178027694596
645,0.0192755133524553,0.0373329181740065
646,0.0172195031467443,0.0369108005569935
647,0.0169285447326743,0.0362496103883331
648,0.016376295834499,0.0361550132870026
649,0.0193193656342391,0.0368441321013497
650,0.0226648380718154,0.0373427977015823
651,0.0227706458998938,0.0372072090915815
652,0.0205716927669925,0.036382594278901
653,0.0184623577687648,0.0360336183573272
654,0.0183980722612711,0.0355076126843141
655,0.0189145803862723,0.0354715071078963
656,0.0220785372443047,0.0360376922206765
657,0.025187300555612,0.0363054851521722
658,0.026599709317823,0.0375759290246924
659,0.023241161842624,0.0342070864362908
660,0.0199561351779072,0.0324681691089335
661,0.0200891888114111,0.0316791495061393
662,0.0197227755039736,0.0312339297812111
663,0.0246295432688319,0.0324848301565285
664,0.0274969134584797,0.0319525868500256
665,0.0299274575730947,0.0317766808526833
666,0.0250094469339604,0.0296113617331767
667,0.0239920922003737,0.0281888393882464
668,0.0215853744630731,0.0270269448431972
669,0.0216722986795954,0.0267828684336555
670,0.0258675901671615,0.028317354557793
671,0.027622919977921,0.0282734816578135
672,0.0280623895955466,0.0289395602530512
673,0.0270392480741548,0.0287101216473547
674,0.0221077078997262,0.0281444550134893
675,0.0210981081259174,0.0280839275930718
676,0.0210722600220435,0.0291271105360761
677,0.0253773572990992,0.0315715848037338
678,0.0281953443350752,0.0337427244564161
679,0.0283924342390788,0.0332758671560833
680,0.0285574942300334,0.0327870547946544
681,0.0200468494140367,0.0263925808290784
682,0.0220655325698121,0.0241241414176612
683,0.0263312207582949,0.0248330294806268
684,0.0331339514543678,0.0271731755834744
685,0.031786614179057,0.0262908680836759
686,0.0287909228097733,0.0258204444380085
687,0.0274142961754154,0.0245892972475319
688,0.0207794635112815,0.0217655439112803
689,0.0228229192504436,0.0251663448325736
690,0.0236985558025413,0.0261541479645661
691,0.0270151307940308,0.0285351207454288
692,0.0279345311663991,0.0279513522288067
693,0.027467843840193,0.0277494098318201
694,0.0253583448109597,0.0276507453106393
695,0.0232614036100704,0.02640489912512
696,0.0187237675530146,0.0227241138111319
697,0.0179392741851935,0.0220742328271415
698,0.0198826423948469,0.0222209089085617
699,0.0225489804200029,0.0221788533155735
700,0.0240147924783123,0.0222438102761695
701,0.0238057794111221,0.0214473729825888
702,0.0231569356721458,0.0216106145475395
703,0.0182764685899616,0.0198536573370732
704,0.0218799945462878,0.0250405845929857
705,0.0280649066713801,0.0315189663556873
706,0.0322092819708322,0.035724911504679
707,0.0299165614735083,0.0332929691765696
708,0.0299045593018664,0.0337157717124622
709,0.028083119626716,0.0333219006030659
710,0.0267225765519794,0.0327789529713061
711,0.036355966214582,0.0372849141315427
712,0.0460657530419238,0.0415123347315495
713,0.0470990039544632,0.0399578887794635
714,0.0449838410038553,0.0423910006999537
715,0.0377640751154056,0.0349743694648258
716,0.0353327794407098,0.0326363140295512
717,0.0379687326428311,0.0335230211674501
718,0.0435759773372082,0.03745793501751
719,0.0499094618164652,0.0427848862482146
720,0.0413579563293756,0.0362444418213592
721,0.0401515836883141,0.0355913391599051
722,0.033644866462881,0.0309535977644174
723,0.0275810556021309,0.0260347426614124
724,0.0285981418131139,0.0277496929909707
725,0.0297317755623111,0.0291203641564951
726,0.0313158561900591,0.0305939592826152
727,0.033369308861683,0.0320251933215212
728,0.0310788563559841,0.029444014666228
729,0.0255928149019304,0.0252150513630149
730,0.0251520829174088,0.0248921270252023
731,0.0274476724792844,0.0275368371491873
732,0.0262848134831895,0.0263207220475992
733,0.0262167633124672,0.0259164762988608
734,0.0264306289266977,0.0251009683005888
735,0.0269983444934803,0.0257997883634299
736,0.0253047621659468,0.0244653682992423
737,0.024492473323668,0.023901393308306
738,0.0203217721206388,0.0206919149565977
739,0.0207710449043283,0.0212425837878478
740,0.022708267297253,0.0232743587906615
741,0.0308671096030036,0.0315282737895891
742,0.0257229140232728,0.0266794179108826
743,0.022186673598251,0.0237545351455314
744,0.021319970761328,0.0234603245339087
745,0.0209566046783365,0.0236426101488503
746,0.0200608313561268,0.0241617422779207
747,0.0230696303224141,0.0278458208527376
748,0.0250907505866724,0.0308061932925236
749,0.0240962072363479,0.0323168227426273
750,0.0233658714568425,0.0334101161307996
751,0.0221270568746599,0.0354703730727972
752,0.0220710377763004,0.0394521208424879
753,0.0188276929661905,0.0425592337130482
754,0.0213924646590973,0.0467591524146422
755,0.0214328332175626,0.0502561534105655
756,0.0294387694397899,0.056950410624656
757,0.0277189655113894,0.0611075762486545
758,0.0248656136204025,0.0644506199056753
759,0.0283581172286586,0.0701724823672058
760,0.0216420803005557,0.0714671251992238
761,0.0245897372394533,0.0760575767692532
762,0.0262757245613049,0.0818950746377403
763,0.0243418465475526,0.0847553459276126
764,0.024118907466363,0.0883980648918724
765,0.0198837439267483,0.0916563497173487
766,0.0197558892644692,0.0945498139725934
767,0.0208026001581712,0.0973221894621622
768,0.020397203408095,0.0992815349348528
769,0.0255544325381449,0.0995516056043826
770,0.026737362355873,0.0990346855494102
771,0.0303860794983858,0.0991698088496294
772,0.0283468608006877,0.0995643139391831
773,0.0292788582667476,0.100482941913113
774,0.0286831612414535,0.100874464616048
775,0.0297686290189693,0.101376080318291
776,0.0343889591972081,0.100944872253727
777,0.0305093253652874,0.10289933184999
778,0.0331482183416404,0.104186640020139
779,0.0303500416674011,0.105414523348129
780,0.0292795370724421,0.105287084861018
781,0.0287149968010892,0.104925697546102
782,0.0348118691876651,0.105346736554534
783,0.0412918633905957,0.1028556534785
784,0.0375494355418576,0.101079053722396
785,0.0434981596797841,0.0986771522529585
786,0.0359069296797534,0.0973215273533006
787,0.0309499127766529,0.0958607705467522
788,0.0270764938271032,0.0950383921282985
789,0.0352293300524035,0.0940286341168648
790,0.0451380248099619,0.0914561203700343
791,0.0416465533742977,0.095027251550317
792,0.0458248436583466,0.0956390028683786
793,0.0391074671322007,0.0958484454697722
794,0.0368503394503529,0.0941759075769488
795,0.0342214999890679,0.0934992826505821
796,0.0410025155487348,0.0926912622779562
797,0.0460715639609845,0.0882789151771038
798,0.0546673740274677,0.0854823455290764
799,0.053211451493049,0.0828406147977285
800,0.0432790821191129,0.0801885911317586
801,0.0388609333108788,0.0775456865579483
802,0.0342122622713287,0.0759814866717627
803,0.0441450896702882,0.0759762800816205
804,0.057302546326742,0.0751360975083257
805,0.0517521834522468,0.0744603325829682
806,0.0578070766540449,0.0724698248568544
807,0.0475563840341681,0.0736086565499379
808,0.0432614208966785,0.0719572760128597
809,0.0397691144692625,0.0694597082575455
810,0.0492797867950163,0.0692960630577822
811,0.0577548187447789,0.0669258417769791
812,0.053408867653737,0.0650407435117367
813,0.0545753340050342,0.0613916035712053
814,0.0519310160897855,0.0590158342263259
815,0.0445799541639872,0.0550760108785659
816,0.0364655605076471,0.0546743960917652
817,0.0435508901582285,0.0567266115802916
818,0.0505486209439123,0.0562780148061257
819,0.0495577559265035,0.0547350830244473
820,0.048647074010129,0.0542503335195224
821,0.0457560668136018,0.0517580163549503
822,0.0394206769355281,0.0441425265773461
823,0.0405237636367348,0.0426049492992858
824,0.0502966016837468,0.0429390295849814
825,0.0582676368811007,0.0450298140108748
826,0.0494165963994699,0.0434817059820775
827,0.0488928257060088,0.042577582225311
828,0.0439628577028841,0.0393428561765101
829,0.0317256683037122,0.0339057841207952
830,0.0353295168509389,0.0362180576278184
831,0.043099120618152,0.0407045416382086
832,0.051565809356966,0.0435182911597819
833,0.048384665140181,0.0446965636447324
834,0.0455071210194587,0.0438227322256686
835,0.037425381175113,0.0389419426932703
836,0.029739978802913,0.0316262828573646
837,0.0309007426458236,0.0304336477996268
838,0.0377196649551034,0.0338115991753551
839,0.0399173305483023,0.0348024812621141
840,0.042456294882185,0.03816790404463
841,0.0407520451281349,0.0365885343970663
842,0.0328049905522487,0.0299421500546298
843,0.0302031927344976,0.0300722017112191
844,0.0350565036016228,0.0345287414015878
845,0.0412008968462857,0.0388446999753002
846,0.0429639681134267,0.0406166479847926
847,0.0450099896531323,0.0423468616166243
848,0.0390897603735931,0.0389691286740839
849,0.0305874237788235,0.0312072881177151
850,0.0256278052630337,0.0268398338282166
851,0.0268424246985053,0.0259233434401184
852,0.0312122146211353,0.0290849661539148
853,0.034455909191536,0.0313078814737331
854,0.0356238261280422,0.0334436077546943
855,0.0363103012584497,0.0337502446695666
856,0.0317722482467827,0.0301107584304685
857,0.0242141778383201,0.0243667296132971
858,0.0270808285870729,0.0269812651275438
859,0.0321390818329962,0.0311678728092596
860,0.0354307064026581,0.0334642294155409
861,0.0355304574178975,0.0341489918793579
862,0.0359466648079401,0.034919236879246
863,0.0338628170505633,0.0342960861355702
864,0.0267946771028592,0.0290005170327333
865,0.0281406676769775,0.0291185967425619
866,0.0332862366478346,0.0326387088219922
867,0.0360363302151516,0.0320463479067092
868,0.0361825991576082,0.0318383300294969
869,0.0358666093035942,0.0307548235291456
870,0.0309847433884409,0.0256856835247911
871,0.0216562158432693,0.0227373489528606
872,0.0259076320036878,0.0262830963334259
873,0.0302766615037965,0.0300335911431538
874,0.0380927949766284,0.0394725220061294
875,0.0343398159668991,0.0364211485469878
876,0.0306221124850348,0.0331376006570319
877,0.0262403883155963,0.0298177747092688
878,0.0215227895405344,0.0253267687649321
879,0.022106574472495,0.0254370075034009
880,0.0265006506050979,0.0281638031522325
881,0.0293641267408389,0.0301844351812292
882,0.0290102336866276,0.0294329645328961
883,0.0276908796515588,0.0279745808457996
884,0.0245524612638133,0.025660319903724
885,0.01959052168801,0.0229172040550512
886,0.0215852050870827,0.0245416498605461
887,0.0253329532512084,0.0268373330031053
888,0.0317806464998232,0.0296471403426682
889,0.0306306534704925,0.0313791146734955
890,0.0274969661268437,0.0297566629745648
891,0.02318030367356,0.0267592811970582
892,0.0194917543397959,0.023544867631494
893,0.0194219822419883,0.0230470773495861
894,0.0241497037166303,0.0249464039656392
895,0.0312274462922356,0.0300470304039701
896,0.0298670479243724,0.0266760479037675
897,0.0297278974801625,0.0272447366963453
898,0.0234725599467511,0.0254850829100332
899,0.0187091494890683,0.0233380151362085
900,0.019931146574082,0.0238475730000575
901,0.0239040851139418,0.0260994070585008
902,0.0309137232298949,0.0271520273212536
903,0.031358566351044,0.0264088531170488
904,0.0308237185882824,0.0257176585187608
905,0.0257492488696159,0.0231009322974832
906,0.0230093346118627,0.0195028664321772
907,0.0235499135324392,0.0190829250939126
908,0.028898967774604,0.0214163429210213
909,0.0320774815689052,0.025757922012933
910,0.0346611633012261,0.0293330720385417
911,0.0282348321886576,0.0235956836184022
912,0.0245970705756621,0.0219648035018947
913,0.0194924587613785,0.019917683121063
914,0.0213435661921875,0.0215058186306633
915,0.0245325455261064,0.0238989593879052
916,0.0235562574317811,0.022167620817778
917,0.0255241940100882,0.0226029041193213
918,0.0244073281556925,0.0225011663762324
919,0.0225945606306703,0.0213301323424391
920,0.0167679960698768,0.0160870941510482
921,0.016427104601592,0.0157235205497449
922,0.0203615868421166,0.0176371650788942
923,0.0221345701513916,0.0186884954991316
924,0.0277169619218126,0.0245435195561552
925,0.0258430617161572,0.0234391563096526
926,0.0247845093588696,0.0231064689982258
927,0.0194598617882756,0.0209936160949586
928,0.0200578441799033,0.0221752728632086
929,0.0237704985137893,0.0250955445771763
930,0.0238129431546561,0.0253008290017815
931,0.0260847010920757,0.025229360810503
932,0.026324329492474,0.0244426668668905
933,0.0189772955279942,0.0221447308562606
934,0.0160281553010263,0.0193132561992248
935,0.0151580871571673,0.0194604075059346
936,0.0191156659878579,0.0207585072890863
937,0.0205746632759452,0.021658166566382
938,0.0240591271738796,0.0245841036361289
939,0.0240451127988299,0.0252332752877692
940,0.019061203727632,0.0230238073152289
941,0.0155609452497975,0.0223327913090423
942,0.0151228100484757,0.0224608540796435
943,0.0189231523223596,0.0245358730672907
944,0.0228863120929301,0.0258640661704309
945,0.0226217935476783,0.0267247700993207
946,0.0217464005421546,0.0255897398792124
947,0.0198084188031666,0.0250586035778504
948,0.017636619969826,0.0231894606142927
949,0.0158566021244205,0.0234452594057695
950,0.0206144113053983,0.0245250482594122
951,0.0247543275006152,0.0256419809813286
952,0.0264509585443388,0.0262795403294988
953,0.0258197504567334,0.0263428759325248
954,0.0244030659743679,0.0272762260164032
955,0.0181735031434316,0.0243628215072871
956,0.0163288715827034,0.0242994806138059
957,0.0206054713209457,0.0263041171533404
958,0.0232357784708133,0.028036275983171
959,0.0269897577544304,0.0294123710362474
960,0.0253716751700718,0.0292140349703602
961,0.0228514545003788,0.0296244837030958
962,0.0174594497516028,0.0277570317456559
963,0.0156899534101935,0.0284042247684885
964,0.0204634953791232,0.029679836758527
965,0.0256681308716745,0.0287061869289941
966,0.0294511667656755,0.0316646167453977
967,0.0250230805556826,0.0289079698538343
968,0.0221501272362991,0.0296339043473459
969,0.0188980238634974,0.0302130929693066
970,0.0176499853327359,0.0312755075639382
971,0.0227735026318672,0.0338842005186009
972,0.0304098989816485,0.0396975606812194
973,0.0297798147979119,0.0408973171889289
974,0.0282255972720868,0.0417628875039128
975,0.0243260167943292,0.0427064694809639
976,0.0218294912584942,0.0420927096669688
977,0.0192218683134589,0.0423053557531416
978,0.0246418676754781,0.0430346457365737
979,0.0304187316371206,0.0442173754563712
980,0.0303933171955221,0.0437946565081127
981,0.0332090079315054,0.0458831047356345
982,0.0263437529941602,0.0440255402241056
983,0.0233087504129854,0.0443765033985635
984,0.0195304580123049,0.0445275029661806
985,0.0251492829650426,0.0463113275754611
986,0.0305756757075811,0.0478001612886861
987,0.037100710224998,0.0543520084286775
988,0.0379596610020033,0.0522934111055398
989,0.0267139763173466,0.0517026123611773
990,0.0237338839503541,0.0507085274738518
991,0.0207461153824476,0.0507693371873875
992,0.0256392936500738,0.050983007186114
993,0.0317789374132059,0.051285673769946
994,0.0412144125984628,0.049831260429949
995,0.0361499890290339,0.0480962157383424
996,0.0286434837851996,0.0477863616575533
997,0.0270311334942759,0.0477197125379482
998,0.0222645606143623,0.0473260505728837
999,0.0290618022263021,0.0489569374951698
1000,0.0372961215475181,0.0505485767756095
1001,0.0395476162205983,0.0512983091244629
1002,0.03801910227886,0.0501925701075268
1003,0.0290793743639725,0.0482820848440299
1004,0.0238351938327413,0.0460949136191021
1005,0.0221889373990021,0.0447090015965247
1006,0.0297245320759949,0.0439580629770263
1007,0.036621047532223,0.0431061939590144
1008,0.0421734362857116,0.0419806289425951
1009,0.038615643516426,0.0404033123989144
1010,0.0334214842227391,0.0378788343045901
1011,0.0273927328198556,0.0351650666672082
1012,0.025455945536341,0.0342413709453714
1013,0.0331595301514759,0.0355874575176674
1014,0.0398584474130939,0.0366272810831603
1015,0.041673525357211,0.0369042614026227
1016,0.0361669404854463,0.0348522496949984
1017,0.0293695321878146,0.0331867061806133
1018,0.0261477773719247,0.0278648680001114
1019,0.0262507993035812,0.027985068260504
1020,0.0331108207441597,0.0293250754087952
1021,0.0378499114970488,0.0315726438118805
1022,0.0379085483773574,0.0338950435789886
1023,0.0378148273980189,0.0347730870993808
1024,0.0327954044375027,0.0321130710107461
1025,0.0259613647614481,0.0291355989918274
1026,0.0275481772949411,0.0301272562381131
1027,0.0340882911273994,0.0336882256948686
1028,0.0395114940660329,0.0362383748607842
1029,0.0401522586752114,0.0360609892400919
1030,0.0388230959628382,0.0356665569108742
1031,0.0307028793050042,0.0331746640625947
1032,0.0269572453456707,0.0302106753226237
1033,0.0265140921324414,0.0302397282625355
1034,0.0336721055607315,0.0330221393194255
1035,0.0375906448246347,0.0339123472766956
1036,0.0412880642460157,0.0386769528742686
1037,0.0390080942481681,0.037172457945505
1038,0.0263327294672335,0.029321112353946
1039,0.0238022865480573,0.0303933145264106
1040,0.0279589596729961,0.0347002024268495
1041,0.0345770119333235,0.0391458197806695
1042,0.0394590410369703,0.0420008102479689
1043,0.039171289341847,0.0420964911102207
1044,0.036958880125836,0.0396067853049788
1045,0.0304062573204363,0.0332127403997333
1046,0.030650101569734,0.0297691741555106
1047,0.0356791993359217,0.0312806598362529
1048,0.0447998820079704,0.0346083564237385
1049,0.0446304003925085,0.0340084269980107
1050,0.0433952692843001,0.0348918674608093
1051,0.0460889446914841,0.0362823148909563
1052,0.0350557931188829,0.0310636576289926
1053,0.0298799584383053,0.0272224108974682
1054,0.0346271229712675,0.0302011683313811
1055,0.0405004881693559,0.0336592945031312
1056,0.0429986790552084,0.0348755486707295
1057,0.0429929742705406,0.0362347431526684
1058,0.0383803955726061,0.0316724840558041
1059,0.029267464030408,0.0280288331308321
1060,0.0241466313770406,0.0243697314490741
1061,0.0245613512695803,0.0240979344483708
1062,0.029464316889351,0.0263760506219294
1063,0.0335209708609108,0.0292327632512752
1064,0.0323166338211418,0.0285860315024089
1065,0.0303487926826715,0.0270374664377466
1066,0.0284406262217354,0.0235635254763035
1067,0.0239672375649174,0.0233267284939258
1068,0.0296356268353423,0.0290156879328381
1069,0.0356266906282873,0.0343234787652588
