date,MAE TLGRF,RMSE TLGRF,MAE stage2,RMSE stage2
2020-03-18,0.4962486907985143,0.5884650771513584,1.1861172040360712,1.3104392767835633
2020-03-19,0.3855405405138594,0.44178904480216885,1.176999342274912,1.2547325248225465
2020-03-20,0.38063084901783045,0.4668446092354633,1.1758036327254044,1.2393302245290816
2020-03-21,0.41408527745084495,0.5051387867827833,1.1327559286406543,1.1804745536212806
2020-03-22,0.4978786869776093,0.565417144448838,1.0790126784480913,1.1237157299767382
2020-03-23,0.5471107410991882,0.6277035312326341,1.0727557613448409,1.1183251695387784
2020-03-24,0.4633455419913277,0.5403711448141554,1.0003713473978875,1.0452348054523701
2020-03-25,0.43066032260919057,0.49785388021631993,0.9743130235997755,1.0121978216576866
2020-03-26,0.47436087442632413,0.5215606945279746,0.878693873867727,0.9169036503217458
2020-03-27,0.49477360409657667,0.5333881476188272,0.8393680330210009,0.8766585764333191
2020-03-28,0.4764456793403803,0.5105852004062118,0.7726476754581812,0.8111312522862231
2020-03-29,0.4385676038943553,0.4750584070481852,0.7488023793552337,0.7934187705458324
2020-03-30,0.4018631601318933,0.43828037160822847,0.6915709961865172,0.7381466953049767
2020-03-31,0.4036220856906447,0.4355540895004619,0.650430387157755,0.6922647189627454
2020-04-01,0.38251809000777615,0.41365071882433363,0.5949021097824226,0.6371582092382998
2020-04-02,0.37733456760194656,0.4063745839064061,0.5612215266371453,0.6031731017639008
2020-04-03,0.3760983376833043,0.40472042669514985,0.5012638681422847,0.5448067738305037
2020-04-04,0.38074545086555156,0.40964837819054334,0.4652305195561763,0.5057118541574016
2020-04-05,0.336902064774774,0.3667942911472595,0.4181299797799982,0.4615253469998881
2020-04-06,0.3278344327923334,0.36028921249265417,0.3922743926726261,0.4381100428821701
2020-04-07,,,0.3428462988184472,0.39159095679505534
2020-04-08,0.30017037394553375,0.32791019215626915,0.3208263600610376,0.37125405314331317
2020-04-09,0.29171426846969567,0.31726163499712134,0.2780595867278415,0.3272587011578129
2020-04-10,0.2849955586505684,0.31118485743553465,0.2630446711753513,0.319042131026611
2020-04-11,0.2725262146450068,0.3035447016380458,0.23601823083023954,0.2977824638257268
2020-04-12,0.25720905866498595,0.29590740790643116,0.2268811186335402,0.2989362248689591
2020-04-13,0.24918201272380222,0.2923431342205451,0.20605629910681053,0.2833539430455832
2020-04-14,0.2316731989569244,0.28229624854481145,0.2054157701097326,0.28964878756974644
2020-04-15,0.22787003711408083,0.2804898213417761,0.19404842059254152,0.2795535770660107
2020-04-16,0.22096771689345795,0.27114649245736866,0.1920465929842238,0.2773630156641852
2020-04-17,0.21242143114509004,0.25958070549412665,0.18537474210634367,0.264349456434159
2020-04-18,0.20476754187103363,0.24842471564709284,0.18549320626770618,0.260461103053925
2020-04-19,0.2000468081728149,0.245652693441207,0.18446045282613666,0.26271569027696656
2020-04-20,0.19520881139985935,0.2425360327832795,0.19079908774911988,0.2679650949678785
2020-04-21,0.19364765532587566,0.24434989943262925,0.196453693173496,0.2786147830663246
2020-04-22,0.19122657278919314,0.2456855836769979,0.2049882234430429,0.28831072956654974
2020-04-23,0.19356564333485402,0.24887602236888653,0.20670832759122135,0.28629949123768805
2020-04-24,0.18627419448431365,0.24580911215352697,0.21058297860655953,0.2911390977705822
2020-04-25,0.1788105953250004,0.23868803260599683,0.20614584670755173,0.2843046245211703
2020-04-26,0.17204709078663016,0.23815243264271385,0.2103772685215255,0.2906885353112718
2020-04-27,0.17469197404666761,0.2490203675760061,0.20920088710456322,0.2958996307970177
2020-04-28,0.17554140221619813,0.2553183911177131,0.21303553482731488,0.30226524795398374
2020-04-29,0.17253268966996005,0.24823833311967738,0.20682437484599098,0.2904526338130305
2020-04-30,0.16983217435597864,0.24775574438916434,0.21060978074393835,0.2989208464374517
2020-05-01,0.15975357353214112,0.22163457255784133,0.2010972193306058,0.2773052773246473
2020-05-02,0.14839536112165144,0.20551074897244426,0.19833545183142992,0.27239990569270667
2020-05-03,0.14945090331448185,0.20820045725596456,0.1894410993171017,0.25993816167881195
2020-05-04,0.15295538584609028,0.21560174223396666,0.189595504557678,0.26201046730804267
2020-05-05,0.15826753544191977,0.2238980836525085,0.18481626199898815,0.2574197703138002
2020-05-06,0.16043935071411208,0.22729121164076047,0.18784738730990524,0.2635383031062676
2020-05-07,0.164070615275754,0.23296069850125767,0.18127705350118206,0.2576036670274103
2020-05-08,0.1607808124027154,0.22722563835930706,0.18048996529539935,0.2580550720035793
2020-05-09,0.1587416197357727,0.2318019802030228,0.17742723525530885,0.25805101492733556
2020-05-10,0.1619830610976364,0.2472486562701243,0.18253917336603864,0.2747513471836199
2020-05-11,0.1589177942091452,0.22140301578770183,0.181691460323897,0.2525231584645193
2020-05-12,0.1613511172486617,0.22559385429743078,0.1892417067487181,0.2635689853728097
2020-05-13,0.1691219845307115,0.23894922130188606,0.19145741625171905,0.2689493863106089
2020-05-14,0.1653637112289219,0.242037454611772,0.19422904706618538,0.2771782428890046
2020-05-15,0.16271022801300508,0.2484550813436325,0.19519149839092578,0.287684015541208
2020-05-16,0.16060356777200024,0.24588468588089304,0.1971719310938233,0.2906365870701024
2020-05-17,0.16025383849324495,0.2408147899366518,0.19461631242644253,0.2862337641644162
2020-05-18,0.15913008618696922,0.23174299650919986,0.1963186850480914,0.27957511501234406
2020-05-19,0.1611669137945021,0.2335393613679443,0.19708336887204392,0.27968949503429275
2020-05-20,0.1672970624969184,0.25905323929930973,0.20204297033488355,0.30271021896434513
2020-05-21,0.15795785896578862,0.2228894374309913,0.1952336934087411,0.27126209611043695
2020-05-22,0.1573043708984856,0.22612885862165788,0.19941046291829134,0.2792323728500099
2020-05-23,0.1537079124926632,0.2230877548733082,0.19524723897849663,0.27746305975126284
2020-05-24,0.15811963784758676,0.22916981366840025,0.19780763583299488,0.27967382822883835
2020-05-25,0.15739674712374763,0.23326292232332846,0.1930873926712659,0.2759680922797061
2020-05-26,0.1586603485346805,0.23921047183672978,0.1948258394487982,0.27873838038270726
2020-05-27,0.1593586434052098,0.24450820485807626,0.1935331518932172,0.2779654821094381
2020-05-28,0.15812980963006656,0.2345743179405594,0.19599960539605496,0.2787828556585276
2020-05-29,0.1527515368804235,0.23363615927232567,0.1894770025801025,0.27224051573197233
2020-05-30,0.15328892661155416,0.22972222452572869,0.19150731618758068,0.2757904625685212
2020-05-31,0.15337826471045507,0.22089125489750044,0.1858997917283115,0.2647992220853322
2020-06-01,0.1580012038061316,0.21964456143652883,0.1885151338319169,0.2621603538554934
2020-06-02,0.15596620293833088,0.21255132442705846,0.18636368845337767,0.25409832378882846
2020-06-03,0.158740653264282,0.22187564852706676,0.19372495247262989,0.2632486129601268
2020-06-04,0.15593219146944876,0.2222855917232941,0.19285191044849745,0.26106892465060155
2020-06-05,0.15226381216896764,0.22714136091731388,0.1976776476144008,0.27271964112004143
2020-06-06,0.15041929396263265,0.21972812116739515,0.1988019102129392,0.271793476172755
2020-06-07,0.15568206425555894,0.22474764366807562,0.20461788898239125,0.27767121143257395
2020-06-08,0.15992069498422065,0.23355959658648795,0.20821093816443167,0.28634499196506
2020-06-09,0.1668605786471238,0.237926915396959,0.2178815784506514,0.2984044071072101
2020-06-10,0.17258103651343576,0.24559325000505425,0.22230396004034672,0.3020174536209903
2020-06-11,0.16484204269691424,0.24141853284257295,0.22757751645186908,0.309354496520908
2020-06-12,0.15837037689084885,0.23211996448184716,0.22365125782033013,0.3042846641298893
2020-06-13,0.15084230570447082,0.2222880274878967,0.22769155168878982,0.30736949556479765
2020-06-14,0.15429626227112764,0.22684084899473458,0.22770406316705907,0.310836539949715
2020-06-15,0.15907432957120235,0.23697288585024706,0.23442103613338058,0.3211749717297657
2020-06-16,0.15689519859113188,0.2218780685222556,0.2300368729248938,0.3032594243839361
2020-06-17,0.15813244742296215,0.21916309884861027,0.23598770197039437,0.30955036463087243
2020-06-18,0.16281536925957474,0.22473906149915263,0.2354510913306341,0.3072844423851793
2020-06-19,0.15912497796355451,0.2196548557704643,0.23757894260486973,0.30865204011493774
2020-06-20,0.16326700936170616,0.23410132365330144,0.24022788329145572,0.31775288694302173
2020-06-21,0.1722894262298141,0.25866432453413357,0.2518967363914298,0.3403811190772364
2020-06-22,0.1698285731386733,0.26872975393043824,0.25155997253072343,0.35170560619257846
2020-06-23,0.16574463423577024,0.2405512576452746,0.24876270646784265,0.3296361536279383
2020-06-24,0.16557786946564,0.236607330446043,0.24441435298696593,0.3208473709027218
2020-06-25,0.1572407767076147,0.22125074954496288,0.24439156314031937,0.31735111178966585
2020-06-26,0.15099146866972052,0.215575331785646,0.23978060285327574,0.3112063768170365
2020-06-27,0.14870918937290992,0.20657337738620793,0.23867478972013767,0.30511165213633384
2020-06-28,0.1527943270327172,0.20703275520508543,0.23093195977124992,0.2949248689784272
2020-06-29,0.15482947880168493,0.21563105885957165,0.23719148249942718,0.3023055223277582
2020-06-30,0.14477458642538837,0.19473668047758322,0.22944128127077945,0.2919629368190426
2020-07-01,0.14672137283055348,0.20062268327470428,0.2340687935132731,0.29580768028428195
2020-07-02,0.14159600407287637,0.19457517766902188,0.22702837322955197,0.285484663425938
2020-07-03,0.13970981919578673,0.19736011088227515,0.23075486505217888,0.28910084852830487
2020-07-04,0.1313481568702283,0.17961812144465947,0.22397439046606527,0.2785391407505916
2020-07-05,0.13218817036590416,0.17937165555734974,0.2297557314866554,0.2855746496873084
2020-07-06,0.13491793744238134,0.18610702912969054,0.2298573892844749,0.286747723214702
2020-07-07,0.13817101940920862,0.19688076116071276,0.2379432520410504,0.3004095332991265
2020-07-08,0.13483709701663837,0.1916568919152158,0.23297824609961162,0.2941489550680471
2020-07-09,0.1339708301955893,0.1894876317204097,0.23701692801559246,0.29816061059025656
2020-07-10,0.13290623642797336,0.1857335509340346,0.2291637535985399,0.2851533983297454
2020-07-11,0.12659960279408763,0.17308733053177183,0.2250935427188494,0.27688182671984296
2020-07-12,0.13036566411454298,0.17536529625623032,0.21533453554227602,0.26615618433720595
2020-07-13,0.13098100436243607,0.17601907141431267,0.21221522663487274,0.26151717034416194
2020-07-14,0.1336071317174098,0.17793487287010348,0.20311414107160464,0.25272925576297883
2020-07-15,0.1322233063595617,0.17520070555923586,0.2006442842796332,0.24986866287869838
2020-07-16,0.13140083363108743,0.17532247274459434,0.19073153409100796,0.2405986595959114
2020-07-17,0.1267010568085348,0.16954637482950635,0.1904478400139493,0.2423949989249334
2020-07-18,0.12352099734313508,0.16646962512611754,0.18216908358214093,0.2347542537203823
2020-07-19,0.12164296590270063,0.1551456667025797,0.17927671355552674,0.22705980576430568
2020-07-20,0.12457358808005851,0.16147076016654646,0.17287991454195129,0.22190257184708617
2020-07-21,0.1243292949632415,0.16414191455743687,0.1726477706371602,0.22280066270412918
2020-07-22,0.1240941917983311,0.16731601322645834,0.16732404367659776,0.2184595322191053
2020-07-23,0.12427051354044662,0.17010215732088904,0.16776059170330665,0.2201541131358167
2020-07-24,0.12150489741836681,0.16178213931123164,0.16038529398718798,0.2119380806776656
2020-07-25,0.11927597347638765,0.15623011454259508,0.15814970927179725,0.20716811572321453
2020-07-26,0.11921971027950166,0.156975721882488,0.1498534896452227,0.19741932601381335
2020-07-27,0.12286426103867289,0.16164504604553162,0.14906226793614707,0.19510787341842936
2020-07-28,0.12476455354509298,0.1644592208896179,0.1418575084555361,0.18908657213858518
2020-07-29,0.12803623107581757,0.16681869640429914,0.13944417240420873,0.18758899166528947
2020-07-30,0.12822466765443274,0.168176464039734,0.13276073700832033,0.18226303485458964
2020-07-31,0.13050864098506335,0.17040064636150828,0.13102805316434235,0.1813979791121724
2020-08-01,0.12551981557280012,0.16319008426252937,0.12533556097853235,0.17250684323428558
2020-08-02,0.12340462592276948,0.15972284238492226,0.12841898983975158,0.17481111553328033
2020-08-03,0.12310623756850679,0.15996484411497947,0.1278488357025387,0.1737992470913318
2020-08-04,0.12112186076696099,0.16044750843477698,0.13193852778300297,0.17969761700909181
2020-08-05,0.11892391751187766,0.16092060750557308,0.13210608442172767,0.18020959835178446
2020-08-06,0.11439632157988622,0.15936562115521205,0.13528790362940007,0.1874902636187874
2020-08-07,0.11022455680601989,0.15628151339624347,0.13389302128805253,0.18698902881640783
2020-08-08,0.10959997324953011,0.15951578786239157,0.1366279790784989,0.19463699640337714
2020-08-09,0.11708709120979477,0.1667831255548625,0.13577337468079897,0.19469672976254576
2020-08-10,0.11946768004698495,0.17643523075470954,0.14157894584333394,0.2049411740754177
2020-08-11,0.12054593415899187,0.17718008004385088,0.14205489789286913,0.2041492149886512
2020-08-12,0.12282092607498926,0.1785145090088156,0.14613405187064105,0.20740145633064044
2020-08-13,0.123337126531885,0.17489449374811158,0.14548659875308875,0.2010966764627108
2020-08-14,0.12038967077647125,0.17202550074657727,0.14899416036986882,0.20393207997723758
2020-08-15,0.11648776197877728,0.1647578271443805,0.14686005953737058,0.19935755414715312
2020-08-16,0.11575479687549227,0.16352121423677313,0.14690259736652328,0.20046806867951672
2020-08-17,0.12020698750398938,0.17757429398965466,0.1481302358107408,0.20783319973699635
2020-08-18,0.11783927690562662,0.1694174887403026,0.14951928826757813,0.20427471348351434
2020-08-19,0.11996252288578023,0.16926670918135978,0.14826158367033881,0.20267575525636475
2020-08-20,0.11775299444469607,0.17077480351592852,0.15150564679647743,0.2084963270626475
2020-08-21,0.11691493704486952,0.16889668154484166,0.148876172432597,0.2038058088866738
2020-08-22,0.11662676259421845,0.17250928370164545,0.15004974342464333,0.20790269289847496
2020-08-23,0.11847967110434138,0.17788139164201086,0.1507457682217118,0.21244315550282744
2020-08-24,0.12593052380687397,0.19400560730931393,0.15734786540430656,0.23047547724189746
2020-08-25,0.1265823445839917,0.18406528670734504,0.15644281141482008,0.22172769096821526
2020-08-26,0.1269594505539156,0.18685360972171317,0.16233081456660114,0.23033008973807714
2020-08-27,0.12632203191193692,0.18614047391879304,0.1609176547198652,0.22853623611763038
2020-08-28,0.12725108955665707,0.19154819560319497,0.16421779278909193,0.2355487367043966
2020-08-29,0.1227018539703768,0.19091396055020818,0.16093507382630176,0.23286532639330215
2020-08-30,0.13068497384408148,0.21437361217578976,0.16520617976526486,0.2489408941942148
2020-08-31,0.13521873358716743,0.20020956101991907,0.16082607698315815,0.22956028949658105
2020-09-01,0.13856053692214396,0.21797158350154097,0.1650000124433685,0.24793838032013205
2020-09-02,0.13783719732979474,0.20252594063576865,0.1637101367589695,0.23619950771279508
2020-09-03,0.13300619751536974,0.20952173095523238,0.16373178339044034,0.24907298956232093
2020-09-04,0.12208235727373312,0.17624599829071072,0.15097789499990638,0.21423351230424909
2020-09-05,0.11522857692918827,0.1832690065242633,0.1478869871379004,0.2206533112801527
2020-09-06,0.12089124138568749,0.18044692213883504,0.14479823015599796,0.2073364811238936
2020-09-07,0.12463386585606517,0.17754472350859868,0.14635615392912552,0.20523051690397195
2020-09-08,0.1325689005699297,0.18770224396327806,0.14457845114924617,0.2010502249826561
2020-09-09,0.12967036230999615,0.18223761817675596,0.14816521006111208,0.20672098692336377
2020-09-10,0.1292099893325049,0.17977776045911092,0.14711350498209647,0.20361187796238492
2020-09-11,0.12043069440819691,0.1694124114763213,0.14972810000395895,0.20617841030196413
2020-09-12,0.12086762943167319,0.17857057866828208,0.14879918365970393,0.20803609668841613
2020-09-13,0.12234988825690181,0.17577495174081056,0.15332519879588044,0.21141961803841366
2020-09-14,0.13209557168105224,0.19760267562507614,0.15484338803597178,0.21801706771030405
2020-09-15,0.13887572734739823,0.21122415353530363,0.15971646043810897,0.23026395823097762
2020-09-16,0.13752607914641155,0.22384595581616926,0.15960164118853182,0.23836895367120992
2020-09-17,0.1345194648443358,0.21871221062291318,0.16183078760184305,0.2453182932146898
2020-09-18,0.12882743397343824,0.22167286035661277,0.15880686171004982,0.2436569586667738
2020-09-19,0.12846957225046698,0.2352901283167672,0.16303465913150342,0.26552237703175646
2020-09-20,0.13311261269959898,0.24190759143814003,0.16141983807360505,0.2579994886064814
2020-09-21,0.13303796751132047,0.20507896117809873,0.15978421301924234,0.231938677068094
2020-09-22,0.13512961158296408,0.20950724363950293,0.16047194098977297,0.2335995986557218
2020-09-23,0.13858834150002106,0.2185839367163334,0.1636652740276621,0.2439354316540045
2020-09-24,0.13507430133487772,0.21003906014653975,0.15971779633997732,0.23313091276321365
2020-09-25,0.12571920422492294,0.20074453008612542,0.1580607816762876,0.22836225973853497
2020-09-26,0.12019630966932138,0.1840674065776207,0.15216322446100483,0.21284053004240655
2020-09-27,0.12619625283755184,0.19376833735840204,0.15574792503481177,0.21544580093307453
2020-09-28,0.13223321344346287,0.19664676326155037,0.15429259122026118,0.2162260205384757
2020-09-29,0.1427637019276934,0.2236655365110489,0.16057671633370812,0.22602121544585746
2020-09-30,0.14106406444070596,0.22012336911056668,0.1614016683376197,0.2237808224729872
2020-10-01,0.13870639497995305,0.2056401898057483,0.164366222201838,0.22819189920744745
2020-10-02,0.13417771806547601,0.20987558496630704,0.16466028352460496,0.23434036199834163
2020-10-03,0.13179476996724487,0.21204229603397198,0.16758299560680107,0.24058744558953454
2020-10-04,0.1365492252951941,0.22713229319940303,0.16986911275135372,0.25009096874104286
2020-10-05,0.12946706850281609,0.18319517496830187,0.15983779968733952,0.21455992757259307
2020-10-06,0.1329723939273999,0.1906281174955,0.15941845907041097,0.21590096012161664
2020-10-07,0.13676311287240073,0.198484223970326,0.1617782230601561,0.21563796104554492
2020-10-08,0.13287481969202844,0.1915340107619319,0.16218891913169725,0.21473047163760262
2020-10-09,0.13394102876143782,0.19749432732151734,0.16555233897111762,0.21916784914851636
2020-10-10,0.1285037993170128,0.18993579164344684,0.16028297737956335,0.21373903010440626
2020-10-11,0.13496601946744885,0.21203369889197224,0.16727144422566342,0.23147505388053502
2020-10-12,0.1253594816276331,0.22624852137421997,0.17118478800516918,0.26221954617077015
2020-10-13,0.12309684243756416,0.203845735208364,0.17199567421750742,0.25442374337684376
2020-10-14,0.11743762951052104,0.190964097097672,0.16569722354629782,0.24332531598936688
2020-10-15,0.11343776440959948,0.1745575222260998,0.16315411910475053,0.23153233898467368
2020-10-16,0.11200457040515474,0.17161192422391797,0.15627079351432385,0.21953956865555416
2020-10-17,0.10364024821523131,0.15061771772196894,0.15694584683850582,0.2107283884757684
2020-10-18,0.10953530806800885,0.16378161580279021,0.15475969374554713,0.20315585904998681
2020-10-19,0.11586404273228154,0.1910527585824054,0.15971802455336634,0.21530834098265292
2020-10-20,0.10835458740842611,0.15816272363634135,0.15715862659790533,0.20678553989172446
2020-10-21,0.11077204762933218,0.15651951627110744,0.16435836764576656,0.21253520609307822
2020-10-22,0.11060335048172557,0.15516021479242634,0.16723301081594927,0.21513920099407302
2020-10-23,0.11350857255601711,0.16048211252878086,0.17525458407339575,0.22321721161313585
2020-10-24,0.11087378797552908,0.16039713860948815,0.1724354868009445,0.2219320128000391
2020-10-25,0.12054839151749175,0.18129985120039435,0.17898257003337703,0.23669336093169616
2020-10-26,0.13237846887951923,0.21480665176334823,0.18525440078790587,0.256603249121315
2020-10-27,0.11488153566061614,0.16278676737356854,0.18166407825558997,0.24153759277539152
2020-10-28,0.11434126435170583,0.16150455406819805,0.17624390795114067,0.2308630526734162
2020-10-29,0.11075705558745823,0.15434072622124284,0.1747888189239862,0.225790127777277
2020-10-30,0.10746049026012768,0.14879185421261729,0.16844271727635757,0.21524914431595543
2020-10-31,0.11152986853465986,0.1600461779909426,0.17381871485002628,0.22194097397482657
2020-11-01,0.11927634529127,0.18585720142544124,0.1780900195833669,0.22987210109393758
2020-11-02,0.13250509991937062,0.21827347783213571,0.19110122196567136,0.24781811759315955
2020-11-03,0.11098177364332933,0.1596671298811427,0.19017203399200497,0.24339908945316638
2020-11-04,0.11394323219712411,0.16756649591079714,0.1997382852391725,0.2564279816597428
2020-11-05,0.1147453366820404,0.17259620777930815,0.2034496611122466,0.2620441667427445
2020-11-06,0.10582941819817217,0.15949774830909352,0.2089806294500651,0.26448616021408816
2020-11-07,0.10041255366769784,0.14567900985080606,0.20748750694629703,0.25464413578730755
2020-11-08,0.1043510460206886,0.15457299468227143,0.21528881477941092,0.26445093634629596
2020-11-09,0.1082204191472446,0.16237268747895692,0.21572178343756532,0.26525873192387306
2020-11-10,0.10995668104069574,0.17105330774439126,0.22197550484475181,0.27469469496379934
2020-11-11,0.11128289480016801,0.17565922695892255,0.21844927433088718,0.2706288433575186
2020-11-12,0.11006245028540484,0.17393872160692653,0.22321853336999867,0.27693168046233796
2020-11-13,0.10188971737713337,0.14615761924054865,0.21092594189685668,0.25273646872210404
2020-11-14,0.09974136778401027,0.14076885390715352,0.20756922624381022,0.24942466207227984
2020-11-15,0.0991122748253098,0.14307352818162591,0.19972644057252592,0.24233035599855923
2020-11-16,0.1017434584518699,0.1442807962153121,0.1985674097513347,0.24023029160426018
2020-11-17,0.10428636697654493,0.14722366282295193,0.1890564324767303,0.22947695219278338
2020-11-18,0.10601951727404758,0.1490490919901443,0.1869941377822312,0.22988803245901437
2020-11-19,0.10725726241717035,0.15640851070113584,0.17408221791587158,0.21858575225988316
2020-11-20,0.10400829060007591,0.13994774734024792,0.1685881361379015,0.20736836928962768
2020-11-21,0.09984434474090768,0.1357173091351295,0.15574536241659798,0.19554690794309054
2020-11-22,0.10597835199318968,0.1403067644438808,0.14839124258992253,0.19102091380847733
2020-11-23,0.11471311956955073,0.15435099408721004,0.13655470525937363,0.18337617186409796
2020-11-24,0.11818636033524925,0.1850723919901221,0.13300455548536322,0.20563739927277838
2020-11-25,0.12293756977420166,0.15302763621221427,0.12185621023507602,0.16385087930821463
2020-11-26,0.1127121221563397,0.14677655895622144,0.12737460820503446,0.16802168892324726
2020-11-27,0.102857598039885,0.13515470007678793,0.12428420200424199,0.16324039846284083
2020-11-28,0.09745259197021333,0.1328226840929578,0.13024259858799186,0.17187795274579437
2020-11-29,0.09543469708273392,0.13268066306909054,0.13174010238835535,0.17259102384355834
2020-11-30,0.09494866957327026,0.13915162308386791,0.1388544252524859,0.18293547965032392
2020-12-01,0.09557921258747869,0.14539561726882091,0.14175635564758268,0.19054200719234057
2020-12-02,0.09405701246987241,0.1457266980925731,0.14691212463324008,0.1952638499544607
2020-12-03,0.09660774366800008,0.14370462281565866,0.14464457574773631,0.19058722367004816
2020-12-04,0.09630398136800426,0.14050123927024372,0.15194093721088794,0.19782783452999128
2020-12-05,0.09929835250194415,0.16004407815612867,0.15612574748660193,0.21466220687915272
2020-12-06,0.1037698311488951,0.17593104943225377,0.16340611801019125,0.232153787655631
2020-12-07,0.11290015900281825,0.2038582094381831,0.16749576357389234,0.2503585885083971
2020-12-08,0.11535610395780953,0.21101853809890833,0.17207633392344854,0.26124949850817736
2020-12-09,0.12231069964436356,0.2331163627902645,0.17296902239978193,0.27553203058928794
2020-12-10,0.12791642316648788,0.25436615328414935,0.17846005236951124,0.2902129099420259
2020-12-11,0.11650452109276666,0.18965694227164356,0.14989362348304885,0.1940499457927827
2020-12-12,0.1085273501442024,0.17611532912830963,0.14632902557953495,0.18629586060670553
2020-12-13,0.10955765621228121,0.18278532195331443,0.13972382142025394,0.1772518448923231
2020-12-14,0.10801362547030101,0.17167414540114206,0.13896229912652708,0.17641286918068916
2020-12-15,0.10774019161794375,0.17823677032646704,0.13202790516142718,0.1697282915175618
2020-12-16,0.10539346026441714,0.1737506607920795,0.12993335729464778,0.16762783424802116
2020-12-17,0.10746165101534243,0.1815957308568961,0.12518531340779315,0.162147137831912
2020-12-18,0.0813742033281712,0.1166846778233037,0.1244896282884627,0.16457391810931388
2020-12-19,0.0748070688484869,0.12319989831021592,0.12008854090246013,0.1712637061537571
2020-12-20,0.08274104528291401,0.1179757224181129,0.12081767990862297,0.16431925228672742
2020-12-21,0.09483194130044277,0.13226578709116454,0.12154622527395927,0.16847359782990834
2020-12-22,0.10657908893295238,0.14597641728352007,0.1273072366681532,0.17895520241285595
2020-12-23,0.11922074660065626,0.153032867352038,0.13146102573428922,0.18084915868044385
2020-12-24,0.12149267462932929,0.1565108991826182,0.1381590739685762,0.19317951826384117
2020-12-25,0.09974552943685266,0.14940561160817709,0.13467397080347362,0.19834042091599985
2020-12-26,0.08818159450351354,0.1302538650707306,0.13394399969199636,0.19150655039794312
2020-12-27,0.08669901747323329,0.12987946209848805,0.1329078743666916,0.18686573123434672
2020-12-28,0.09598184229094257,0.14573222710889838,0.1382496011924945,0.19519297485821832
2020-12-29,0.10640387524215869,0.16352410455810365,0.14117438971233667,0.2023716221134108
2020-12-30,0.11088165084919922,0.17539678696928251,0.1446263132660018,0.21137773686975395
2020-12-31,0.1199586112232897,0.20310739352177304,0.14505031503940813,0.2265340916110295
2021-01-01,0.13460497301054095,0.2543426756734507,0.15139839055474252,0.26508632786514624
2021-01-02,0.10511398650850125,0.15925965249315172,0.13442650225736424,0.20564147620092313
2021-01-03,0.10546429366807226,0.1587688805721926,0.12929600058067145,0.19479581590788017
2021-01-04,0.10965313433247381,0.16135202052960468,0.12281856733906586,0.18052602579546248
2021-01-05,0.11490352995344777,0.1707600598477799,0.1222720829125297,0.17986636495938377
2021-01-06,0.12008048589172132,0.19021842903240346,0.11795005094991444,0.1801041610176596
2021-01-07,0.11864073315473944,0.19590492309870286,0.11592910341550945,0.16432593823126554
2021-01-08,0.12301419020521898,0.23096058430434424,0.11385541660033353,0.16277133022439955
2021-01-09,0.08186382643282043,0.13390645221864564,0.10533266807889452,0.154635811467897
2021-01-10,0.07881757756324198,0.12780791476562875,0.10006976625999653,0.1467727515166297
2021-01-11,0.08377528813933303,0.13186293045597744,0.09893548473099824,0.1409337886502598
2021-01-12,0.08542327899488528,0.1328112952815113,0.09422465772409945,0.13731766468394335
2021-01-13,0.08548034162628441,0.13852723900019245,0.09303986492014331,0.14038553281953428
2021-01-14,0.07943929709265642,0.1236114381444686,0.08684868914486511,0.12421100350940617
2021-01-15,0.07484511683471216,0.11313798974732826,0.08394593612746515,0.12084719939271846
2021-01-16,0.07824808304066593,0.1160294605679034,0.08136447245770068,0.12025404881411705
2021-01-17,0.07975728583078996,0.11174010372916432,0.08296765547739605,0.12063054859111164
2021-01-18,0.08944200624483661,0.12836473150364028,0.08741302527998632,0.12803170844178158
2021-01-19,0.09968901143451714,0.1567501612287646,0.0978076854772269,0.15531789475447913
2021-01-20,0.10187165350133041,0.14456639756193443,0.10415904559912992,0.1504980629242004
2021-01-21,0.09907693547614305,0.1368921761670875,0.11115888854079121,0.1547634577990592
2021-01-22,0.09815930767529907,0.13407960286904264,0.11734454778147196,0.15932477870828624
2021-01-23,0.1047060934004741,0.14105467073535444,0.1315976254971732,0.17289957135183545
2021-01-24,0.10143408597021832,0.1465797292001917,0.14147546422590696,0.18818421467308935
2021-01-25,0.11126911700582993,0.1752408203345491,0.1570744096056669,0.21521589323133544
2021-01-26,0.11905474584347497,0.16905730367357116,0.17091836362797141,0.21747849912695524
2021-01-27,0.12069515206758631,0.18110998654407626,0.18551217654827007,0.23584830173685992
2021-01-28,0.1222177472010554,0.19373891527912956,0.1953604577627132,0.2515223477914482
2021-01-29,0.1169041268196145,0.19331945026033828,0.20292995339427197,0.2621765994025927
2021-01-30,0.10240369726609536,0.19115092742127968,0.19453419300517844,0.26013443915783635
2021-01-31,0.10046138189914695,0.20440138822852383,0.19775872769535993,0.267765310031951
2021-02-01,0.09534598410632654,0.15350008189806585,0.18636988770473747,0.22990097931404707
2021-02-02,0.0932950815983382,0.14672675664300108,0.1860543917990136,0.22784821214177386
2021-02-03,0.09808617962713487,0.16136696181451757,0.17845183534049994,0.224813854491823
2021-02-04,0.09653910233237807,0.1760775368569196,0.17950965943721983,0.23889932861264906
2021-02-05,0.09741285144276084,0.17545869755943921,0.17522571224010666,0.2367970662493596
2021-02-06,0.09224381913554051,0.15944798147543818,0.1782919199580095,0.22821201366334287
2021-02-07,0.09351513412553814,0.15632524437511358,0.17918910293449267,0.2240569879266724
2021-02-08,0.09017881049475826,0.14408121018717396,0.18218476062297892,0.22610721826189845
2021-02-09,0.09680890405712334,0.14759222547943643,0.18514977100640265,0.22545025837584093
2021-02-10,0.10035162161167167,0.14964089238533873,0.19405948413689447,0.23455494223323864
2021-02-11,0.10140213415792279,0.18060012547275978,0.1998293358672842,0.25752884616454064
2021-02-12,0.09279513064435119,0.1383311265611941,0.2034460061796061,0.2414377404122969
2021-02-13,0.09348358593625045,0.13289473170125538,0.205574486658096,0.2442003710449935
2021-02-14,0.09667551578926178,0.1386145306133759,0.21319852306839188,0.24985677688502916
2021-02-15,0.10371343169197396,0.14588414017415743,0.21557498553353352,0.25168022893680847
2021-02-16,0.10484499164817358,0.14481550785248024,0.22093204179906378,0.25828916732606033
2021-02-17,0.10291529924886411,0.1425146871484575,0.2172640710127634,0.2558576631029247
2021-02-18,0.10110667679623755,0.14361456322277277,0.21861825763357834,0.25940070320770575
2021-02-19,0.1040433218444034,0.15610861257472794,0.21422123728878545,0.25955063960280617
2021-02-20,0.10093093945490735,0.15982315847293063,0.2155844753796639,0.2685937990672413
2021-02-21,0.1087675829833187,0.18917699556265968,0.21154814917029668,0.27796644721832847
2021-02-22,0.11987648503271177,0.21973025111479438,0.21365885694663025,0.29485993734848587
2021-02-23,0.12245854151139282,0.1962497264347927,0.20634595550335277,0.2817296898928831
2021-02-24,0.12694326013738974,0.19655543164361267,0.2084063352639534,0.2822549735158958
2021-02-25,0.12054584339853244,0.18303297830178264,0.20617282592554356,0.27600834355576764
2021-02-26,0.11768509951794602,0.1795058262766805,0.20962455860110066,0.2767926403263106
2021-02-27,0.10973092470450771,0.16627961749065256,0.20550795690751253,0.2669403086885272
2021-02-28,0.11633392633075851,0.18177774558453189,0.20634432377193493,0.2709466023643047
2021-03-01,0.14664295439166064,0.2688791328058574,0.21475364858445442,0.2906350842402168
2021-03-02,0.15434503718860823,0.29794433675011944,0.22782364739731054,0.33035027226813357
2021-03-03,0.16204104860682386,0.32678030472929387,0.2273096229054545,0.3536706958490303
2021-03-04,0.16022828840545517,0.3446245485041145,0.22663626650968252,0.36796381816747564
2021-03-05,0.15801705165691438,0.35274115713534626,0.2159588135630721,0.3684722773098543
2021-03-06,0.1581581575385932,0.36960514819422297,0.2120242478957989,0.3769435061264427
2021-03-07,0.16644056488930825,0.39093254962335106,0.20667098267451606,0.39062668064818257
2021-03-08,0.19826211404965213,0.4942970790154499,0.16651067129023958,0.239873621418355
2021-03-09,0.20545566581690078,0.4140972741063817,0.16174196667834967,0.2301918572560541
2021-03-10,0.18695670059075997,0.34384991540976945,0.16112190150779304,0.24543017842608666
2021-03-11,0.1706062426363102,0.28301763149911385,0.14917334754997133,0.2082484281280757
2021-03-12,0.15793891887056477,0.2616146067823656,0.15172704177241156,0.20983943569102623
2021-03-13,0.15052352119997647,0.25725263334064985,0.15710506011392988,0.21742875403366987
2021-03-14,0.15326863537710228,0.27335794747219183,0.16751899798495104,0.24563606502736388
2021-03-15,0.12210270268556153,0.18350237826929472,0.16233109697450696,0.21992119867368157
2021-03-16,0.13306054115675095,0.20275935861971098,0.1731988918456137,0.239245610648687
2021-03-17,0.13092965328214504,0.19603449785794938,0.17349724726379928,0.242032421672606
2021-03-18,0.13165831984940596,0.2042518038450866,0.17575691892649348,0.25090729170429865
2021-03-19,0.12085132341802868,0.1961542890517365,0.1690026381846334,0.2504145842933678
2021-03-20,0.11661689138622153,0.19051145166304823,0.1681882400757257,0.2500155816684671
2021-03-21,0.12241291965798555,0.19967982769536644,0.1648641060519866,0.24625838353971305
2021-03-22,0.1263686864999279,0.20090442515888265,0.16292789691161158,0.24463388003476488
2021-03-23,0.140020928940674,0.20568249472308958,0.16147028303540298,0.23001308940627105
2021-03-25,0.14395383514937485,0.2141922581505165,0.16831704265901914,0.24242699494626344
2021-03-26,0.13999939440395545,0.2283493379992761,0.1735191667288071,0.26019535236687497
2021-03-27,0.14864496493149346,0.26510151213923416,0.17817422180566836,0.28895807625225484
2021-03-28,0.17138638803217351,0.3479317937874971,0.1969136645191636,0.35928322558783615
2021-03-29,0.20743076121218207,0.526606615035362,0.2304369138670023,0.5337927424608655
2021-03-30,0.17211216648596894,0.3851309917888882,0.22313969291525407,0.5007557494136423
2021-03-31,0.15559774228297749,0.32198922229360694,0.21160596978807297,0.45181860297361076
2021-04-01,0.13946206381140624,0.27394950130712403,0.20665354143666503,0.42522682720741417
2021-04-02,0.12651430419540358,0.23109981488197784,0.19317211788726138,0.3754931764465302
2021-04-03,0.13223592406820636,0.2301497021621388,0.17776758693234226,0.3058794744927559
2021-04-04,0.186998651836178,0.42296701679114657,0.1534786419910096,0.2256970731882957
2021-04-05,0.23318394130105746,0.7064255074228566,0.17419194109758115,0.28868996979541794
2021-04-06,0.12439112778621256,0.1956738999184886,0.1500930008632935,0.22152004499366812
2021-04-07,0.12506144649346593,0.19649270183845502,0.14971050890677343,0.22419851324362441
2021-04-08,0.11747031247700264,0.20590515095577697,0.1436151468638538,0.23096409156148834
2021-04-09,0.11039668094024033,0.1935883770382658,0.1405570084035365,0.2258704567845228
2021-04-10,0.1089116037746916,0.18523041998281808,0.13410380666539126,0.21073559128449126
2021-04-11,0.12216590905411055,0.2088866154641671,0.13999688839998697,0.2279417265868079
2021-04-12,0.1401613601393702,0.2456509385617697,0.14522674425290857,0.24198258129876055
2021-04-13,0.14699930290703944,0.28787939565114434,0.15438419714725,0.29290620334878875
2021-04-14,0.15265551870042465,0.30857022612154594,0.15270389041535262,0.30661049036924637
2021-04-15,0.1304620092998007,0.2853443252776545,0.14190893718514824,0.2947237480397593
2021-04-16,0.11835954391701839,0.20163732772792498,0.12810150274032503,0.21401463111577734
2021-04-17,0.10817574367672664,0.15780051063123204,0.12325210711923747,0.19558612282320958
2021-04-18,0.11243269374354241,0.1593635489199571,0.11878154947780149,0.18366949518126144
2021-04-19,0.12000962646010853,0.17202563021724165,0.1205749667831486,0.17680611959421863
2021-04-20,0.11832631084762857,0.1783775597885653,0.12068911248544424,0.18261029151760957
2021-04-21,0.11520523628538903,0.17294375315344349,0.11834890975008171,0.17565764732473876
2021-04-22,0.1059160539293705,0.16975764168206717,0.11309393760340167,0.1723657685678601
2021-04-23,0.10315906589957682,0.16890687924616915,0.11229104405242178,0.17099629373851172
2021-04-24,0.09540016463093305,0.139315970156455,0.10926424833332264,0.15641345024022496
2021-04-25,0.10403050221170293,0.15348468317708533,0.11654685213921814,0.1651424525125524
2021-04-26,0.11183834784089501,0.1627405504589396,0.1216173443894006,0.17032236884761584
2021-04-27,0.11668536744555728,0.17812783677122368,0.1285459284361178,0.1855627008924167
2021-04-28,0.11475121830562057,0.17793879356993406,0.1316907759110528,0.19346758038847228
2021-04-29,0.11151816660378461,0.18058728901679333,0.1366218985206123,0.20935349849740192
2021-04-30,0.10948596898236827,0.1799025482497196,0.13735670448080725,0.21677582504035606
2021-05-01,0.10357649129951832,0.15973641651587947,0.13824639231445032,0.20779543754566215
2021-05-02,0.11077734502301367,0.16230947691457515,0.14059453284733014,0.20380130051068582
2021-05-03,0.11923056484420984,0.17746747530091642,0.14929699893114765,0.21556697265407948
2021-05-04,0.12531524888913234,0.19164783442457434,0.15529056951778666,0.22647749549931318
2021-05-15,0.11867429517873326,0.23772634637265175,0.1662984678470379,0.2417748185832632
2021-05-16,0.10368458242346865,0.15851811738752838,0.16032084512530043,0.2079611046821971
2021-05-17,0.11693688531473273,0.1826779464013492,0.16904476191880477,0.22008905068773563
2021-05-18,0.11953573184029519,0.17623386500987354,0.17300101982734395,0.22453299983837502
2021-05-19,0.12036915254308354,0.1787232858901382,0.18102194587243636,0.2363476694511263
2021-05-20,0.11752179275659771,0.19173166671584616,0.1854013659305704,0.25575076946062936
2021-05-21,0.11014010951395885,0.1634828173682448,0.19058598933626747,0.24598040461934373
2021-05-22,0.10723028330798097,0.1591344627149032,0.19132858582931722,0.2451190754960898
2021-05-23,0.11518282178460627,0.17045385583757358,0.20067872376115442,0.2553681052630872
2021-05-24,0.12019130770851601,0.17856751560710893,0.20626944153461985,0.2576140277172406
2021-05-25,0.12044852553214472,0.17644184155387868,0.2134048258076577,0.26608835670764863
2021-05-26,0.11913601999862702,0.17612235957816452,0.21496057597834273,0.2706993733867108
2021-05-27,0.11659250006644072,0.17393590438466586,0.2221431506758121,0.277925034642815
2021-05-28,0.11219979874227719,0.1662215205035617,0.2247495683066145,0.2793005505386162
2021-05-29,0.11876120169870949,0.1883305179245424,0.237954552107074,0.2997811705730946
2021-05-30,0.12924880213072443,0.22578453703376716,0.24367995141647816,0.3266869377607096
2021-05-31,0.14869036502969749,0.2739358515680759,0.250497878867523,0.34852529709223484
2021-06-01,0.1531370983436783,0.256624872769593,0.2503850685160342,0.33111998916137836
2021-06-02,0.15692788059815352,0.27861895816805726,0.26097519971274763,0.3537733810158543
2021-06-03,0.15490493000011432,0.2897486114557207,0.2589363644484949,0.3656935463759952
2021-06-04,0.1348918018067094,0.2287881547560322,0.2544884148918462,0.35590843670416605
2021-06-05,0.136046536534135,0.24253233105575964,0.2551514102811503,0.3668990939867218
2021-06-06,0.14092789386308274,0.2548234469071831,0.2592492605918155,0.3734986486476434
2021-06-07,0.1539687411616134,0.269182102657173,0.2613756856001558,0.3746752843465815
2021-06-08,0.15852227993250348,0.2758995016933504,0.2592495967151503,0.3588537559787424
2021-06-09,0.16460800137481374,0.2835441219707871,0.25294113860699086,0.3480485709990671
2021-06-10,0.16702001583586307,0.30392559348756576,0.25266635351570327,0.3338009415002988
2021-06-11,0.14246277477378855,0.24750752696624703,0.2462959433005281,0.3476484709745364
2021-06-12,0.1303405770822006,0.18944403370322038,0.24617510179722074,0.3146620750099875
2021-06-13,0.14749242684095235,0.21738010833014687,0.25358688104917265,0.3259579410350013
2021-06-14,0.16387504029056255,0.24760398189497407,0.2621890242488028,0.34294856905089194
2021-06-15,0.17067136846629488,0.2587352585350036,0.2550786637958442,0.3390501786632785
2021-06-16,0.17767030271116765,0.31321843020218854,0.2634722836951563,0.3840454829033622
2021-06-17,0.18153830810938124,0.3421556741565088,0.2579373846866824,0.39863268022233883
2021-06-18,0.1779358587087766,0.4668897234922639,0.2611133228520704,0.514192984600795
2021-06-19,0.16566677190740728,0.39000762083131124,0.24352943116274864,0.4746235440388868
2021-06-20,0.18407169144561367,0.39751160019170784,0.24151802283209303,0.4704982742788838
2021-06-21,0.1962195963446793,0.3633474956056548,0.22875631846044311,0.4340871489305955
2021-06-22,0.19599866579586508,0.3497746406361485,0.24261161190060718,0.4324418244435542
2021-06-23,0.1898359617565856,0.36396592592094296,0.23451247507201647,0.40649430311570095
2021-06-24,0.17333609275965955,0.34280123347255737,0.2349115519714408,0.3906716078334049
2021-06-25,0.1645674667588533,0.33510914096561745,0.2293397930587382,0.3687358515316149
2021-06-26,0.14649818102841003,0.2504397437478479,0.2213870166984102,0.3263009659429908
2021-06-27,0.15639057919227414,0.2444313951447863,0.21779497850999174,0.30789240387599504
2021-06-28,0.1816704141956609,0.2839414237206424,0.22353951343854467,0.3003795596476202
2021-06-29,0.19791102505461833,0.3161139756861242,0.21895960684617147,0.32273479504890534
2021-06-30,0.21535452339150354,0.40840754026998477,0.22268329223930375,0.34320329364198227
2021-07-01,0.22842620725031285,0.4289152873841337,0.227000783715774,0.3673369590608167
2021-07-02,0.2552861346527309,0.5573568199643066,0.24104300252642955,0.44136555275298245
2021-07-03,0.1734167247187303,0.34462111261027867,0.22529433650828623,0.3879678527079925
2021-07-04,0.1897752151640879,0.3583364620853696,0.2276941649533446,0.3856413298397534
2021-07-05,0.24790550624668536,0.4258073098953612,0.24466891441322736,0.4023458066718818
2021-07-06,0.24396526734021678,0.44670522281430025,0.2546333824675925,0.43551086413785484
2021-07-07,0.23902665053872454,0.42302193223383744,0.25564030821664324,0.43331292189092907
2021-07-08,0.24785580652543343,0.43038543599386053,0.23844923486572886,0.32449362389314595
2021-07-09,0.19933872037742595,0.32692024969626116,0.24277722708562652,0.3239507350320335
2021-07-10,0.2003549485124788,0.3303438775161751,0.25667848061086035,0.343343552186552
2021-07-11,0.20294968640014108,0.3078005999817775,0.26511587043394785,0.34823892271964985
2021-07-12,0.19043409260325017,0.29360737743015225,0.2603936135264456,0.33177695522586775
2021-07-13,0.18812242340936342,0.2752367275533051,0.26868795291366065,0.33048223071256144
2021-07-14,0.16849309466958645,0.2572706642729627,0.2826687266732868,0.34362773875598934
2021-07-15,0.14083310336137905,0.20574086606668474,0.2852307039488488,0.3417431855242995
2021-07-16,0.12831290204347406,0.18602549610759678,0.29525996448720104,0.34737809273313774
2021-07-17,0.13758338360209682,0.1977978171046642,0.30749438682292163,0.36026402023616183
2021-07-18,0.1561589859468326,0.21518593423450338,0.3281633989254263,0.3821389120232365
2021-07-19,0.1446386083594636,0.20062603723590136,0.3255166706779505,0.375005674410615
2021-07-20,0.1380706722801601,0.19247811312277294,0.34371670099176327,0.39073698597672485
2021-07-21,0.1324051967855645,0.18769718691558035,0.3421092918902281,0.386527799387584
2021-07-22,0.12052121791239634,0.17389912926802492,0.35540220775790304,0.3987862693331498
2021-07-23,0.10983137134354139,0.15600432594409697,0.34945758198804755,0.3875118771701453
2021-07-24,0.11734553941985884,0.16371478983846888,0.36513298428362945,0.4038620043827556
2021-07-25,0.1364444079824528,0.18714232299745234,0.3711229496669169,0.41329804307370926
2021-07-26,0.12372501027751394,0.1754398169204021,0.37165137305720664,0.40963048916347544
2021-07-27,0.13168379560490875,0.19184642660982515,0.35823809619355296,0.3983938276665624
2021-07-28,0.13003936208356873,0.20091787153542354,0.3627617126089613,0.404512602597965
2021-07-29,0.12400837481299948,0.19843228015968836,0.35143344255521913,0.39397951945540594
2021-07-30,0.1146493292452213,0.15873965758299435,0.3471500361582609,0.38170683396441135
2021-07-31,0.10732818032634209,0.1460767810723924,0.3428737914480308,0.37607763377602277
2021-08-01,0.11100973114439643,0.15383561821673267,0.3489825269799973,0.383897335251851
2021-08-02,0.11604861645350942,0.15746054957512326,0.3330680255559877,0.366321047919005
2021-08-03,0.11086109590651295,0.156767059834892,0.3368462647982469,0.36843811529758574
2021-08-04,0.1122282482129669,0.16686660177988624,0.32300145118544316,0.3537801212847521
2021-08-05,0.11051365837353018,0.1833113778831196,0.3234386298906339,0.3563268160077688
2021-08-06,0.10287381980198362,0.13554908594090592,0.30216454328228715,0.33142141779756945
2021-08-07,0.09617086687360586,0.12657922218346923,0.30498537927327024,0.3358632086357038
2021-08-08,0.09906759231953587,0.13643320017252256,0.29708945831282924,0.332230688098208
2021-08-09,0.10956733915958997,0.14683527456079165,0.2839420455040018,0.31866226258962166
2021-08-10,0.0998114844852347,0.13258247397097334,0.2740034524499428,0.30674661147038706
2021-08-11,0.10637174762347897,0.13481402554347122,0.2648419935885456,0.29590338361010615
2021-08-12,0.09771906061929123,0.12205125460208142,0.2513241052724341,0.2802888368129266
2021-08-13,0.10261395552982276,0.12710198548834023,0.24626651805127578,0.27561491234443186
2021-08-14,0.09316968227970308,0.11987409629391067,0.23623403064967693,0.2668317485785114
2021-08-15,0.09917038995247258,0.13039928129568093,0.2349093136226282,0.2695528912567358
2021-08-16,0.10303091712525723,0.13484960367600957,0.22012090167599238,0.25570993774593337
2021-08-17,0.09729063586496153,0.1448323298056744,0.21749956951163246,0.2589760313518644
2021-08-18,0.09364691531039913,0.13447661058198787,0.20421163925441668,0.24405524833152084
2021-08-19,0.08706843601380458,0.12361279016418482,0.2013484759595463,0.24044431496644653
2021-08-20,0.08392477073074174,0.10943875784494783,0.18769239303938764,0.22010112320600328
2021-08-21,0.07942849298649333,0.10605437751017335,0.18867894813855912,0.2230755747159032
2021-08-22,0.08592174118631479,0.11685307716811742,0.18315611936950085,0.22129357726046925
2021-08-23,0.09227297756256708,0.12557116807247082,0.17871098920403375,0.21812958603288315
2021-08-24,0.08741413322877252,0.12513867684359023,0.17328064708246058,0.2148617320952773
2021-08-25,0.08270180304768285,0.12035489727923415,0.17429831155534584,0.216885148692311
2021-08-26,0.07594550771032202,0.11528480519904148,0.1662459957391989,0.20725382654053612
2021-08-27,0.07614095353082953,0.11744299416894066,0.16557641196397163,0.20822891152277356
2021-08-28,0.07586809771201404,0.10334296571310454,0.1599828389004637,0.19554093752086096
2021-08-29,0.0859116408232991,0.1169668647174238,0.16019868825520628,0.19732847350110821
2021-08-30,0.09382358341217889,0.12472937525225115,0.1451749175464372,0.18341611629494656
2021-08-31,0.08992898984671863,0.12177527962632023,0.14194193484657414,0.18047510427456967
2021-09-01,0.09659315902617323,0.12498707571853473,0.1280810683605187,0.1652621672894946
2021-09-02,0.08689091900944444,0.11765158524264206,0.12606556630459237,0.16392340249672793
2021-09-03,0.08746319818050087,0.1116809864932647,0.11497842404027186,0.14801556559902096
2021-09-04,0.08730270057796503,0.10925127570039343,0.11170969376298752,0.1427614345925662
2021-09-05,0.097577120569971,0.12301040045440788,0.10860887378601393,0.14091675240817644
2021-09-06,0.09527533839163652,0.12485657657301612,0.12410305135056988,0.15734315602389023
2021-09-07,0.08710945642016338,0.11902940109021118,0.12008567437248685,0.15515273711302555
2021-09-08,0.07408844452671468,0.10302072471461277,0.12032396847808192,0.15443156439120623
2021-09-09,0.06941082571243674,0.09776269484283648,0.11856797157442561,0.1523259982789342
2021-09-10,0.06134905295322021,0.08854733039134646,0.11884355205749798,0.15249476153604993
2021-09-11,0.06291780612527233,0.0910275220906082,0.11793784157414033,0.15283249595953813
2021-09-12,0.07269618680059892,0.10695846933271336,0.12200659859913861,0.16060098606851994
2021-09-13,0.10602632988710695,0.14218481362271543,0.11503130319066414,0.15671147863411827
2021-09-14,0.08948356088094572,0.14186051855939924,0.1180286893160018,0.1704920439348206
2021-09-15,0.08432738582508996,0.12369050816678026,0.11191062652423713,0.154228417779573
2021-09-16,0.08278319346079917,0.11584389689433688,0.1118793908299307,0.15003377512003327
2021-09-17,0.08287146896945018,0.11735198860011987,0.11121663089337382,0.1496740556618074
2021-09-18,0.08878946824681891,0.12929991139858382,0.11712812189007357,0.15967424691024518
2021-09-19,0.10189168489261367,0.14743302553506457,0.12311906397673475,0.16942859372570543
2021-09-20,0.09897622314093625,0.13319173743203594,0.12679248715095828,0.16472493315072187
2021-09-21,0.10454509291602143,0.2064667597269272,0.12594720215282743,0.16486324822267642
2021-09-22,0.10481678802169364,0.22453257386580297,0.1306527177043564,0.168651018906333
2021-09-23,0.09668201344040613,0.22415105306584832,0.12548349591927702,0.15949533088091022
2021-09-24,0.08375872788655182,0.17447385524043277,0.12414165703052069,0.1567178825961746
2021-09-25,0.07983550909981907,0.16030870834799607,0.1204801362651338,0.15326446586504602
2021-09-26,0.0885397797096593,0.16342286255031388,0.12497110252179168,0.15847261446657343
2021-09-27,0.07568752911993434,0.10794642318432815,0.12311284752691562,0.1578791206020284
2021-09-28,0.10389531071989462,0.13670176807570406,0.1420018507348286,0.17870095998096533
2021-09-29,0.08304536560904015,0.11512887280206555,0.1388120966900418,0.17578626502657743
2021-09-30,0.07557980855312706,0.10065182287262579,0.1438932968779447,0.17956880751019139
2021-10-01,0.07255537385746957,0.09441575263407241,0.14263481443944612,0.1767440223232452
2021-10-02,0.07835584450489688,0.09934434036210422,0.15162426461643466,0.18706221446156565
2021-10-03,0.08745674668499036,0.11145070424557532,0.1563384788655143,0.19244593639017
2021-10-04,0.09657814279255865,0.12344602089794436,0.16500263016495295,0.20339422613962152
2021-10-05,0.09807491342437676,0.1280548942884478,0.14999175716882013,0.18671182039635636
2021-10-06,0.08701393521233998,0.11792065388022809,0.1566039723343806,0.1938852033557218
2021-10-07,0.07746176660808336,0.11561948671323947,0.15581280001394576,0.19455479264326364
2021-10-08,0.07774833073343121,0.1245209036184166,0.16096462630549335,0.20214180919298497
2021-10-09,0.08356484894236449,0.1435881728942129,0.16198269884742225,0.20832200893105585
2021-10-10,0.09877950063092737,0.17499672560363785,0.1692444469419387,0.22638147697847255
2021-10-11,0.11876286566795963,0.21456922994740166,0.16655328349566964,0.24550437078185935
2021-10-12,0.09169682662680285,0.14576614848841424,0.16782049619792544,0.2330127210618527
2021-10-13,0.08624761311772094,0.13468330928117478,0.16372665016861876,0.22521323186686545
2021-10-14,0.07708032462630353,0.12179915285436083,0.16180099366792022,0.21837073818567743
2021-10-15,0.0780459096834274,0.13620325267347058,0.15301613165058361,0.21054416830434003
2021-10-16,0.08060751115359464,0.13705309004188077,0.15405349461031484,0.20648832161246136
2021-10-17,0.09683284697635906,0.17086560102654963,0.15148784411166039,0.2033160392001569
2021-10-18,0.11606877519562614,0.21262377128020757,0.16009246382002265,0.21222163191521504
2021-10-19,0.0905905187831994,0.1429346891768644,0.15451027048799612,0.20935952791487222
2021-10-20,0.08944759714710511,0.13506220303121072,0.15239645121416465,0.20592084953008305
2021-10-21,0.0812449418032514,0.14046461098545096,0.14829361715972267,0.20887964610628498
2021-10-22,0.07900952522386519,0.1306930069426286,0.14815627666587936,0.2024469430492961
2021-10-23,0.07778262845909566,0.1306819649028761,0.14743020465941664,0.1994042976312787
2021-10-24,0.09107081453882815,0.16259730682934434,0.15415065700326375,0.2223778929958361
2021-10-25,0.10142601418890955,0.15768740145433915,0.14976896843545237,0.20065155922449973
2021-10-26,0.10119923977880625,0.15726771575091542,0.15194968463921904,0.2055910171818168
2021-10-27,0.09034408082359166,0.13326217340046084,0.14522145038491693,0.19227001234115915
2021-10-28,0.08401534179250288,0.15148825466443483,0.14711348995014195,0.21506214533156195
2021-10-29,0.08291841835747937,0.1285396928184704,0.1394871109023843,0.1871023529463322
2021-10-30,0.08563100825822781,0.14086524207591325,0.14242751119471447,0.1955512282914325
2021-10-31,0.09913433020743102,0.14982036012579766,0.14039252084577378,0.18993376408626583
2021-11-01,0.10961203375394767,0.16520879267230304,0.14134983091535436,0.1960160742981546
2021-11-02,0.11612875532028312,0.1723260410490537,0.1463165961264324,0.20033752613446462
2021-11-03,0.10203824915257045,0.16905623961911764,0.14167195381984998,0.21022320625225607
2021-11-04,0.09292430682841661,0.17116114761244164,0.13568187262278655,0.21740089165339144
2021-11-05,0.08949663908580557,0.12612133714884116,0.13063296854410156,0.1772517088958079
2021-11-06,0.0924543281304714,0.14946730235142727,0.1316554280995121,0.19642918619568342
2021-11-07,0.11201925882621505,0.17151930786317923,0.13754488188343694,0.2021076673794011
2021-11-08,0.12100474344406416,0.16282437115789983,0.13495956769145415,0.17781821622836003
2021-11-09,0.1326531506955564,0.17942407317263667,0.13986777628450214,0.18437837180034708
2021-11-10,0.11309733948108061,0.15430581882315697,0.13778973324362734,0.18076242938459042
2021-11-11,0.11115442098863246,0.1543594903603344,0.1395649196998604,0.18342304027178932
2021-11-12,0.0991045330072669,0.14070396858541764,0.13603172035987604,0.18047756736325574
2021-11-13,0.09909976540716227,0.17137025558215202,0.14077721294773088,0.21115506476657228
2021-11-14,0.11637763216494874,0.16720247860933538,0.1443065624467599,0.19320056517527087
2021-11-15,0.12165724100570616,0.18316568104098604,0.1499968269181267,0.2072156703082557
2021-11-16,0.12551353204787583,0.19405823890362725,0.15227889089244526,0.2192363765597699
2021-11-17,0.12183700252904353,0.211451338736916,0.15536784798747796,0.2413474534973286
2021-11-18,0.09733973351395098,0.1527461657834623,0.13648735167786513,0.19966451981578884
2021-11-19,0.09476369128740063,0.14882292383725756,0.13053651935932825,0.19481361509969664
2021-11-20,0.09870040902773158,0.15166754183633332,0.12323287577551338,0.1863270983478684
2021-11-21,0.11607326126628308,0.16677603389753068,0.12453237194190525,0.1833099501339681
2021-11-22,0.12676011055855732,0.19382691643163674,0.1214347714958811,0.1913043004058597
2021-11-23,0.125662194810469,0.17432657483815045,0.1171120391836483,0.16513130634523668
2021-11-24,0.12739395338724352,0.18160742053046297,0.11540130982761045,0.16387028304613194
2021-11-25,0.08981483219510489,0.13235593822783068,0.11330363064649243,0.15850615112781308
2021-11-26,0.09759690931140176,0.1396887484852301,0.1148565406669903,0.15579152259195334
2021-11-27,0.11955544694012052,0.16468514301620407,0.12466266549350921,0.16364756136066338
2021-11-28,0.15155867799305456,0.2041280135981907,0.1404612880149909,0.18167164258883997
2021-11-29,0.14382003191968568,0.20020977012718016,0.14921356724126184,0.1928583285709542
2021-11-30,0.13470528315138627,0.18500821197789918,0.1527608792752518,0.1951043117522548
2021-12-01,0.12977847759323516,0.17841325828150806,0.15535469853280126,0.2005028139987824
2021-12-02,0.09430331807492477,0.13427674397203948,0.14257493348788683,0.18154681470288414
2021-12-03,0.09699898243507049,0.12904540114988858,0.12683535379720137,0.16427759294767105
2021-12-04,0.10094830293448334,0.13263880652408855,0.12173763336589093,0.1585149045829834
2021-12-05,0.12074324263206142,0.15777235551731103,0.12705251202692097,0.1666202995415722
2021-12-06,0.12037892309401099,0.16681561549614235,0.1305408233663259,0.17367384359853416
2021-12-07,0.12299292025736039,0.18665073144034652,0.1378650064288063,0.19509823746626154
2021-12-08,0.11408138984077919,0.17327041950887292,0.13515315313394552,0.19261663584206262
2021-12-09,0.10695351892521693,0.1693410165451546,0.1381192996019532,0.19539649843685536
2021-12-10,0.08326346967842926,0.13818261333780302,0.12827764478327922,0.18370724139777936
2021-12-11,0.0813067022850333,0.13769361127624388,0.12932370187243003,0.18689804051790704
2021-12-12,0.08889716540518541,0.12679855353593586,0.12831844776420887,0.171082744222653
2021-12-13,0.09865722038009872,0.15127438211490993,0.13465852184132174,0.18567370866728253
2021-12-14,0.10487309894330114,0.14570924536314558,0.1364455983009912,0.1759353651415131
2021-12-15,0.10562382454593942,0.15040379739391538,0.14112657075078197,0.18316670657119108
2021-12-16,0.10407187521305658,0.15436029612420427,0.14054371143160488,0.18676002310838344
2021-12-17,0.08651643676592558,0.1287581830018593,0.1372943484070614,0.18852845592262696
2021-12-18,0.10716017414916536,0.1464732322797902,0.1333051294334846,0.19234877736618522
2021-12-19,0.13873890245894702,0.18182740135953737,0.14493964969533987,0.2126410761920851
2021-12-20,0.16349718150994352,0.21304998909450312,0.1594722518268591,0.23596095147775847
2021-12-21,0.1549298383908679,0.20290128537241778,0.16453288639162852,0.23378395169537486
2021-12-22,0.16033033304380315,0.22744304178966201,0.1805501297712081,0.2595386757093046
2021-12-23,0.1538792688733675,0.2545405892248626,0.1988038121456832,0.29657554223613897
2021-12-24,0.1426111861037041,0.29555970588852243,0.21364014352783478,0.3320156805581497
2021-12-25,0.19009344749795337,0.38653753302310334,0.2415064927390207,0.38947487333066855
2021-12-26,0.2387945674534148,0.45946649601003736,0.26762491896365886,0.44373487762939523
2021-12-27,0.2516036632455973,0.5142824082346799,0.29407685356903596,0.4890815903222603
2021-12-28,0.23290862401394052,0.42854208854766873,0.29464897925109795,0.4074639419487981
2021-12-29,0.1986766264033292,0.27705664711874495,0.31347902481458756,0.42240438602810954
2021-12-30,,,0.3173823061822759,0.41678821948503864
2021-12-31,0.20255733585988409,0.28170298729776927,0.3333843036816449,0.41819048629436445
2022-01-01,0.23849752769030183,0.3148419996068456,0.36974811486277104,0.4550857670477154
2022-01-02,0.27282018800417746,0.3610575730420883,0.4078207148701071,0.4947818103260663
2022-01-03,,,0.3934373976634307,0.46779171633318
2022-01-04,0.2078207258587668,0.27331078881646986,0.3958301708901752,0.4614145305796116
2022-01-05,0.17251246278679508,0.22561707416412283,0.3899902762361845,0.44562935527932446
2022-01-06,0.1438020998776044,0.18753356314123693,0.39995690454370403,0.4475893450160125
2022-01-07,0.14230309896414248,0.1939048485423222,0.38108871219137497,0.42059080215113914
2022-01-08,0.154709240743964,0.2118102829879538,0.3937478481856119,0.4359913457550205
2022-01-09,0.1730878701762167,0.24277699499928232,0.39930829364614184,0.44582131964047994
2022-01-10,0.18478653002530837,0.29979153212134557,0.39520146886966795,0.4593413989854079
2022-01-11,0.17225565250468441,0.2798176940785008,0.3875447756994151,0.4475771098618488
2022-01-12,0.1399059093789304,0.21859219483402037,0.3717094273712373,0.42120596987544073
2022-01-13,0.1418430485135805,0.22960799097078124,0.35500143923900535,0.4086423667498017
2022-01-14,0.15085541782050302,0.1945570432429118,0.3229611173267827,0.3516735640261614
2022-01-15,0.15436448794680419,0.2009932987139496,0.29580925699195226,0.32775529863484654
2022-01-16,0.16332639305579072,0.21250210161274316,0.28669109371151696,0.32338851874201074
2022-01-17,0.1554830554854521,0.2053445404518088,0.2926407899137072,0.3318019276324649
2022-01-18,0.1646325021743276,0.21841982092467055,0.277782466483186,0.32308416625646214
2022-01-19,0.15602095389837015,0.2078612977514344,0.23630667399719324,0.2806154634948808
2022-01-20,0.1573435353189021,0.21041247264945376,0.22157022955744826,0.267008412653206
2022-01-21,0.13801852510373266,0.15747129578559296,0.1915309099287582,0.22711513510238104
2022-01-22,0.1394919387978015,0.16342683735079325,0.17714973807942797,0.21679449684873395
2022-01-23,0.1525088460942571,0.17601935974131613,0.1574277190689527,0.20146166841537738
2022-01-24,0.19961807307210563,0.22694777123930912,0.13493092092900322,0.17795571577556582
2022-01-25,0.16890032938722968,0.19426237197161914,0.12697208968037332,0.16886909568760466
2022-01-26,0.1504858005780528,0.1698803014323745,0.11967715038177411,0.15795822129640022
2022-01-27,0.145562045383269,0.16386795107501484,0.11157451810713112,0.14788583414560155
2022-01-28,0.14791079674045954,0.16422430539234253,0.11198432837553368,0.1500945780804227
2022-01-29,0.1396451083070806,0.15544949168198396,0.11571523290235818,0.15171354971701398
2022-01-30,0.1569997223978265,0.17776224613191827,0.13142983439545777,0.1692620959305584
2022-01-31,0.16786925182189438,0.1942951828312657,0.14901064651404258,0.189777689056743
2022-02-01,0.16128198025521737,0.1892024680790137,0.1615102273244556,0.205740541686056
2022-02-02,0.15607590689506176,0.18727822222178073,0.176419254216261,0.2234272855956364
2022-02-03,0.14506086871636586,0.1910793297664342,0.19767941326554142,0.2503772577156691
2022-02-04,0.1429288062168801,0.20976416517003932,0.2154186950355754,0.2770496249351074
2022-02-05,0.12280245632304802,0.15434938096312856,0.22411713693220706,0.2702131855525416
2022-02-06,0.13467077865421123,0.16534384397774862,0.24001471823273923,0.28057988051256055
2022-02-07,0.12961367947787017,0.16390287578908583,0.25604038059765966,0.29439520171889555
2022-02-08,0.17887188169280693,0.21488195263797946,0.2934034433514243,0.32684316506427263
2022-02-09,0.1581370659575197,0.20009845919630445,0.3122862057001459,0.34476147295058346
2022-02-10,0.13921035529119255,0.181786965318594,0.31986118552188786,0.34984202226893135
2022-02-11,0.14538210622946868,0.21557023517882543,0.3408547438869652,0.3741120413768547
2022-02-12,0.1309702845890494,0.16049412223523574,0.35183971352938065,0.3784124953321195
2022-02-13,0.1462078740516216,0.18143149106989842,0.3761689784763766,0.40323200543797355
2022-02-14,0.15272805481245313,0.19869561735017036,0.394341928301204,0.42354676176173855
2022-02-15,0.1361357333464073,0.18417980483547544,0.3990999694198863,0.4294623088511739
2022-02-16,0.1366420484839192,0.21208957182055962,0.41081582541767814,0.45083971887348206
2022-02-17,0.11641402310627338,0.18325484870111058,0.42759721216836105,0.46864231446863697
2022-02-18,0.11158344427341096,0.1592333344903887,0.42426545737174115,0.4571669845333258
2022-02-19,0.1165730218267812,0.1663234080619913,0.4371701823560763,0.4684047589294417
2022-02-20,0.10940659072198039,0.15211728623822393,0.42846225266936266,0.4593550606226127
2022-02-21,0.1257274425822422,0.1781239544224011,0.4187621700086857,0.4543965745447385
2022-02-22,0.12982782092833797,0.1906153350669427,0.4065891242124504,0.44269814582866707
2022-02-23,0.149029966438204,0.23791631228545504,0.40690420902333346,0.45144718452884075
2022-02-24,0.13864672795010777,0.23432458172049578,0.40354790332710627,0.44776471681198493
2022-02-25,0.14513344897944525,0.2524347566637516,0.4106377909573653,0.4548515317358014
2022-02-26,0.14744485354477688,0.28644670083473034,0.40638026794596904,0.4562552237855252
2022-02-27,0.1475227679931226,0.28958166489430276,0.41161193700966076,0.46969509506462837
2022-02-28,0.15686972026647122,0.2367174868118628,0.3876244507131781,0.4455252196420976
2022-03-01,0.14196658871795914,0.23773085566910346,0.40483224251903643,0.4657868189449368
2022-03-02,0.14599571597250763,0.22355807045680665,0.38883756304498884,0.44281608472408435
2022-03-03,0.13477321957303076,0.19969109582595793,0.40168761467881386,0.450942465959492
2022-03-04,0.14028086210072743,0.22139463879992707,0.3850349255041848,0.43521595565569016
2022-03-05,0.13709098655735932,0.2297458232037161,0.40007070738255895,0.4562480524855622
2022-03-06,0.16035831299425693,0.2603578799298351,0.38954049047426903,0.4435850016518255
2022-03-07,0.1824008544971055,0.2787675304841271,0.3845421180509602,0.45147044253932195
2022-03-08,0.1730540682379873,0.2711498465831785,0.3674472392251779,0.4370329932252872
2022-03-09,0.1957451860335921,0.3065917849206591,0.3573721039439087,0.432293599573494
2022-03-10,0.16792612331197596,0.2628636584809089,0.3543881566160057,0.4250983303702906
2022-03-11,0.15101327821493346,0.25976682476852975,0.35318101076607844,0.42486292020627564
2022-03-12,0.1237452368370232,0.20263171067707975,0.33851977523921967,0.40470331708479446
2022-03-13,0.14838734556434363,0.22926347528895888,0.33279502467137556,0.39877576375331064
2022-03-14,0.1805912505503876,0.2637428520302348,0.3076473357980839,0.3773750208783473
2022-03-15,0.1724172499055041,0.26359717306472474,0.34373219895741286,0.418657854578138
2022-03-16,0.1887720743068222,0.2954254666670221,0.33444432271448304,0.41044511922585447
2022-03-17,0.16632418268381519,0.2455435988315861,0.34372714304009555,0.4186202420063304
2022-03-18,0.16246126476737416,0.24828662818255137,0.33550727210023423,0.4141753720907063
2022-03-19,0.15675493372244478,0.26231771625279865,0.342505928814084,0.4292659077261512
2022-03-20,0.18997358379219106,0.3457437639102796,0.3414470831560785,0.4658705342353697
2022-03-21,0.23616079764895964,0.5080779597869094,0.3581759222877508,0.5837839821366045
2022-03-22,0.25368880150089235,0.4463277038179802,0.33498319177298813,0.5560929516960064
2022-03-23,0.24528395577313433,0.44315709601151726,0.3438645089993923,0.5675595976041702
2022-03-24,0.20951333651534437,0.3882807561306584,0.33505852483282006,0.5349554079023543
2022-03-25,0.18414183346874075,0.31993743125002316,0.31879680343688804,0.4800033166869898
2022-03-26,0.16050703992571425,0.26526738721712123,0.29605357964583395,0.4086910836542104
2022-03-27,0.19664754540695545,0.3498803092963876,0.29250463803048693,0.4004660172393925
2022-03-28,0.22292512972127057,0.3817364337226555,0.2875189334538873,0.4150957350118432
2022-03-29,0.2166530990447158,0.33251983016431824,0.28661461248874476,0.40578486944944836
2022-03-30,0.23386912182622005,0.3806000590969177,0.2811186038126663,0.39234742204713036
2022-03-31,0.20882583557311157,0.3302948338714519,0.29064870585872427,0.4089200437616622
2022-04-01,0.1920044454127836,0.3297753817402658,0.2820057326304968,0.42552449230691325
2022-04-02,0.17647846017932586,0.27696516976113433,0.26937745338159447,0.38690675536335106
2022-04-03,0.21240625631658422,0.3207716239494279,0.2658377833616289,0.389767550045301
2022-04-04,0.2428095384729817,0.34951218349473845,0.26637332036335604,0.3884162159955558
2022-04-05,0.22364452545289837,0.3276738619928035,0.25680204093469317,0.3713044923514083
2022-04-06,0.23841903051365454,0.40277327829570303,0.2651825834572502,0.4302471611369109
2022-04-07,0.22861341272380753,0.38616007046762213,0.2669383311949302,0.42393076433818594
2022-04-08,0.19437968265137556,0.33307078072434226,0.2597497068786011,0.4122899710326938
2022-04-09,0.17276205440500814,0.2908400270058431,0.24475529393608084,0.3978966046639098
2022-04-10,0.19333495617942775,0.2999381270477033,0.24542063061257616,0.3889423231587789
2022-04-11,0.21877016272389077,0.3369719447353708,0.24508636390045138,0.39243619110701194
2022-04-12,0.2123354655665154,0.3198794199923173,0.2446404452023713,0.37455189981435466
2022-04-13,0.20092732320547252,0.3140902706171991,0.23734682950176417,0.35591980020211356
2022-04-14,0.2003044322679685,0.33760016169012264,0.23701575417431237,0.3688229690144524
2022-04-15,0.17864282809220505,0.2895023190297378,0.2258089564445406,0.35080901650338364
2022-04-16,0.1818493941050711,0.3095710022489142,0.22472018105157968,0.3746395299060788
2022-04-17,0.21893040952584944,0.3288570692985354,0.23523906555932264,0.36437495280450183
2022-04-18,0.2594405342137124,0.43877836989315716,0.26866064459054423,0.4609470731226183
2022-04-19,0.24182864483269959,0.4329233222886498,0.2760505512726668,0.4775203840493509
2022-04-20,0.24285276659738123,0.4521081568988625,0.28752287002438054,0.4946538427819443
2022-04-21,0.22663578571009235,0.48156498953637894,0.2912173120971047,0.5298043265883394
2022-04-22,0.1686060922415239,0.42023309372440515,0.27436399753685264,0.5253185728801734
2022-04-23,0.17539736798830974,0.3810215334778431,0.2573302023139391,0.47589349437561035
2022-04-24,0.1920435770708229,0.3623144113702863,0.2500035092548691,0.42450992493949746
2022-04-25,0.2145963034439576,0.3911599218875236,0.25096391136512264,0.41804641455238517
2022-04-26,0.212990408623266,0.36860853413023337,0.2515143427964538,0.3816892674607008
2022-04-27,0.20596151588724204,0.3688182008080749,0.2522057073631517,0.3700909598040365
2022-04-28,0.1654522419340489,0.31205536964816233,0.2451827210645198,0.33782904742058567
2022-04-29,0.12346879873691174,0.20379993608346197,0.22050511409676948,0.2904684904574008
2022-04-30,0.12643040728873417,0.21213990273808067,0.21620200835241019,0.29000320824624354
2022-05-01,0.1548106021394206,0.24080508009684004,0.2179519409184771,0.2815707590384138
2022-05-02,0.16576732012723824,0.2656312733534396,0.22615782804366985,0.29800506776430163
2022-05-03,0.18303564301507325,0.33667793926305745,0.2282913184633411,0.347848217183792
2022-05-04,0.1745050019443847,0.2991951100749254,0.22593770347980757,0.3057533820932676
2022-05-05,0.1487596157100091,0.29809917360738686,0.2295494662945486,0.313693939270698
2022-05-06,0.11563212145334523,0.20993430404820887,0.22749199128486686,0.2966673468145275
2022-05-07,0.14140415532221776,0.2332292574317867,0.2210612816842292,0.26826982764226914
2022-05-08,0.181020490423682,0.3145724153030908,0.23367691840536856,0.297694431874265
2022-05-09,0.18990821006392689,0.33081955479710745,0.23073973119720698,0.31346868041733067
2022-05-10,0.20216958121212247,0.31859210165214874,0.24200145949894122,0.29634430100890896
2022-05-11,0.17122667750509754,0.29395771696597095,0.232877314604801,0.2956678152111534
2022-05-12,0.13694364664654265,0.24709362524894637,0.23470118832885645,0.28571508482181757
2022-05-13,0.11111863960009281,0.17164247948091846,0.21443107354691643,0.26309690031229
2022-05-14,0.11428892771758939,0.16330208731408227,0.21219961049358382,0.25615334176693527
2022-05-15,0.1350911415165122,0.19993928058208496,0.2137895224987238,0.2592886705308587
2022-05-16,0.1478419334854328,0.23095290152352033,0.21777327646931588,0.27229179591511704
2022-05-17,0.15542384887887953,0.24779599601836494,0.21120185952452622,0.26626337897326763
2022-05-18,0.16204070622182443,0.26957102972377167,0.2120599126288057,0.2766723450906212
2022-05-19,0.14490933773489148,0.28172111841326664,0.20993528031105288,0.2903933647692942
2022-05-20,0.10379820232422853,0.15213067539528718,0.19521615115023544,0.2454065109421183
2022-05-21,0.12023238885357418,0.1839389927072509,0.18067401724778784,0.22328858948159153
2022-05-22,0.14124696810326157,0.2141293345548765,0.18347697024342066,0.23515630826459186
2022-05-23,0.15214561491812711,0.22597882597549462,0.17234940094552753,0.22090701331864535
2022-05-24,0.15985914930877757,0.24292932942209364,0.17566702452316368,0.22532577438079338
2022-05-25,0.16281245706876235,0.260537075051185,0.1701564824694501,0.22698109551242904
2022-05-26,0.1556344666790994,0.28743276859223554,0.17288013606887645,0.25256068450821223
2022-05-27,0.12360400177339056,0.18377301149346384,0.15097494386312008,0.21117323353145342
2022-05-28,0.1301584600931819,0.18456538384101062,0.14385154984714787,0.2009086247043559
2022-05-29,0.15324618876967455,0.21097899014435603,0.14613607312371096,0.1973463322685816
2022-05-30,0.16236885033182524,0.23371620352090683,0.16754306489800153,0.22386984056223544
2022-05-31,0.1623202946376636,0.2489414330311857,0.17277866517621412,0.23284449888526487
2022-06-01,0.15715921325790289,0.2593241535704888,0.1752489816331304,0.24032514684072265
2022-06-02,0.13273582340375242,0.2745814308386317,0.18172787165090445,0.26096771620420744
2022-06-03,0.0892727698920139,0.15227427683904973,0.17064844121347691,0.2234532934485478
2022-06-04,0.11123352128330678,0.19292124740724112,0.16548230907731692,0.21537539556901414
2022-06-05,0.13223289502188437,0.22053762022812956,0.16930693147559078,0.22707557638269307
2022-06-06,0.16577236691035274,0.2389156529809883,0.15085265109859405,0.19758598959303184
2022-06-07,0.15209800419072994,0.2342288007349225,0.16195314643988246,0.21217695463585157
2022-06-08,0.14038323592909935,0.23530419548937698,0.16207399751394258,0.21780341289482538
2022-06-09,0.12041870105823921,0.22738128380004013,0.16338763822186456,0.22409596755391975
2022-06-10,0.09823541968418635,0.16498646080149537,0.14816997126446074,0.20952881627375836
2022-06-11,0.09798604954895039,0.15361403002438903,0.14044364336571055,0.1970216644455766
2022-06-12,0.1197126496401279,0.1978047313592032,0.14057610048782146,0.21272507325579865
2022-06-13,0.12619593985811803,0.19125524176737851,0.14038655830712232,0.1884092726456765
2022-06-14,0.1283476489997205,0.2095584770542055,0.1424014836692642,0.19059987859393712
2022-06-15,0.1254597247777474,0.22329513830903489,0.1470381788049113,0.2029308118997066
2022-06-16,0.11387095155899016,0.24484041876040516,0.14905552614662998,0.21937030724602608
2022-06-17,0.08142740398548136,0.12440413265436978,0.13911814213060952,0.18503843273209655
2022-06-18,0.09344179134932637,0.14927144048785446,0.13023157436403934,0.17009465306286994
2022-06-19,0.1118676005453563,0.17966488369654,0.13359610693533636,0.18397667144010416
2022-06-20,0.14581507282016684,0.2448242865995066,0.14793930878532116,0.2129377325087818
2022-06-21,0.14021457656349542,0.21330754991250372,0.14285799731000226,0.1895211575189706
2022-06-22,0.1279982034211923,0.21239055413525698,0.1390290548438402,0.18670795507762064
2022-06-23,0.11072278165249531,0.2149601766601033,0.1401806998412875,0.19391685446071327
2022-06-24,0.09109451568887117,0.1480618406954662,0.12891066727752215,0.1808475506894302
2022-06-25,0.08956185236651724,0.1330772037257299,0.12104410391377783,0.164211832066173
2022-06-26,0.11072944221028376,0.16133108097203808,0.12014126615919402,0.16399467695994707
2022-06-27,0.14405774788806858,0.20251125926166613,0.12699072681339926,0.17386682830235098
2022-06-28,0.13522473305036214,0.20431234228444575,0.13065212023277378,0.17875987412612881
2022-06-29,0.14068337987592533,0.23186030256291934,0.13251342272106303,0.1879948702282097
2022-06-30,0.11322234580010145,0.23488235593606266,0.12870084010825963,0.19652942325337733
2022-07-01,0.08461798377745132,0.12476740393789312,0.11875168929650576,0.1666226442364964
2022-07-02,0.08828292200126363,0.1369156637241157,0.11042925196513576,0.14983380667905055
2022-07-03,0.10768314709934351,0.1680969135424154,0.11503060689309008,0.1635595636473779
2022-07-04,0.14032327315417445,0.20508430550927753,0.12444226061859703,0.1727411071280295
2022-07-05,0.14566879213118447,0.22310930803532844,0.13398071642211345,0.18400371300789187
2022-07-06,0.14389339783151706,0.22821160965631862,0.139597632726184,0.18562002430631355
2022-07-07,0.12421616518898858,0.2302440864960382,0.143498569351042,0.19820758538931843
2022-07-08,0.10722027057894161,0.17839769389694746,0.1390043099839852,0.188966937139288
2022-07-09,0.10572712963899156,0.18342320664419554,0.13625956805329154,0.18666268869716238
2022-07-10,0.1336313711879723,0.222284620753364,0.14043238122122836,0.19866120219585384
2022-07-11,0.14240640349102948,0.20062712872745864,0.13180299983652313,0.1719793527315896
2022-07-12,0.16090120751957993,0.2418442738122955,0.13229328020062442,0.17580672380675824
2022-07-13,0.1324057870045644,0.22967129697112884,0.1361444181615557,0.18568276889631868
2022-07-14,0.11488339169489105,0.24503916788307617,0.1309470425253409,0.19743238740210414
2022-07-15,0.08321985149200399,0.1288728018066084,0.11828576143204908,0.1619369604307475
2022-07-16,0.08689274849167018,0.13388963948717367,0.10369830648595621,0.13513970685411586
2022-07-17,0.1016150669963305,0.15696448844052768,0.10341377826587063,0.1406568026966404
2022-07-18,0.10658910120242215,0.1748236318337872,0.1077817888854073,0.14773924264891075
2022-07-19,0.11744697516642305,0.19476536160864363,0.12019419976496304,0.16399029710579827
2022-07-20,0.11298385992759481,0.2074184479811671,0.12241232674946008,0.17260144772779218
2022-07-21,0.10731786379610496,0.22084548359066639,0.12855126705674294,0.1909290539422625
2022-07-22,0.07643786516854473,0.13004090802731116,0.11827948523651811,0.1580650126585595
2022-07-23,0.07297978280324277,0.13566378837766402,0.11386551107630455,0.16266723026809932
2022-07-24,0.09098949321118822,0.1392523621839125,0.11116515321531721,0.14670041364930553
2022-07-25,0.10219368409179784,0.1574893860615814,0.11456096785193716,0.14684190267064676
2022-07-26,0.13370601368131282,0.20426023143147196,0.1096991290274935,0.14937915736420174
2022-07-27,0.13021821274170003,0.22245332388614183,0.11183536527394554,0.1608224500852446
2022-07-28,0.13043416258868182,0.2456100650194771,0.11120716313223912,0.1738650162269789
2022-07-29,0.09848055215764033,0.14827463259156243,0.10312334076525698,0.14785702010214904
2022-07-30,0.10155516223609025,0.15320324495211207,0.09345314646951543,0.12709221298727877
2022-07-31,0.11843873270941303,0.17998794642508467,0.0955653762432373,0.13770276554677602
2022-08-01,0.11905669973782065,0.1762883320833773,0.09694827417659367,0.13607518325684048
2022-08-02,0.12613208727376185,0.19122399409626012,0.10020088357780466,0.13974504167764182
2022-08-03,0.13163076123460538,0.22728132783330168,0.10150703584353349,0.155463371745803
2022-08-04,0.0957091403407151,0.19450635720072018,0.099668463845892,0.15402559135552965
2022-08-05,0.0787188384266271,0.13154285633593266,0.09356183508160328,0.14104422529856483
2022-08-06,0.06927009385435079,0.10325104147135457,0.08766759228841702,0.12126864113871684
2022-08-07,0.08884934139106128,0.13197188821146422,0.08783936929928914,0.12097047968522448
2022-08-08,0.09392532744099158,0.1438069425172496,0.0902997893805719,0.126053420516776
2022-08-09,0.11207222916004284,0.17979912371823978,0.0982979452995885,0.13920170536817034
2022-08-10,0.11432228229519555,0.20085123622833204,0.10326186646960735,0.15100090843256195
2022-08-11,0.09614852741890072,0.21299123849084195,0.10201415734368137,0.162079450643433
2022-08-12,0.07578733412260058,0.13298571068171966,0.09603452400112616,0.14565584585998081
2022-08-13,0.07249160338119522,0.11226319410105705,0.08686960961632223,0.12458626656737673
2022-08-14,0.08738791199705652,0.13175180415326035,0.08928968078339708,0.12440140373135086
2022-08-15,0.10693660186574827,0.16735172106308394,0.09655803830831645,0.133350127288094
2022-08-16,0.10729782175381461,0.18032266837167096,0.1042773444420495,0.14964045435015028
2022-08-17,0.1042999502444105,0.19055343419295406,0.10683411450919857,0.16028369715107968
2022-08-18,0.09784263288581416,0.20343609580370853,0.10921714109840523,0.1727924602051428
2022-08-19,0.08594271098311808,0.15421203067585995,0.10590978845358609,0.16651430020919844
2022-08-20,0.07397467055902515,0.11276543183056881,0.10113605637180408,0.1424619896758047
2022-08-21,0.09570833523034725,0.1427857553868844,0.10273997070222231,0.14214781186454414
2022-08-22,0.11405678218911479,0.17621321789026387,0.10743073854884193,0.15609476243953893
2022-08-23,0.12412007205242888,0.21760883354393631,0.10980311790752875,0.17974437876014998
2022-08-24,0.12305366141299146,0.22532041235245087,0.11298414916581856,0.16772589210908545
2022-08-25,0.12457508119217098,0.27026058163771577,0.11731669844572365,0.18660099108472167
2022-08-26,0.09073750799794349,0.18760638214342695,0.11049478269075434,0.17791657128219987
2022-08-27,0.07889916975629892,0.12443270076779081,0.0962063421382809,0.13561168458305814
2022-08-28,0.09605737748277346,0.1432859549854672,0.09674710821633958,0.13251768657144958
2022-08-29,0.10889286466108004,0.16594741920011058,0.10395070566149366,0.14017357091594793
2022-08-30,0.12622395089227892,0.20082471061187354,0.11387148959436826,0.15338739750991137
2022-08-31,0.11930931562157569,0.2044227062446096,0.11599592435252999,0.16844547787374234
2022-09-01,0.1127721817301025,0.22430358061325173,0.11923696013410062,0.18945182737563251
2022-09-02,0.08398634617801572,0.15638680690825124,0.11351425078186292,0.18070366492829612
2022-09-03,0.0729464331107574,0.10733618787538818,0.1099383561777288,0.15536731276836502
2022-09-04,0.09285007339945037,0.12412297916266542,0.10997674977249318,0.14193656715632802
2022-09-05,0.11676342168087697,0.1680908394585158,0.10856924363168466,0.1456923132154776
2022-09-06,0.13755244095273592,0.21778678194784695,0.11813193928876192,0.15860163836034347
2022-09-07,0.11629131203578917,0.20891681034812234,0.12150409533705854,0.16621553721329585
2022-09-08,0.10851072009531283,0.24345889064690038,0.12541106372866687,0.18165484925625244
2022-09-09,0.09271527772557504,0.1831650144187064,0.12606825399527083,0.17781326775955855
2022-09-10,0.08274544793754841,0.1212938039732501,0.11802082442816668,0.1577509745546585
2022-09-11,0.10400438619245515,0.1525738792549636,0.1254160794122329,0.16975840635269335
2022-09-12,0.13982388184720698,0.19675179137324508,0.14581017748823513,0.19317633129737025
2022-09-13,0.13416084984547724,0.2017971157010415,0.15565546417471446,0.2067253030753276
2022-09-14,0.12865198367531944,0.2123449733883896,0.1583137631052938,0.21505158939817065
2022-09-15,0.11332917812697718,0.21783744732373217,0.16519771765359256,0.2289681887075406
2022-09-16,0.0998724040179091,0.17562073682940124,0.16349894110457394,0.22835924670271426
2022-09-17,0.08608253228038665,0.12404474412858274,0.16119754750102,0.20993507694961658
2022-09-18,0.1081648350839338,0.15416274636911806,0.1621140429284839,0.20636374096187962
2022-09-19,0.12977378740917972,0.18876700946639197,0.16817224751557944,0.21411082569912143
2022-09-20,0.13178481617711604,0.19527091359520019,0.16609746749201681,0.21357940244343013
2022-09-21,0.14605792885313093,0.2483381257160653,0.17502928748793065,0.2266290274060828
2022-09-22,0.1204484568639375,0.24887902814627486,0.1766102384251304,0.23286414081368434
2022-09-23,0.10782628725846308,0.218459193666629,0.17672527415780917,0.23327811891927502
2022-09-24,0.08612903675602615,0.13499133719869696,0.163360298028089,0.2111524325564767
2022-09-25,0.10749919447074842,0.16813573932524475,0.1689842078364859,0.2207702552985164
2022-09-26,0.128236475871782,0.19818079678464873,0.17388316816726565,0.22972260112297332
2022-09-27,0.16183533150265106,0.25047852925919706,0.19833895867521945,0.26606030002200076
2022-09-28,0.165060464347227,0.2736077968419015,0.19344515738254756,0.2692582482980153
2022-09-29,0.12242412958356179,0.2390649712472076,0.20020760345055189,0.28229497672042225
2022-09-30,0.11117830610852589,0.21273210995002673,0.19983528325059513,0.28744427026552116
2022-10-01,0.09204415796539696,0.14084326353036491,0.19275093492037734,0.2571047490480157
2022-10-02,0.11083314684008323,0.1674603200047426,0.1906864860453394,0.24874609788762198
2022-10-03,0.1370473817029889,0.20909956834454568,0.1950840863808701,0.2575119768406685
2022-10-04,0.17622893143553728,0.2517331155126769,0.1799133191117006,0.23798716551471832
2022-10-05,0.1567350096241248,0.26036670308627624,0.17829497606942157,0.24331662161439446
2022-10-06,0.1277412252254652,0.27378716370278294,0.18218303113147807,0.248552342438436
2022-10-07,0.12303383218159589,0.25983359556848873,0.18376511479037444,0.24853885087584446
2022-10-08,0.09564687406591962,0.18612482413684234,0.16917589942270428,0.24540747498023116
2022-10-09,0.11941137716197663,0.18752328118096048,0.16937372971956757,0.2197185703601704
2022-10-10,0.15206705001508056,0.23836071867265946,0.1744597198492776,0.2364033371646675
2022-10-11,0.1656597541843004,0.2689445177035512,0.18780041721541088,0.2688094976677359
2022-10-12,0.1651481659251252,0.26527922929057973,0.18431907949684698,0.26614053433736323
2022-10-13,0.132490273995999,0.25167522844865475,0.18569442968016447,0.27387588463024454
2022-10-14,0.10822613279218161,0.20062528188929923,0.17540384057517672,0.2616335578783557
2022-10-15,0.09417933724918634,0.14049314589955675,0.16439652175209454,0.23059570979132846
2022-10-16,0.1241537129320295,0.19022153942556344,0.15808806874222792,0.22940421731268262
2022-10-17,0.14837595273267282,0.22653163730431145,0.15403395939843012,0.2230570272022355
2022-10-18,0.16843546149064637,0.2692482783433101,0.15326268870229687,0.21620434714021922
2022-10-19,0.1563633617443969,0.2691894683039673,0.15220405900834388,0.21484312415614168
2022-10-20,0.14308158981183727,0.3041597356027176,0.14672560229941692,0.21618881950059135
2022-10-21,0.12008318550601764,0.2504305689533115,0.13839862906863115,0.2018779348615923
2022-10-22,0.10342926393951969,0.1523682159368818,0.1192764774993755,0.16536716381608804
2022-10-23,0.1343980938853723,0.1993610628715923,0.12177545085589357,0.17253960172658298
2022-10-24,0.16337119803858366,0.2429977449702159,0.1308412872384099,0.18556143339720085
2022-10-25,0.1774010638232944,0.28142205497262923,0.14125640468868186,0.20521092018620346
2022-10-26,0.15126591838593909,0.24552416939936741,0.13398035878806755,0.20469301157875489
2022-10-27,0.12559453610869017,0.23764701768564517,0.12890598765299205,0.20564561625040023
2022-10-28,0.10772809813593595,0.17961262892466956,0.11731084062471603,0.18031966858778498
2022-10-29,0.10412710907857733,0.1523427605096068,0.11078633021488228,0.1582234039662474
2022-10-30,0.13496934182893305,0.19577189262157937,0.11508496340734874,0.16396897729491716
2022-10-31,0.1540846903840507,0.2274158805939654,0.12813980577559753,0.18053482628280554
2022-11-01,0.15705804769896692,0.2422739173902883,0.13632046381376647,0.19264301042611975
2022-11-02,0.1563580470370978,0.2729420749984254,0.14171571069252575,0.2097051468281871
2022-11-03,0.1342165472932486,0.27362039665994226,0.12927869118486757,0.2021334630299349
2022-11-04,0.10310640653162194,0.17127560199823672,0.12022013449314795,0.1793403184825484
2022-11-05,0.11106280354641127,0.1631822212930328,0.11140820951837721,0.1553569987411098
2022-11-06,0.13765089122321347,0.2006982669689906,0.11977671354224055,0.16902033048675819
2022-11-07,0.16352050263165352,0.23939545186215544,0.13243652024239846,0.18887061762359106
2022-11-08,0.16762324619194705,0.2617549136401243,0.14250016389429876,0.20826951137203165
2022-11-09,0.1647482348813421,0.279869106201369,0.14899615554965953,0.22432168772522645
2022-11-10,0.1309681815706596,0.2327053049299864,0.13170997500731654,0.1950299362354763
2022-11-11,0.11471357865559624,0.19420579500461563,0.11805125296514761,0.19319431573054374
2022-11-12,0.11349043592092821,0.18459993959185486,0.10995399812527289,0.1781941622614531
2022-11-13,0.14267987045603897,0.21621978676253883,0.11290839178458668,0.17917888727104778
2022-11-14,0.15787494469086777,0.2327000720065407,0.12164958090726419,0.1819490279192586
2022-11-15,0.17642314230896694,0.2617482064787297,0.1386000297585147,0.1983568504108775
2022-11-16,0.17075967781372314,0.27921099790863363,0.14666036316529574,0.2154586011657663
2022-11-17,0.11461325949708023,0.23548182563594647,0.13592439108197965,0.20651172038495302
2022-11-18,0.0953900728911865,0.15126660976560447,0.12563396848560765,0.17897414530670874
2022-11-19,0.1125519812746188,0.15612428300062714,0.1182742903905452,0.15825904330256038
2022-11-20,0.1410489262237297,0.19354382351408286,0.12706575347730265,0.1709086898438996
2022-11-21,0.16750464936225712,0.23109687792755954,0.14103030302149142,0.1905217374592324
2022-11-22,0.16512543198129584,0.24312241325540368,0.14594996254839065,0.19829542165373643
2022-11-23,0.15820107101481087,0.2526352306166779,0.14028502392211112,0.20498309211802582
2022-11-24,0.13115373992687548,0.24542724206188962,0.13711149914661544,0.21038752854621384
2022-11-25,0.1279070665524998,0.20878371797025866,0.1319726396890548,0.1994856196437292
2022-11-26,0.1431420575555321,0.21827409546686302,0.13342195286982778,0.19340431602116717
2022-11-27,0.18534564447741778,0.2735525674455127,0.14656546364430728,0.21565921785809555
2022-11-28,0.18764203589993017,0.26837727282810625,0.15363297909680004,0.21793842308743955
2022-11-29,0.1867916135144507,0.27129392248943457,0.16412011795337153,0.22947797491655123
2022-11-30,0.19662436059993554,0.3023015460750997,0.16681928380277833,0.23706012066678672
2022-12-01,0.14886338678198793,0.28324960789425374,0.15293621701828897,0.22206197779656967
2022-12-02,0.12024318332791756,0.18227397960134517,0.14758088014051646,0.2019443040498134
2022-12-03,0.13988931032006371,0.19365590480727768,0.13893603135462124,0.1813942081532764
2022-12-04,0.16725693871773126,0.22684679418185652,0.1486528922409882,0.19400390192925007
2022-12-05,0.1803818134668164,0.2530814913972648,0.1679779203998239,0.21953892348055717
2022-12-06,0.18411700729564884,0.27009847574023255,0.17736040602421563,0.23282106183095055
2022-12-07,0.15864894507082658,0.25705577861332884,0.17341220282088005,0.22722489533075357
2022-12-08,0.11985761952215776,0.22098297194662725,0.16209802630859282,0.21083186125135497
2022-12-09,0.09287410190766249,0.13619148724590519,0.14840277942961325,0.19094244524141207
2022-12-10,0.09231719762606945,0.12410004702716834,0.1454557883582219,0.179051280948172
2022-12-11,0.11778914023121233,0.16429679150624954,0.14785345919643395,0.18371320406690012
2022-12-12,0.1353383561427744,0.19567853561275156,0.15854630170874606,0.19925001536490408
2022-12-13,0.13604755165982071,0.21674724504163054,0.15953385489186606,0.20420170301342636
2022-12-14,0.1336596986960303,0.23913364771551915,0.15986420115756178,0.2113575515883341
2022-12-15,0.12487603092408535,0.2513031087751074,0.16126823415822653,0.22511443468819983
2022-12-16,0.09770052114580842,0.15226153496601483,0.15063564449290803,0.20361693410236964
2022-12-17,0.1292886752956501,0.2012975427252634,0.1406198923027797,0.20126317048028677
2022-12-18,0.15567287223187137,0.23212903541152843,0.14667041622517768,0.21268834496417927
2022-12-19,0.17450288156339827,0.2585628962138283,0.15203864152343616,0.2254299914822903
2022-12-20,0.16896396049294796,0.26230611592913666,0.16168610528332691,0.24165373561907033
2022-12-21,0.15275644779048947,0.23362371489704195,0.1413511304068265,0.18759916516396075
2022-12-22,0.15067580683774057,0.23944066281352042,0.13395169702423623,0.18662864801751886
2022-12-23,0.12573330569840185,0.18418765625853514,0.11992394117183645,0.17137584256210997
2022-12-24,0.12416262942830254,0.1669501351298134,0.11621314322176654,0.15803538775271234
2022-12-25,0.1476532375019455,0.19880269052213445,0.1204689711812101,0.16163484211171272
2022-12-26,0.18692683626550435,0.24582432406017893,0.1396824085740256,0.18647009810995552
2022-12-27,0.20033679494696677,0.2648371309701319,0.14535532041917573,0.19698089113051778
2022-12-28,0.1308925062152977,0.18157506807204896,0.12654859069333457,0.1758591118557767
2022-12-29,0.11321062717542893,0.1750661326917372,0.11421038278400757,0.1598592505983784
2022-12-30,0.11215732406877896,0.20678377628430902,0.1244718965938537,0.17333461818284251
2022-12-31,0.11511634120554765,0.1946545667355643,0.1294315348605537,0.18346233324522954
