"fips","county","state","days_from_start","datetime","log_rolled_cases.x","t0.hat","tau.hat","predicted.grf.future","predicted.grf.future.0","predicted.grf.future.last","Predicted_Double_Days"
1073,"Jefferson","Alabama",68,"2020-03-29",5.07338650465973,36.3421270255392,0.19031475277567,7.35716353796777,6.42567415578351,6.40558977408942,3.64210956035016
1081,"Lee","Alabama",68,"2020-03-29",3.75118333745009,41.2349019108761,0.172348561081127,5.81936607042362,4.98195442448893,4.95762326501798,4.02177526874547
1089,"Madison","Alabama",68,"2020-03-29",3.83174217416734,45.7671983263468,0.222351666706964,6.4999621746509,5.38973124629993,5.38820384111609,3.11734645764289
1117,"Shelby","Alabama",68,"2020-03-29",3.95398720452718,42.245824997239,0.19051526760284,6.24017041576126,5.29194479727678,5.28759407774706,3.63827628767749
2020,"Anchorage","Alaska",68,"2020-03-29",3.57954279007647,47.1314844108498,0.225437009685737,6.28259481879837,5.14585295912512,5.15760185787663,3.07468228719944
4005,"Coconino","Arizona",68,"2020-03-29",3.57954279007647,47.2255046673529,0.226780675205867,6.29871880503993,5.15660228328616,5.16700751651754,3.05646492996248
4013,"Maricopa","Arizona",68,"2020-03-29",5.78382518232974,37.4842944628485,0.226677062639257,8.50394993400083,7.36914080994216,7.37056462080454,3.05786201960384
4017,"Navajo","Arizona",68,"2020-03-29",3.7744016275521,43.7854764687016,0.195830642189586,6.11276018877613,5.16591243294094,5.14521612287921,3.5395236047324
4019,"Pima","Arizona",68,"2020-03-29",4.39091558209113,47.0947662166592,0.270078856046219,7.53661361790698,6.27617761824245,6.28146757441466,2.56646222035732
4021,"Pinal","Arizona",68,"2020-03-29",3.45225255246244,45.3732144507899,0.195852643854122,5.80248427871191,4.86265801683731,4.82322105944129,3.5391259822677
5023,"Cleburne","Arkansas",68,"2020-03-29",3.76120011569356,38.8212767624929,0.155558259993606,5.62789923561683,4.89697788989191,4.8501079356488,4.45586869246569
5069,"Jefferson","Arkansas",68,"2020-03-29",3.13549421592915,41.4901398414828,0.155031640720712,5.19508860069654,4.33776809362963,4.22071570097413,4.47100461130153
5119,"Pulaski","Arkansas",68,"2020-03-29",4.37305796469112,36.0803079976985,0.162448291173511,6.32243745877326,5.59395202550355,5.5101960029057,4.26687886682411
6001,"Alameda","California",68,"2020-03-29",5.32648824351473,26.8452340999025,0.14732465031672,7.09438404731537,6.38652085505729,6.35776079573177,4.7048961532901
6013,"Contra Costa","California",68,"2020-03-29",4.83287474862987,31.6843318449543,0.154327690685123,6.68480703685135,5.93380234593132,5.91316858342574,4.49139864325568
6019,"Fresno","California",68,"2020-03-29",3.31678003984957,46.7975709692215,0.206419354528013,5.82152719665539,4.78684905215325,4.76171552154566,3.35795634156912
6029,"Kern","California",68,"2020-03-29",3.42472787907235,48.0814949250504,0.227472035345376,6.12320713785363,5.00376484863077,5.01703212648998,3.04717535721489
6037,"Los Angeles","California",68,"2020-03-29",7.11011286253651,28.9862318376771,0.209036318134619,9.61854868015194,8.561008618039,8.57336708947885,3.31591747666335
6041,"Marin","California",68,"2020-03-29",4.15664844555826,36.5150531285113,0.157607742071335,6.06552558015061,5.28621362730583,5.2599026400576,4.39792596131616
6053,"Monterey","California",68,"2020-03-29",3.21314515015922,44.2680888277161,0.171533225873581,5.27154386064219,4.47621166518287,4.41387773127428,4.04089165250581
6059,"Orange","California",68,"2020-03-29",5.5362087744968,36.328774003194,0.207572339387765,8.02707684714998,6.9884548838917,6.98921515021116,3.33930417995184
6061,"Placer","California",68,"2020-03-29",3.47903986842609,44.2580900126252,0.185832393476117,5.71284271298122,4.79302242680026,4.77986662275891,3.72995884944584
6065,"Riverside","California",68,"2020-03-29",4.83967749595261,39.1796523471586,0.203174091599596,7.27776659514776,6.28071270247032,6.26189613714978,3.41159236939502
6067,"Sacramento","California",68,"2020-03-29",4.82143297621008,33.805980740407,0.165151393966618,6.80324970380949,6.00466425611507,5.9774927339764,4.19704105373795
6071,"San Bernardino","California",68,"2020-03-29",4.05302641289137,46.4588948766919,0.245027546991418,6.99335697678839,5.74765150377377,5.7682192418313,2.82885409853212
6073,"San Diego","California",68,"2020-03-29",5.88887795833288,30.588046602047,0.181688461847066,8.06913950049768,7.20970188577227,7.16069719126234,3.81503136475112
6075,"San Francisco","California",68,"2020-03-29",5.42746416085474,29.328657645276,0.161189420477419,7.36173720658377,6.56544104005249,6.55579010419667,4.30020269634909
6077,"San Joaquin","California",68,"2020-03-29",4.42911467077278,37.8875136013531,0.176371013226768,6.545566829494,5.69356896035002,5.66371176336016,3.9300515877217
6079,"San Luis Obispo","California",68,"2020-03-29",3.97298370521783,38.7686696863696,0.163960610242805,5.94051102813149,5.15878834127127,5.12070797691747,4.22752257102167
6081,"San Mateo","California",68,"2020-03-29",5.33133757757617,26.5230245298582,0.146156239898238,7.08521245635502,6.38418567679489,6.35443125686383,4.74250829826051
6083,"Santa Barbara","California",68,"2020-03-29",3.68530163276605,44.9024912856567,0.203697036335138,6.13077332618272,5.11738814518003,5.11118088711202,3.40283389994701
6085,"Santa Clara","California",68,"2020-03-29",6.18296999307033,20.6010144761953,0.145828253121739,7.93290903053119,7.25210120654413,7.2037677649225,4.75317481847156
6087,"Santa Cruz","California",68,"2020-03-29",3.44316158076119,42.6245020838502,0.170933441999828,5.53405529526575,4.67383081498994,4.63969567475999,4.05507063129661
6097,"Sonoma","California",68,"2020-03-29",3.72741311811618,42.3582234879195,0.180576178408614,5.89432725901955,5.00808761484157,4.99144636697648,3.83853056736791
6111,"Ventura","California",68,"2020-03-29",4.21740465497933,41.0288575723021,0.191951996527166,6.52082861330532,5.5711200344165,5.56106863066949,3.61104439182974
8001,"Adams","Colorado",68,"2020-03-29",4.08477511120595,46.1610178598069,0.241413923999962,6.96213184262886,5.76614475873672,5.77467257920569,2.87119801987914
8005,"Arapahoe","Colorado",68,"2020-03-29",4.89356628917353,41.4794803015784,0.227390711644033,7.62225482890193,6.47715936869743,6.48530127068176,3.04826514481834
8013,"Boulder","Colorado",68,"2020-03-29",4.17438726989564,36.7388348506974,0.158956666475497,6.0818672676016,5.32219527136769,5.28708393522412,4.36060465992971
8031,"Denver","Colorado",68,"2020-03-29",5.59471137960184,32.4724148443065,0.183267407201333,7.79392026601783,6.89923723618365,6.87758323001117,3.78216285778776
8035,"Douglas","Colorado",68,"2020-03-29",4.252568567437,37.4839462508458,0.166662470977824,6.25251821917089,5.44182896503665,5.41920586428177,4.15898778227149
8037,"Eagle","Colorado",68,"2020-03-29",4.95381295822956,30.7228818921163,0.153477548450015,6.79554353962974,6.06862718914989,6.02815579737966,4.51627738102485
8041,"El Paso","Colorado",68,"2020-03-29",4.95179479407332,36.3738605332775,0.185974943917878,7.18349412108786,6.26090255667297,6.25361940149847,3.72709982300638
8051,"Gunnison","Colorado",68,"2020-03-29",4.04555439805267,38.8915250405763,0.167858101558187,6.06110005685021,5.23468511057613,5.22056110895998,4.1293638741629
8059,"Jefferson","Colorado",68,"2020-03-29",4.85870437100731,37.7530003191611,0.192446802884653,7.16806600562315,6.201664899318,6.20583199119988,3.6017599158319
8069,"Larimer","Colorado",68,"2020-03-29",4.07753744390572,38.1030796249864,0.165410428342202,6.10313540373912,5.26625123601519,5.23541044230114,4.19046844571346
8097,"Pitkin","Colorado",68,"2020-03-29",3.11668488397166,41.8486631036287,0.151804529172695,5.03252308899905,4.25895867110498,4.17931658818053,4.56605072547875
8123,"Weld","Colorado",68,"2020-03-29",4.72612279640576,38.5031701584414,0.192927935041944,7.04125801690908,6.06985962578114,6.07661834169937,3.59277768877406
9001,"Fairfield","Connecticut",68,"2020-03-29",6.51195757627611,35.3392163789842,0.235422020774875,9.33702182557461,8.14677442879062,8.15991172170024,2.94427504393387
9003,"Hartford","Connecticut",68,"2020-03-29",5.05351231845265,41.1540632788308,0.231325046069354,7.8294128712849,6.67777059515505,6.67278764093813,2.99642080413606
9005,"Litchfield","Connecticut",68,"2020-03-29",3.8098320645316,47.2558840169926,0.241984501933519,6.71364608773382,5.47476279990349,5.50372357806623,2.86442799031145
9009,"New Haven","Connecticut",68,"2020-03-29",5.10247625966657,42.2217148942657,0.24556772773603,8.04928899249894,6.82102643615724,6.82145035381878,2.82263140580522
9013,"Tolland","Connecticut",68,"2020-03-29",3.3770998300831,43.8763422107867,0.178200342710098,5.54624648442961,4.66707839846622,4.62450222905378,3.88970733736231
10003,"New Castle","Delaware",68,"2020-03-29",4.57028292698765,39.173760771316,0.191817218114958,6.87208954436714,5.94125699218391,5.91300345379235,3.6135816553472
10005,"Sussex","Delaware",68,"2020-03-29",3.63381967693091,46.8885637254719,0.223359908510528,6.27896783437812,5.19282725250497,5.1973390365046,3.10327482305212
11001,"District of Columbia","District of Columbia",68,"2020-03-29",5.41863686520033,34.9048109478196,0.192867072548843,7.73304173578644,6.79446178543202,6.76870637304223,3.59391145103013
12001,"Alachua","Florida",68,"2020-03-29",3.9756682705885,39.9991967579734,0.172849105692285,6.04985753889592,5.25399385644617,5.18561201043449,4.01012882180555
12011,"Broward","Florida",68,"2020-03-29",6.33556070883985,34.2753685210928,0.220561949193052,8.98230409915647,7.87596293304709,7.87949435319121,3.14264170722056
12021,"Collier","Florida",68,"2020-03-29",4.25864761351338,41.1229091483927,0.194662427577774,6.59459674444667,5.64447549336568,5.6212846065578,3.56076511109475
12031,"Duval","Florida",68,"2020-03-29",4.45600704767187,41.3408344141508,0.20573308930161,6.92480411929119,5.91456266377976,5.89613867278314,3.36915749874233
12057,"Hillsborough","Florida",68,"2020-03-29",4.99817705917421,38.1251450234577,0.200932912529043,7.40937200952273,6.43234257508602,6.40470744687751,3.44964481844036
12069,"Lake","Florida",68,"2020-03-29",3.27444567602301,48.9437618749382,0.228430161068616,5.9520306717501,4.87196372627235,4.87345680350333,3.03439430816553
12071,"Lee","Florida",68,"2020-03-29",4.35303909780063,45.3769039670903,0.247007625088786,7.31713059886606,6.07278368533736,6.08209247342213,2.80617725995623
12081,"Manatee","Florida",68,"2020-03-29",3.20738144544247,46.3128428856312,0.191148949610798,5.48351994973154,4.59391674192733,4.54542409271806,3.62621495944013
12086,"Miami-Dade","Florida",68,"2020-03-29",6.61912037177508,37.2965897161904,0.257519150131779,9.70935017335642,8.4087925671426,8.42175442269753,2.69163353562345
12095,"Orange","Florida",68,"2020-03-29",4.91684776399609,44.7654431164531,0.269644488505919,8.15258162606711,6.79188489627699,6.80435918353752,2.57059650801923
12097,"Osceola","Florida",68,"2020-03-29",3.92338676407846,44.5069456551085,0.212154611721144,6.46924210473218,5.41775343282627,5.40846904612647,3.26717941663705
12099,"Palm Beach","Florida",68,"2020-03-29",5.32787616878958,40.6908746739123,0.238820486725192,8.19372200949189,6.99462665645261,6.99961957586593,2.90237738840864
12103,"Pinellas","Florida",68,"2020-03-29",4.29631311639985,40.8981885087136,0.195545560815203,6.66845785287795,5.69609658081535,5.66513204210627,3.54468379476531
12109,"St. Johns","Florida",68,"2020-03-29",3.60316593583991,44.7426147873223,0.197353886871922,5.97141257830298,4.99889696094192,4.98464314394337,3.51220435303502
12115,"Sarasota","Florida",68,"2020-03-29",3.64133850934494,44.9638781255534,0.201891434017418,6.06403571755395,5.07639309454415,5.05457854746686,3.43326691364303
12117,"Seminole","Florida",68,"2020-03-29",3.8286413964891,45.5374373077059,0.22072165153102,6.50302549577936,5.38054469420838,5.37369295720624,3.14036786038878
12127,"Volusia","Florida",68,"2020-03-29",3.54715129428524,46.7754183466633,0.220489549684864,6.22322529878789,5.10627327911813,5.09057814207929,3.14367361877526
13015,"Bartow","Georgia",68,"2020-03-29",4.53872508657994,33.1530348008013,0.152066552035977,6.36352371101166,5.6541289021165,5.60319095083178,4.55818305392995
13045,"Carroll","Georgia",68,"2020-03-29",3.89473150831809,41.0926335331782,0.177781821206879,6.02811336280064,5.14622534358024,5.13920425676624,3.89886421375644
13057,"Cherokee","Georgia",68,"2020-03-29",3.75118333745009,40.9732091276408,0.170827993251751,5.8127284015221,4.96589124143826,4.94697929021234,4.05757374634992
13059,"Clarke","Georgia",68,"2020-03-29",3.27444567602301,44.1074308450358,0.176931120253752,5.46585686810432,4.54471262820854,4.51296351779927,3.91761030827049
13063,"Clayton","Georgia",68,"2020-03-29",3.67086094861126,44.8074022899408,0.202632353494122,6.11799713209053,5.10887068245191,5.08928742307011,3.42071327015433
13067,"Cobb","Georgia",68,"2020-03-29",4.93344565540513,36.5774235507331,0.186713270179298,7.17400489755671,6.24729635254074,6.24043854666022,3.71236163286266
13089,"DeKalb","Georgia",68,"2020-03-29",5.12820666714205,38.0707227483077,0.205710202320203,7.59672909498448,6.5677458784766,6.56817808338347,3.36953234570744
13095,"Dougherty","Georgia",68,"2020-03-29",5.08494732706081,35.3022709054964,0.183587156539482,7.2879932055346,6.36440257973814,6.37005742283719,3.77557555564012
13121,"Fulton","Georgia",68,"2020-03-29",5.61104042295759,33.3356081685664,0.189150698077413,7.88084879988655,6.94755122399046,6.93509530949948,3.66452351276157
13135,"Gwinnett","Georgia",68,"2020-03-29",4.49184150068109,42.3941303775812,0.21798844615585,7.10770285455129,6.02847886776997,6.01776062377204,3.17974274684441
13151,"Henry","Georgia",68,"2020-03-29",3.45225255246244,48.4432711838457,0.234409202899964,6.22514163342524,5.07685795095785,5.09311697276219,2.95699644887983
13177,"Lee","Georgia",68,"2020-03-29",3.43398720448515,41.7244593469458,0.163870664972256,5.45288497412731,4.61207924288322,4.58108185929094,4.22984297206153
15003,"Honolulu","Hawaii",68,"2020-03-29",4.39621126966584,38.0989414029333,0.176547163749243,6.51477723465676,5.66291128873315,5.63204141591054,3.92613036561975
16001,"Ada","Idaho",68,"2020-03-29",4.05797691805123,47.0128744240624,0.253827800299445,7.10391052164456,5.80502402994766,5.83477152014734,2.73077724245425
16013,"Blaine","Idaho",68,"2020-03-29",4.30019661642625,40.3521971093946,0.189872573388124,6.57866749708374,5.61807575208569,5.62930463014312,3.65059138448112
17031,"Cook","Illinois",68,"2020-03-29",7.57945991689089,28.6658031588465,0.220755416296968,10.2285249124545,9.13176580477849,9.12474783096967,3.13988753792341
17043,"DuPage","Illinois",68,"2020-03-29",5.13243143050236,37.1417068442006,0.19848299342802,7.51422735163861,6.54066833269884,6.5218123844985,3.49222454069504
17089,"Kane","Illinois",68,"2020-03-29",4.06780500698749,46.2515040569421,0.242875839168922,6.98231507701456,5.77164810984048,5.76793588116995,2.85391574119423
17097,"Lake","Illinois",68,"2020-03-29",5.24325758936501,37.7291335521992,0.207482303790233,7.7330452348478,6.71154426424847,6.69563371589664,3.34075324930229
17111,"McHenry","Illinois",68,"2020-03-29",3.42936825862885,47.2918566016683,0.218317860466761,6.04918258422998,4.97111672971693,4.95759328189618,3.17494491324716
17197,"Will","Illinois",68,"2020-03-29",4.47895887485008,47.3609463426526,0.286395773873812,7.91570816133583,6.44557499395525,6.48372929196677,2.42024234919524
18057,"Hamilton","Indiana",68,"2020-03-29",3.8098320645316,46.6732635569006,0.233349272085656,6.61002332955947,5.44633696676171,5.44327696913119,2.97042786705378
18081,"Johnson","Indiana",68,"2020-03-29",3.60316593583991,47.9630332432815,0.237903744847422,6.43219564073859,5.2455868404186,5.26849214977186,2.91356145320239
18089,"Lake","Indiana",68,"2020-03-29",3.68171096463532,50.0923135001326,0.285233993301056,7.104518884248,5.64916777639492,5.67834891774271,2.43010018735161
18097,"Marion","Indiana",68,"2020-03-29",5.89361543264937,40.7429850385519,0.264798107152188,9.07119271847562,7.74600597090814,7.74720218271468,2.61764401571637
19103,"Johnson","Iowa",68,"2020-03-29",3.90629233071916,37.1135727701931,0.150901176745676,5.71710645166727,5.01387190373572,4.96260056793889,4.59338485960355
19153,"Polk","Iowa",68,"2020-03-29",3.30636327899132,48.6019689577533,0.229639960442493,6.06204280430123,4.90848937129955,4.91384300208877,3.01840837815997
20091,"Johnson","Kansas",68,"2020-03-29",4.10852919721406,43.0116117487238,0.2055457971681,6.57507876323127,5.54778100823635,5.54734977739076,3.37222745543696
20209,"Wyandotte","Kansas",68,"2020-03-29",3.57555076880693,44.4634092134339,0.192891498225133,5.89024874750852,4.93955608871056,4.92579125638286,3.59345635726744
21067,"Fayette","Kentucky",68,"2020-03-29",3.61861025826738,47.9476202666916,0.240401207143346,6.50342474398753,5.28060441615053,5.3014187082708,2.88329326127983
21111,"Jefferson","Kentucky",68,"2020-03-29",4.17218704898604,43.2962883972496,0.211746250305635,6.71314205265366,5.66695370766291,5.65441080112549,3.27348030748811
22005,"Ascension","Louisiana",68,"2020-03-29",4.37125453769197,44.2679761555163,0.233357301591266,7.17154215678716,5.98937385191893,6.00475564883083,2.97032565869321
22015,"Bossier","Louisiana",68,"2020-03-29",3.44316158076119,48.8520864779805,0.243368859683961,6.36358789696872,5.12500470781964,5.14674359854892,2.84813423319675
22017,"Caddo","Louisiana",68,"2020-03-29",4.77551555173533,44.3157237141526,0.255590073636013,7.84259643536749,6.53975698066571,6.56464606718742,2.7119487494145
22033,"East Baton Rouge","Louisiana",68,"2020-03-29",4.63611498983751,42.2911709392226,0.223871421036466,7.3225720422751,6.20463508790879,6.20321493709277,3.09618430682601
22051,"Jefferson","Louisiana",68,"2020-03-29",6.19002262294958,31.6222469320159,0.197274247443342,8.55731359226968,7.58313868821141,7.57094235505297,3.51362222663665
22055,"Lafayette","Louisiana",68,"2020-03-29",3.42472787907235,48.1121677502408,0.230035361872629,6.1851522215439,5.03603630242838,5.03497541218075,3.0132201193647
22057,"Lafourche","Louisiana",68,"2020-03-29",3.23023958351852,45.7718448603364,0.189858541250016,5.54921489824569,4.60339610233725,4.55924937226863,3.6508611937936
22071,"Orleans","Louisiana",68,"2020-03-29",6.89104500827612,25.7599740409103,0.185044044164908,9.11157353825502,8.23145382225603,8.18635331743048,3.74584971749874
22087,"St. Bernard","Louisiana",68,"2020-03-29",3.3722098447889,45.6463285978425,0.196628777827465,5.77177653255525,4.77461455037786,4.74861128958116,3.52515632868429
22093,"St. James","Louisiana",68,"2020-03-29",3.36729582998647,49.787733849995,0.249674633352072,6.29486330697736,5.05543322370672,5.11501826345097,2.77620185620749
22095,"St. John the Baptist","Louisiana",68,"2020-03-29",3.59142411796322,45.8583197554686,0.209514123862448,6.1055936043126,5.06292163510964,5.05802298500036,3.3083553880836
22103,"St. Tammany","Louisiana",68,"2020-03-29",4.51242813428948,39.4819471604001,0.191870822175015,6.81487800038965,5.85245469093643,5.85552388951458,3.61257210816396
23005,"Cumberland","Maine",68,"2020-03-29",4.56285898791637,35.4584314389021,0.165671718289907,6.55091960739525,5.75107544449579,5.72256101594572,4.18385942823998
23031,"York","Maine",68,"2020-03-29",3.3322045101752,47.711229014011,0.216062173743485,5.89607117802092,4.83883304624087,4.84463972637959,3.20809130330638
24003,"Anne Arundel","Maryland",68,"2020-03-29",3.95945169899926,46.4029139609631,0.238563064003314,6.82220846703903,5.62207657873082,5.62939314702246,2.90550921390881
24005,"Baltimore","Maryland",68,"2020-03-29",4.47571211875121,44.7797762649722,0.245645288655089,7.42345558261228,6.19511943029116,6.19522913933683,2.8217401781037
24027,"Howard","Maryland",68,"2020-03-29",3.92902058179672,42.7502128307477,0.194027747005787,6.25735354586617,5.30675540038167,5.28721481083723,3.57241266394374
24031,"Montgomery","Maryland",68,"2020-03-29",5.18178355029209,38.6708365858409,0.2129865076773,7.73762164241969,6.69626639638005,6.67268910403319,3.25441826395006
24033,"Prince George's","Maryland",68,"2020-03-29",4.8317364445798,44.1412233259145,0.256206249646048,7.90621144033237,6.61250898508475,6.62518019210213,2.70542651288771
24510,"Baltimore city","Maryland",68,"2020-03-29",4.34750912979117,44.6849488391166,0.235975924125513,7.15362221260167,6.01953948729782,5.99934059866976,2.93736398375653
25001,"Barnstable","Massachusetts",68,"2020-03-29",4.39797028507102,44.983623499903,0.244109590241264,7.32728536796619,6.10504085504104,6.10673741675987,2.83949180314825
25003,"Berkshire","Massachusetts",68,"2020-03-29",4.4188406077966,44.4886065713276,0.238709237358234,7.2833514560954,6.08186094785191,6.08980526930424,2.90373002834294
25005,"Bristol","Massachusetts",68,"2020-03-29",4.64576358295334,46.4599487512631,0.280879636531242,8.01631922132825,6.60191273785787,6.61192103867204,2.4677729903102
25009,"Essex","Massachusetts",68,"2020-03-29",5.65848619974103,42.7111941221461,0.278896955976966,9.00524967146463,7.59648388318005,7.61076489157979,2.48531640702881
25013,"Hampden","Massachusetts",68,"2020-03-29",4.4724547868809,48.5183111111161,0.308835165649355,8.17847677467316,6.57450463137149,6.63430094642639,2.2443920176724
25017,"Middlesex","Massachusetts",68,"2020-03-29",6.35337575784196,34.3881584848384,0.22205406647717,9.018024555568,7.91508479799735,7.90775422318215,3.12152437267438
25021,"Norfolk","Massachusetts",68,"2020-03-29",5.72545077413533,39.114273796072,0.23970176687338,8.60187197661589,7.39586926697375,7.40336314224899,2.89170659691505
25023,"Plymouth","Massachusetts",68,"2020-03-29",5.07428055925661,45.5331728044383,0.290509575805843,8.56039546892673,7.08625054124451,7.10784758989751,2.38597016513906
25025,"Suffolk","Massachusetts",68,"2020-03-29",6.23692856171071,37.606503994805,0.245611260475311,9.18426368741444,7.94486025148474,7.95620738503789,2.82213111572554
25027,"Worcester","Massachusetts",68,"2020-03-29",5.19057305953494,43.6991319502594,0.268929513748202,8.41772722451337,7.06932935238326,7.07307965577236,2.57743068397073
26049,"Genesee","Michigan",68,"2020-03-29",4.25662536813261,46.3942944415113,0.256335110431768,7.33264669331382,6.04757010952553,6.05097114115498,2.70406648309869
26081,"Kent","Michigan",68,"2020-03-29",3.77767495289707,45.938523610138,0.221415478155324,6.43466069076096,5.36667722134571,5.32758329998434,3.1305272166822
26099,"Macomb","Michigan",68,"2020-03-29",5.91195741027649,35.4391382647838,0.214505535678604,8.48602383841974,7.42267982906744,7.41349616002672,3.23137199404725
26125,"Oakland","Michigan",68,"2020-03-29",6.57268206327463,31.2751583465002,0.207177773653271,9.05881534711388,8.03366311038376,8.02292647884753,3.34566381488385
26161,"Washtenaw","Michigan",68,"2020-03-29",4.76583024600086,44.7761373024094,0.261515921464386,7.9040213035735,6.58396887239618,6.59644169625157,2.65049705837638
26163,"Wayne","Michigan",68,"2020-03-29",7.34619452472351,32.0449139726769,0.237317852007882,10.1940087488181,9.0150529089073,9.00741948877868,2.92075448473605
27037,"Dakota","Minnesota",68,"2020-03-29",3.27444567602301,45.2924086965105,0.186548528056899,5.54190742978189,4.60272388074818,4.5802853724213,3.71564004165463
27053,"Hennepin","Minnesota",68,"2020-03-29",4.85091356921954,34.0714500023553,0.16768602538373,6.8631458738243,6.05615320385422,6.02471574690565,4.13360134795824
27109,"Olmsted","Minnesota",68,"2020-03-29",3.36235754834589,45.0976099332279,0.189558081409908,5.66823969062802,4.70045321714703,4.68926411821525,3.65664800679774
27123,"Ramsey","Minnesota",68,"2020-03-29",3.48781185449893,42.4543325514721,0.172328431299367,5.6085438169957,4.74098499874083,4.6941108735945,4.02224505459471
28033,"DeSoto","Mississippi",68,"2020-03-29",3.87120101090789,41.9248698021107,0.183685745926998,6.07542996203186,5.1690227160039,5.15700123239687,3.77354909637585
28047,"Harrison","Mississippi",68,"2020-03-29",3.42936825862885,43.41266897928,0.17508093649927,5.53033949662009,4.6911793057688,4.65493481412374,3.95901001227987
28049,"Hinds","Mississippi",68,"2020-03-29",3.79066214842388,42.284558501692,0.182987272983465,5.98650942422546,5.09393713795872,5.07157305930814,3.787952950272
29019,"Boone","Missouri",68,"2020-03-29",3.43858491373377,46.5621407061825,0.207316677372349,5.89564250037662,4.90000907576423,4.88980165534021,3.34342219519091
29077,"Greene","Missouri",68,"2020-03-29",3.33729357968267,45.9505525655421,0.195742037535938,5.68619803011393,4.73201393958874,4.70748784243424,3.54112580662538
29095,"Jackson","Missouri",68,"2020-03-29",3.3722098447889,49.4424682376824,0.246689072978245,6.30476381805818,5.10900679975511,5.09903335563662,2.80980090521104
29189,"St. Louis","Missouri",68,"2020-03-29",5.24927717112339,40.7004259180367,0.235398091094897,8.07405426426215,6.89667309183784,6.89706380878767,2.9445743478035
29510,"St. Louis city","Missouri",68,"2020-03-29",4.07995582477,45.145674417455,0.228513578175067,6.82211876287081,5.68431685172229,5.67955087199547,3.03328662609675
30031,"Gallatin","Montana",68,"2020-03-29",3.60704943586631,45.964546277265,0.211737796631296,6.14790299544186,5.07586839278464,5.08921401228538,3.27361100185122
31055,"Douglas","Nebraska",68,"2020-03-29",3.86523084392139,37.6362542253782,0.152391956545662,5.69393432246934,4.98365252068486,4.93197453974103,4.54844990688372
32003,"Clark","Nevada",68,"2020-03-29",5.87613385913031,33.2958701627982,0.197822117373422,8.24999926761138,7.28349818136255,7.26088868074427,3.50389122188756
32031,"Washoe","Nevada",68,"2020-03-29",4.19612725653204,42.6201787390668,0.203770304166642,6.59804602720186,5.63489483686555,5.62251938569853,3.4016103739684
33009,"Grafton","New Hampshire",68,"2020-03-29",3.11668488397166,42.5878912627906,0.152688040422312,4.94894136903941,4.25920079603153,4.18550116692785,4.53962981411513
33011,"Hillsborough","New Hampshire",68,"2020-03-29",3.64507683145554,46.2951967301046,0.218205313319943,6.26354059129486,5.1750107651884,5.17251402469514,3.17658250394489
33015,"Rockingham","New Hampshire",68,"2020-03-29",4.19181690503092,38.8175865957899,0.172614395656964,6.24560542317816,5.40626685599086,5.40011767462967,4.01558153896639
34003,"Bergen","New Jersey",68,"2020-03-29",7.14090573663537,31.670337225386,0.227927947645244,9.8760411083783,8.74943968322426,8.73640137015208,3.04108025242603
34005,"Burlington","New Jersey",68,"2020-03-29",4.33635659784069,45.4285920675677,0.246784811696102,7.29777433819391,6.06623926443565,6.0638502797134,2.80871085945722
34007,"Camden","New Jersey",68,"2020-03-29",4.44600696433729,45.6373860365019,0.256067834813597,7.51882098210045,6.22731592034766,6.23848180803247,2.70688890334281
34013,"Essex","New Jersey",68,"2020-03-29",6.51872579162225,36.3191095783359,0.244321898130102,9.45058856918348,8.22177573358218,8.22897907853297,2.83702437589463
34015,"Gloucester","New Jersey",68,"2020-03-29",3.57954279007647,49.7745114513665,0.270654862912139,6.82740114502214,5.45043737109638,5.47412683046145,2.56100028317229
34017,"Hudson","New Jersey",68,"2020-03-29",6.20426912062701,39.9553937713442,0.269228688876967,9.43501338715062,8.07732107453752,8.08886994276578,2.5745665644002
34019,"Hunterdon","New Jersey",68,"2020-03-29",3.71008166176454,45.8863173509322,0.216790373985732,6.31156614959333,5.25224464785616,5.22761427966466,3.19731530425592
34021,"Mercer","New Jersey",68,"2020-03-29",4.74119845881121,42.9289384046148,0.23622061226205,7.57584580595581,6.4053229253948,6.39474274464556,2.93432132751822
34023,"Middlesex","New Jersey",68,"2020-03-29",6.26855501170387,36.9152565098877,0.240314995394915,9.15233495644285,7.95010977812864,7.95075997946827,2.88432762766585
34025,"Monmouth","New Jersey",68,"2020-03-29",6.24969941823346,35.5035605245965,0.227291225244782,8.97719412117084,7.84935840986238,7.84073799494693,3.04959938428533
34027,"Morris","New Jersey",68,"2020-03-29",5.80254987484438,37.1632581105907,0.224585201171317,8.49757228890018,7.38499978658931,7.3746462830436,3.0863439663204
34029,"Ocean","New Jersey",68,"2020-03-29",5.99217857784164,39.4175290986151,0.25409460284714,9.04131381200732,7.75774150508392,7.77084079777162,2.72790989180094
34031,"Passaic","New Jersey",68,"2020-03-29",6.03821180964761,40.7699044771411,0.271623295700128,9.29769135804915,7.92237935150928,7.93957487954851,2.55186941448932
34035,"Somerset","New Jersey",68,"2020-03-29",5.17695650954377,40.0744375341497,0.225815899490157,7.88674730342565,6.76436430445053,6.75766780597487,3.0695233689254
34037,"Sussex","New Jersey",68,"2020-03-29",3.90629233071916,46.9265953257417,0.243028307311588,6.82263201845822,5.58556496783764,5.60749048190028,2.85212528625835
34039,"Union","New Jersey",68,"2020-03-29",6.1515161495419,39.1856614170126,0.258311442415472,9.25125345852756,7.95021177941865,7.9596962464502,2.68337776320833
34041,"Warren","New Jersey",68,"2020-03-29",3.46573590279973,48.1832276418253,0.23390626642702,6.27261109992397,5.10148971493468,5.10307976778887,2.96335447163495
35001,"Bernalillo","New Mexico",68,"2020-03-29",4.18531634042783,39.6902739063331,0.179552360401393,6.33994466524455,5.4643183460251,5.44218286323758,3.86041809202842
36001,"Albany","New York",68,"2020-03-29",5.12989871492307,34.1463789504045,0.177790465401395,7.2633842997398,6.48038771087853,6.37443197273283,3.89867465049399
36027,"Dutchess","New York",68,"2020-03-29",5.27957132372698,36.7003985519445,0.200774852311417,7.68959682431949,6.69555726871712,6.6849952899069,3.45236055502021
36029,"Erie","New York",68,"2020-03-29",5.30045793104715,41.8111055279012,0.250152641895816,8.30228963379694,7.03724566326761,7.05152642431786,2.7708969024146
36055,"Monroe","New York",68,"2020-03-29",4.97179546077999,38.4598622553898,0.203963843561587,7.45286693866051,6.42868123522929,6.3995423657111,3.39838261750862
36059,"Nassau","New York",68,"2020-03-29",8.33395693069388,23.7296104477398,0.21221986911037,10.8805953600183,9.86230987451535,9.81949601446647,3.26617476236148
36067,"Onondaga","New York",68,"2020-03-29",4.54025063988878,42.3629740903204,0.220005085023381,7.18031166016936,6.09265195529758,6.08028623505245,3.15059618047592
36071,"Orange","New York",68,"2020-03-29",6.67275601129156,30.824203432267,0.207384329933986,9.16136797049939,8.13252432148405,8.12444632082946,3.34233150971718
36079,"Putnam","New York",68,"2020-03-29",4.57028292698765,39.0561720049539,0.190875198733186,6.86078531178588,5.92497187493651,5.90640931811995,3.63141563262421
36083,"Rensselaer","New York",68,"2020-03-29",3.50941096630239,41.6515934169934,0.170823067563889,5.696677110877,4.81883709297355,4.70517243924962,4.05769074660073
36087,"Rockland","New York",68,"2020-03-29",7.16868995064004,29.5413866986028,0.214255441074741,9.73975524353693,8.6685460701197,8.66847803816322,3.23514388751578
36091,"Saratoga","New York",68,"2020-03-29",4.32318613465095,37.7668405533386,0.171329561158975,6.37914086855865,5.57532910866277,5.52249306276378,4.04569518459678
36093,"Schenectady","New York",68,"2020-03-29",4.09672268462707,38.8696452895084,0.172098687608457,6.21798662850364,5.38152190440007,5.30141349788627,4.02761456343542
36103,"Suffolk","New York",68,"2020-03-29",8.00058899907406,26.5296239050405,0.219372264718153,10.6330561756919,9.54354497849176,9.53619485210113,3.15968466410506
36105,"Sullivan","New York",68,"2020-03-29",3.96488649498521,44.6306027479614,0.215768083604896,6.55274664530817,5.47396665858656,5.47526308021949,3.21246390559413
36109,"Tompkins","New York",68,"2020-03-29",3.31158522297247,48.2374411733108,0.221568119839226,5.92972984131621,4.85707273105093,4.86256206184705,3.12837054835734
36111,"Ulster","New York",68,"2020-03-29",4.51711930786536,44.4994242331847,0.244161012327399,7.44705145579414,6.19769335541702,6.22624639415715,2.83889378550944
36119,"Westchester","New York",68,"2020-03-29",8.67231482828354,21.5691787535928,0.209320369893358,11.1841592670038,10.1714368183694,10.137557417537,3.31141771301609
37063,"Durham","North Carolina",68,"2020-03-29",4.34750912979117,37.1497020640132,0.168180232992166,6.36567192569716,5.56494956911344,5.52477076073633,4.12145451476592
37081,"Guilford","North Carolina",68,"2020-03-29",3.23023958351852,47.3669235955664,0.211012063231327,5.83091246552841,4.74613266274076,4.70732402613781,3.28486992613341
37119,"Mecklenburg","North Carolina",68,"2020-03-29",5.28970899201144,38.1492935436468,0.212859501652481,7.84402301184121,6.77626251787958,6.77972550357881,3.25636006463828
37183,"Wake","North Carolina",68,"2020-03-29",4.52798054729696,38.4607369872206,0.184519826244941,6.74221846223625,5.84379650718131,5.81961933101155,3.7564916175448
38015,"Burleigh","North Dakota",68,"2020-03-29",3.10394585819422,42.2912468692271,0.149885695125787,4.90257419970367,4.21602004221089,4.15314572407473,4.62450522698808
39035,"Cuyahoga","Ohio",68,"2020-03-29",5.61936513284362,35.6235633656362,0.205262840007089,8.08251921292868,7.0776944655081,7.05620501289324,3.37687610936304
39049,"Franklin","Ohio",68,"2020-03-29",4.89890533015295,43.3019824466675,0.248700424643705,7.88331042587741,6.63124326291913,6.63980830265888,2.78707678747621
39061,"Hamilton","Ohio",68,"2020-03-29",4.00473240353241,44.4760871247714,0.216192573918213,6.59904329055097,5.54568182507057,5.5180804209599,3.20615628926351
39093,"Lorain","Ohio",68,"2020-03-29",3.85318250540521,43.8935396684115,0.201669091947648,6.27321160877698,5.28421368419244,5.26486614903874,3.43705212269158
39095,"Lucas","Ohio",68,"2020-03-29",3.72051653905712,50.2407745264318,0.29159423091664,7.2196473100568,5.68516106482584,5.7616761554736,2.37709497331619
39099,"Mahoning","Ohio",68,"2020-03-29",3.98367899433458,43.8155349592285,0.207651294204364,6.47549452478695,5.45187250205879,5.43723805376513,3.33803448331881
39103,"Medina","Ohio",68,"2020-03-29",3.30111392310517,47.0382586786175,0.20891886698983,5.84173531592596,4.76886590378257,4.76354599203398,3.31778163718304
39109,"Miami","Ohio",68,"2020-03-29",3.29053181377464,46.2191286242182,0.196088256687525,5.64359089402493,4.68539093747186,4.66314961058731,3.53487349150391
39153,"Summit","Ohio",68,"2020-03-29",4.04555439805267,45.1450157164266,0.227676747851817,6.79728572885112,5.65624734955156,5.63929163301539,3.04443553019774
40027,"Cleveland","Oklahoma",68,"2020-03-29",3.53472877428668,44.0094731251006,0.186440463960115,5.77788820892467,4.85388126002681,4.83981202200749,3.71779369047391
40109,"Oklahoma","Oklahoma",68,"2020-03-29",4.30599373411058,42.1765333514567,0.206785633093028,6.78742133122692,5.76046408461333,5.75349316576178,3.3520084069289
40143,"Tulsa","Oklahoma",68,"2020-03-29",3.59926729542425,48.0596858664329,0.236983145719035,6.3844003900317,5.25822271409817,5.25814931545749,2.92487965106909
41005,"Clackamas","Oregon",68,"2020-03-29",3.24147565678544,45.9117533040449,0.189690359371551,5.51775996924405,4.59549324676336,4.56930817238629,3.65409809363196
41043,"Linn","Oregon",68,"2020-03-29",3.28519846779927,41.8256176428365,0.155149671541085,5.14699452629229,4.43108566032363,4.37124616858687,4.46760327414804
41047,"Marion","Oregon",68,"2020-03-29",4.15888308335967,43.6103391110251,0.212392072621257,6.66691513508777,5.64210439024762,5.64562759170847,3.26352660909329
41051,"Multnomah","Oregon",68,"2020-03-29",3.94849268520954,45.0846304790381,0.22039694356232,6.59325600795738,5.49058866661474,5.49127129014578,3.14499452377365
41067,"Washington","Oregon",68,"2020-03-29",4.66881545114845,34.9222725366137,0.166281813841118,6.66419721724187,5.85977707837772,5.83278814803628,4.16850865737035
42003,"Allegheny","Pennsylvania",68,"2020-03-29",4.93035446283545,43.618252809081,0.254381321470619,7.98293032048288,6.70118145754273,6.71102371312978,2.72483520626731
42011,"Berks","Pennsylvania",68,"2020-03-29",3.70306408910589,47.128416605565,0.232264721077144,6.47358554308679,5.34592962311608,5.3289171366459,2.98429816351543
42017,"Bucks","Pennsylvania",68,"2020-03-29",4.87519732320115,44.0896292655701,0.257805486294614,7.96886315873652,6.67046714532741,6.67983572726345,2.68864402586
42029,"Chester","Pennsylvania",68,"2020-03-29",4.41366371961706,43.8778022812876,0.230813622186219,7.18342718585169,6.04048338066069,6.02935907492059,3.00306010535513
42045,"Delaware","Pennsylvania",68,"2020-03-29",5.03880617106295,42.2346424283366,0.241040916278357,7.89779181126176,6.72529781696345,6.72609258501145,2.8756411619324
42069,"Lackawanna","Pennsylvania",68,"2020-03-29",3.40119738166216,50.159796476013,0.260329473657857,6.46663710895358,5.21189945544137,5.22350369726716,2.66257666033977
42077,"Lehigh","Pennsylvania",68,"2020-03-29",4.28062652023215,47.8632608811698,0.282797139240315,7.67419219111594,6.24072276228174,6.26020649491436,2.45104028428987
42079,"Luzerne","Pennsylvania",68,"2020-03-29",3.78418963391826,50.4643228134032,0.290913705404722,7.13776476496699,5.77956219570022,5.82058557175132,2.38265563870781
42089,"Monroe","Pennsylvania",68,"2020-03-29",4.35487564560793,42.9909202178455,0.217644973832925,6.96661533160303,5.88429451705493,5.87839046243841,3.18476079806942
42091,"Montgomery","Pennsylvania",68,"2020-03-29",5.65399181015318,36.368920294959,0.212308020282142,8.20168805353888,7.14396924787719,7.14014795212817,3.26481863303517
42095,"Northampton","Pennsylvania",68,"2020-03-29",4.17438726989564,46.5746230246537,0.254142554911294,7.22409792883117,5.9451634447185,5.9533851542747,2.7273951849657
42101,"Philadelphia","Pennsylvania",68,"2020-03-29",6.08287101343183,41.5444107620914,0.283509855915976,9.48498928442355,8.06022099596181,8.06744000484366,2.44487860332225
42133,"York","Pennsylvania",68,"2020-03-29",3.23587340123677,48.9405465680263,0.230156415175985,5.99775038334859,4.87207491477314,4.84696830746867,3.01163528303107
45013,"Beaufort","South Carolina",68,"2020-03-29",3.45676723281697,44.9053376320998,0.191037951553561,5.7492226514597,4.80814013708638,4.7940328936919,3.62832188537997
45019,"Charleston","South Carolina",68,"2020-03-29",4.25459902498738,44.6716316471993,0.232131903020011,7.04018186122751,5.87985263509014,5.87952234612746,2.98600567841893
45045,"Greenville","South Carolina",68,"2020-03-29",3.91202300542815,41.8030167838204,0.184555649524793,6.12669079972566,5.22762853364843,5.2039125521017,3.755762461592
45055,"Kershaw","South Carolina",68,"2020-03-29",4.20041910861358,34.2206467625573,0.149262122394174,6.08681281408245,5.3096437490261,5.2452539653728,4.64382503371799
45063,"Lexington","South Carolina",68,"2020-03-29",3.15395627876888,46.0643252811717,0.186231510177888,5.38873440090354,4.49270182274596,4.4575768500141,3.72196509547633
45079,"Richland","South Carolina",68,"2020-03-29",4.16555719044736,40.1399337083458,0.181661869402289,6.33274481002963,5.45802735875072,5.43719027626338,3.81558982542987
47037,"Davidson","Tennessee",68,"2020-03-29",5.68891052869023,29.3117962556524,0.168869512066067,7.71534467348303,6.92365316428848,6.8709971131527,4.1046318668154
47149,"Rutherford","Tennessee",68,"2020-03-29",3.35240721749272,47.9829868987715,0.222593095079995,6.01380056601924,4.91000842681848,4.91055888305269,3.11396532902713
47157,"Shelby","Tennessee",68,"2020-03-29",5.31882002887455,39.7414247310739,0.228682108313857,8.06300532864083,6.91617097848355,6.91959478707155,3.03105120759438
47165,"Sumner","Tennessee",68,"2020-03-29",3.96217278911362,44.0736384327255,0.209418467884643,6.47655125666513,5.42316973282453,5.42810206430612,3.30986654406125
47187,"Williamson","Tennessee",68,"2020-03-29",4.33073334028633,34.4342532735298,0.151605815935954,6.15000313151778,5.44072248233426,5.39197405183801,4.57203555339041
48029,"Bexar","Texas",68,"2020-03-29",4.40322884232448,40.9973446710525,0.200122611407335,6.8047001792125,5.83301485625397,5.80408712217582,3.46361251077769
48039,"Brazoria","Texas",68,"2020-03-29",3.52636052461616,47.4764958551586,0.224360038736821,6.17517445610966,5.10124358888589,5.09688079577391,3.08944134821185
48041,"Brazos","Texas",68,"2020-03-29",3.24147565678544,47.967155236468,0.213590227893253,5.77395147364574,4.75324426086944,4.73660725203821,3.24521953741424
48085,"Collin","Texas",68,"2020-03-29",4.50297924509154,39.2832024818888,0.189864556614479,6.78135392446528,5.85714046493132,5.83203114139289,3.65074552575595
48113,"Dallas","Texas",68,"2020-03-29",5.67919699918359,34.2908521780804,0.197818376024645,8.05301751147933,7.09712716496718,7.0639256313561,3.50395749115639
48121,"Denton","Texas",68,"2020-03-29",4.57176112385696,42.5537622363698,0.223599137245152,7.25495077079879,6.13814895034555,6.13695508457303,3.09995462907347
48157,"Fort Bend","Texas",68,"2020-03-29",4.34008794545355,40.6107822230177,0.193847234355613,6.66625475772091,5.71411530855396,5.69701858594284,3.57573933341946
48167,"Galveston","Texas",68,"2020-03-29",3.62624388312245,47.789251177655,0.238400089665237,6.48704495910529,5.27941056211079,5.29504451077911,2.90749546920585
48201,"Harris","Texas",68,"2020-03-29",5.54182361238113,41.6796422257637,0.259931079537413,8.66099656683009,7.33321683293517,7.36134116914302,2.66665756858897
48309,"McLennan","Texas",68,"2020-03-29",3.32194801000801,43.9859968852797,0.174710606176151,5.41847528412182,4.61082999956843,4.54492225324107,3.96740184085381
48339,"Montgomery","Texas",68,"2020-03-29",3.53888678443534,48.3595800096737,0.23813777178277,6.34409025585349,5.20621609736733,5.20585118691473,2.9106981868976
48439,"Tarrant","Texas",68,"2020-03-29",4.51867815463465,39.2844371686985,0.19053640796037,6.80511505015909,5.88829939285416,5.85243301035724,3.63787261437255
48453,"Travis","Texas",68,"2020-03-29",4.87082573153965,35.1411227613602,0.174839268999107,6.96889695952894,6.15353511248536,6.0947006145334,3.96448226149632
48491,"Williamson","Texas",68,"2020-03-29",3.25809653802148,46.7431605086111,0.20041389593268,5.66306328921363,4.69435362081976,4.66099380955024,3.45857844504344
49011,"Davis","Utah",68,"2020-03-29",3.79066214842388,42.9137715873879,0.188719458454616,6.05529564987927,5.12836592590431,5.11169835760619,3.67289725307598
49035,"Salt Lake","Utah",68,"2020-03-29",5.28102586943798,35.763138236664,0.193865895508211,7.60668934268101,6.64028561429147,6.63808713799546,3.57539513973249
49043,"Summit","Utah",68,"2020-03-29",4.67682617489452,35.3734392566569,0.169287310800041,6.70827390449501,5.87453306158264,5.86183735049481,4.09450169232518
50007,"Chittenden","Vermont",68,"2020-03-29",4.27666611901606,41.8030527192759,0.201758586384047,6.69776915562462,5.68187369805986,5.68897622370439,3.435527543004
51013,"Arlington","Virginia",68,"2020-03-29",4.04805127825126,39.2527875056197,0.170411699440919,6.09174323144299,5.25511389363798,5.24093317433769,4.06748587587589
51059,"Fairfax","Virginia",68,"2020-03-29",4.68080760019371,42.3431536338719,0.226598364398402,7.39998797297454,6.26380642134805,6.26699615098252,3.05892402357002
51087,"Henrico","Virginia",68,"2020-03-29",3.20158432775814,48.1163891458795,0.215108037904108,5.78288078260744,4.71659657678685,4.7073405930869,3.22232115226182
51095,"James City","Virginia",68,"2020-03-29",3.91487607441055,37.3841287801217,0.152830096654005,5.74883723425861,5.02293381471688,4.98468675098859,4.53541020869191
51107,"Loudoun","Virginia",68,"2020-03-29",3.59142411796322,45.8882471692637,0.20988055130812,6.10999073366066,5.07067234111096,5.06058797712006,3.30257937784028
51153,"Prince William","Virginia",68,"2020-03-29",3.72051653905712,45.5196617277119,0.21284007672525,6.27459745976012,5.21639597889085,5.21039707613387,3.25665725752726
51810,"Virginia Beach city","Virginia",68,"2020-03-29",3.3322045101752,46.3707690744027,0.200382358335402,5.73679281020003,4.7570151454521,4.73488101852302,3.4591227806579
53005,"Benton","Washington",68,"2020-03-29",3.56751859710967,50.5305983039483,0.267431348619068,6.54388509547681,5.23696575681647,5.43953803744315,2.59186959247351
53011,"Clark","Washington",68,"2020-03-29",3.88008995832514,46.5130757489097,0.233783185917908,6.65976390842202,5.48503696930349,5.5165722597505,2.9649145974225
53025,"Grant","Washington",68,"2020-03-29",3.58747933967221,44.5693700327931,0.194647678677034,5.92325148379662,4.97256344607038,4.95001309041145,3.56103491842838
53029,"Island","Washington",68,"2020-03-29",4.0990951649807,41.0102898290973,0.186409694949264,6.33601150437187,5.39756989031327,5.40396302962555,3.71840735401988
53033,"King","Washington",68,"2020-03-29",7.37695501376272,14.3394078930569,0.151600190099416,9.19615729495571,8.49034538286158,8.43815634445863,4.57220522022693
53035,"Kitsap","Washington",68,"2020-03-29",3.56347818757266,43.2541584461675,0.182248445701385,5.7856302806684,4.86393555003183,4.83921730748235,3.80330914698538
53053,"Pierce","Washington",68,"2020-03-29",5.32091719846528,31.4062828341982,0.16841694095511,7.3419204899266,6.51130484165784,6.49983578515105,4.11566186055296
53057,"Skagit","Washington",68,"2020-03-29",4.31367131500961,38.1965654650408,0.173914274207861,6.40064260550394,5.56789685412196,5.53107123446464,3.98556808356916
53061,"Snohomish","Washington",68,"2020-03-29",6.63987583382654,19.9332123625703,0.15417625037944,8.48999083837982,7.76220299377549,7.71910958648262,4.49581033949168
53063,"Spokane","Washington",68,"2020-03-29",4.24849524204936,46.0634793242129,0.250848171438371,7.25867329930981,5.97437822808993,6.00443244211796,2.76321400544967
53073,"Whatcom","Washington",68,"2020-03-29",4.40671924726425,40.1476521625634,0.192834420279792,6.72073229062175,5.76428170407136,5.75656018922279,3.59452000091181
53077,"Yakima","Washington",68,"2020-03-29",4.26869794936688,45.9744643323414,0.250723268429999,7.27737717052686,5.99212118583269,6.02376082837687,2.76459055795003
55025,"Dane","Wisconsin",68,"2020-03-29",4.76704605162176,35.6257255945118,0.174143284348243,6.85676546380067,6.0054339285429,5.98604904205946,3.98032679327344
55079,"Milwaukee","Wisconsin",68,"2020-03-29",5.97016794724747,30.8556658797608,0.185730023988534,8.19892823510988,7.30592312226063,7.27027811516721,3.73201470432555
55089,"Ozaukee","Wisconsin",68,"2020-03-29",3.18398856586776,43.4436210458171,0.162810741872372,5.13771746833623,4.35378805968778,4.32366375897436,4.25737990373698
55131,"Washington","Wisconsin",68,"2020-03-29",3.17208366336144,42.8012187410117,0.157917079921966,5.08473751346554,4.32806178441666,4.2775032228152,4.38931102894293
55133,"Waukesha","Wisconsin",68,"2020-03-29",3.98367899433458,39.9785477716941,0.173042037262813,6.06018344148834,5.21607847226984,5.19497325517427,4.00565776688821
99999,"New York City","New York",68,"2020-03-29",10.0426219688654,17.6512553618155,0.22145314162477,12.7000596683626,11.6460736767481,11.5927939602388,3.12999479472011
