cases,deaths,rolled_cases,LAT,LON,AREA_SQMI,E_TOTPOP,E_HU,E_HH,E_POV,E_UNEMP,E_PCI,E_NOHSDP,E_AGE65,E_AGE17,E_DISABL,E_SNGPNT,E_MINRTY,E_LIMENG,E_MUNIT,E_MOBILE,E_CROWD,E_NOVEH,E_GROUPQ,EP_POV,MP_POV,EP_UNEMP,MP_UNEMP,EP_PCI,MP_PCI,EP_NOHSDP,MP_NOHSDP,EP_AGE65,MP_AGE65,EP_AGE17,MP_AGE17,EP_DISABL,MP_DISABL,EP_SNGPNT,MP_SNGPNT,EP_MINRTY,MP_MINRTY,EP_LIMENG,MP_LIMENG,EP_MUNIT,MP_MUNIT,EP_MOBILE,MP_MOBILE,EP_CROWD,MP_CROWD,EP_NOVEH,MP_NOVEH,EP_GROUPQ,MP_GROUPQ,EPL_POV,EPL_UNEMP,EPL_PCI,EPL_NOHSDP,SPL_THEME1,RPL_THEME1,EPL_AGE65,EPL_AGE17,EPL_DISABL,EPL_SNGPNT,SPL_THEME2,RPL_THEME2,EPL_MINRTY,EPL_LIMENG,SPL_THEME3,RPL_THEME3,EPL_MUNIT,EPL_MOBILE,EPL_CROWD,EPL_NOVEH,EPL_GROUPQ,SPL_THEME4,RPL_THEME4,SPL_THEMES,RPL_THEMES,F_POV,F_UNEMP,F_PCI,F_NOHSDP,F_THEME1,F_AGE65,F_AGE17,F_DISABL,F_SNGPNT,F_THEME2,F_MINRTY,F_LIMENG,F_THEME3,F_MUNIT,F_MOBILE,F_CROWD,F_NOVEH,F_GROUPQ,F_THEME4,F_TOTAL,E_UNINSUR,EP_UNINSUR,MP_UNINSUR,E_DAYPOP,State_FIPS_Code,State_of_emergency_issued,State_of_emergency_lifted,Date_closed_K-12_public_schools,Closed_day_cares,Reopen_day_cares,Date_banned_visitors_to_nursing_homes,Stay_at_home/_shelter_in_place,Stay_at_home_order'_issued_but_did_not_specifically_restrict_movement_of_the_general_public,End/relax_stay_at_home/shelter_in_place,Closed_other_non-essential_businesses,Closed_businesses_overnight,Began_to_reopen_businesses,Religious_gatherings_exempt_without_clear_social_distance_mandate*,Face_mask_mandate_in_public_spaces,Face_mask_mandate_x2,Face_mask_mandate_enforced_by_fines,Face_mask_mandate_enforced_by_criminal_charge/citation,No_legal_enforcement_of_face_mask_mandate,Face_mask_mandate_for_employees_of_public-facing_businesses,Ended_face_mask_mandate,Ended_face_mask_mandate_x2,Attempted_to_prevent_local_governments_from_implementing_face_mask_orders,Banned_local_mask_mandates,Liquor_stores_remained_open,Allowed_restaurants_to_sell_takeout_alcohol,Allowed_restaurants_to_deliver_alcohol,Firearm_sellers_remained_open,Cannabis_dispensaries_considered_essential_business,Closed_restaurants_except_take_out,Reopen_restaurants,Initially_reopen_restaurants_for_outdoor_dining_only,Closed_gyms,Reopened_gyms,Closed_movie_theaters,Reopened_movie_theaters,Closed_Bars,Reopen_bars,Reopened_hair_salons/barber_shops,Reopened_religious_gatherings,Reopened_other_non-essential_retail,Allowed_businesses_to_reopen_overnight,Began_to_reclose_bars,Closed_bars_(x2),Closed_movie_theaters_(x2),Closed_hair_salons/barber_shops_(x2),Closed_gyms_(x2),Closed_restaurants_(x2),Reopened_restaurants_(x2),Reopened_bars_(x2),Reopened_gyms_(x2),Reopened_hair_salons/barber_shops_(x2),Reopened_movie_theaters_(x2),Closed_bars_(x3),Closed_restaurants_(x3),Reopened_bars_(x3),Reopened_restaurants_(x3),Mandate_quarantine_for_those_entering_the_state_from_specific_settings,Mandate_quarantine_for_all_individuals_entering_the_state,Date_all_mandated_quarantines_ended,Date_vaccine_allocation_plan_last_updated,Vaccine_allocation_phase:_Frontline_Healthcare_Workers,Vaccine_allocation_phase:_Healthcare_Service_Workers,Vaccine_allocation_phase:_Home_Healthcare_Workers,Vaccine_allocation_phase:_Additional_Healthcare_Workers,Vaccine_allocation_phase:_Long-term_Care_Residents,Vaccine_allocation_phase:_EMS_Providers,Vaccine_allocation_phase:_Firefighters,Vaccine_allocation_phase:_Law_Enforcement_&_Public_Safety_Personnel,Vaccine_allocation_phase:_Correctional_Staff,Vaccine_allocation_phase:_People_who_are_Incarcerated,Vaccine_allocation_phase:_Residents_of_Homeless_Shelters,Vaccine_allocation_phase:_Adults_Ages_75+,Vaccine_allocation_phase:_Adults_Ages_65+,Vaccine_allocation_phase:_Adults_w/_High-Risk_Medical_Conditions,Vaccine_allocation_phase:_Pre-K-12_School_Employees,Vaccine_allocation_phase:_Higher_Education_Employees,Vaccine_allocation_phase:_Public_Transit_Workers,Vaccine_allocation_phase:_Food_Supply_Workers,Vaccine_allocation_phase:_Grocery_Store_Workers,Vaccine_allocation_phase:_Frontline_Essential_Workers,Vaccine_allocation_phase:_Additional_Essential_Workers,Vaccine_allocation_phase:_General_Public,Date_adults_ages_80+_became_eligible_for_COVID-19_vaccination,Date_adults_ages_75+_became_eligible_for_COVID-19_vaccination,Date_adults_ages_70+_became_eligible_for_COVID-19_vaccination,Date_adults_ages_65+_became_eligible_for_COVID-19_vaccination,Date_adults_ages_60+_became_eligible_for_COVID-19_vaccination,Date_adults_ages_55+_became_eligible_for_COVID-19_vaccination,Date_adults_ages_50+_became_eligible_for_COVID-19_vaccination,Date_adults_ages_45+_became_eligible_for_COVID-19_vaccination,Date_adults_ages_40+_became_eligible_for_COVID-19_vaccination,Date_adults_ages_30+_became_eligible_for_COVID-19_vaccination,Date_K-12_school_employees_became_eligible_for_COVID-19_vaccination,Date_grocery_store_workers_became_eligible_for_COVID-19_vaccination,Date_incarcerated_people_became_eligible_for_COVID-19_vaccination,Date_general_public_became_eligible_for_COVID-19_vaccination,Adults_ages_65+_prioritized_ahead_of_essential_workers,Prioritization_by_race/ethnicity,Proof_of_work_eligibility_requirement_for_vaccination,Proof_of_age_eligibility_requirement_for_vaccination,Proof_of_residency_requirement_for_vaccination,Penalty_for_failure_to_comply_with_vaccine_distribution_requirements,Expanded_scope_of_practice_of_certain_health_providers_to_administer_vaccines,First_overall_eviction_moratorium_start,First_overall_eviction_moratorium_end,Second_overall_eviction_moratorium_start,Second_overall_eviction_moratorium_end,Third_overall_eviction_moratorium_start,Third_overall_eviction_moratorium_end,First_eviction_initiation_ban_start,First_eviction_initiation_ban_end,Second_Eviction_Initiation_Ban_Start,Second_Eviction_Initiation_Ban_End,First_eviction_hearing_ban_start,First_eviction_hearing_ban_end,Second_Eviction_Hearing_Ban_Start,Second_Eviction_Hearing_Ban_End,First_eviction_enforcement_ban_start,First_eviction_enforcement_ban_end,Second_Eviction_Enforcement_Ban_Start,Second_Eviction_Enforcement_Ban_End,COVID-19_hardship_limitation_start,COVID-19_hardship_limitation_end,Second_COVID-19_hardship_limitation_start,Second_COVID-19_hardship_limitation_end,Non-payment_limitation_start,Non-payment_limitation_end,Second_non-payment_limitation_start,Second_non-payment_limitation_end,CARES_Act_pleading_start,CARES_Act_pleading_end,CDC_moratorium_start,CDC_moratorium_end,Late_Fee_Ban_Start,Late_Fee_Ban_End,Second_Late_Fee_Ban_Start,Second_Late_Fee_Ban_End,Utilities_shutoff_moratorium_start,Utilities_shutoff_moratorium_expiration,Second_utilities_shutoff_moratorium_start,Utilities_reconnection_start,Utilities_reconnection_end,SNAP_Waiver_-_Emergency_Allotments_to_Current_SNAP_Households,SNAP_Waiver_-_Pandemic_EBT_during_school_year_2019-2020,SNAP_Waiver_-_Pandemic_EBT_during_school_year_2020-2021,SNAP_Waiver_-_Pandemic_EBT_during_summer_2021,SNAP_Waiver_-_Temporary_Suspension_of_Claims_Collection,2020_Q1_SNAP_ABAWD_Time_Limit_Waiver,Modify_Medicaid_requirements_with_1135_waivers_(date_of_CMS_approval),Reopened_ACA_enrollment_using_a_special_enrollment_period,State_previously_allowed_audio-only_telehealth,Allow_audio-only_telehealth,Allow/expand_Medicaid_telehealth_coverage,State_had_CHIP_premium_non-payment_lock-out_period_as_of_January_2019,Suspend_CHIP_premium_non-payment_lock-outs,Report_COVID-19_testing_by_race/ethnicity,Report_COVID-19_cases_by_race/ethnicity,Report_COVID-19_hospitalizations_by_race,Report_COVID-19_deaths_by_race/ethnicity,Report_COVID-19_vaccinations_by_race/ethnicity,Report_Indigenous_COVID-19_testing,Report_Indigenous_COVID-19_cases,Report_Indigenous_COVID-19_hospitalizations,Report_Indigenous_COVID-19_deaths,Report_Indigenous_COVID-19_vaccinations,Stopped_personal_visitation_in_state_prisons,Stopped_legal_visitation_in_state_prisons,Resumed_visitation_in_state_prisons,Stopped_visitation_in_state_prisons_x2,Resumed_visitation_in_state_prisons_x2,Does_not_charge_copays_for_incarcerated_individuals,Waived_COVID/respiratory_illness-related_copays_during_pandemic_for_incarcerated_individuals,Waived_all_copays_during_pandemic_for_incarcerated_individuals,Did_not_waive_copays_for_incarcerated_individuals,Suspended_elective_medical_procedures,Resumed_elective_medical_procedures,No_order_to_suspend_elective_medical_procedures_but_did_release_guidance_or_orders_to_resume,Suspended_elective_medical_procedures_x2,Resumed_elective_medical_procedures_x2,No_state_unemployment_waiting_period_prior_to_pandemic;_or_date_waiting_period_waived_not_found,Waived_one_week_waiting_period_for_unemployment_insurance,Reinstated_one_week_waiting_period_for_unemployment_insurance,Waived_work_search_requirement_for_unemployment_insurance,Reinstated_work_search_requirement_for_UI,Expanded_eligibility_of_unemployment_insurance_to_anyone_who_is_quarantined_and/or_taking_care_of_someone_who_is_quarantined,Expanded_eligibility_to_high-risk_individuals_in_preventative_quarantine,Expanded_eligibility_of_unemployment_insurance_to_those_who_have_lost_childcare/school_closures,Extended_the_amount_of_time_an_individual_can_be_on_unemployment_insurance,Weekly_unemployment_insurance_maximum_amount_(dollars),"Weekly_unemployment_insurance_maximum_amount_with_extra_stimulus_(through_July_31,_2020)_(dollars)",January_2020_unemployment_insurance_maximum_duration_(weeks),July_2020_unemployment_insurance_maximum_duration_(weeks),2021_unemployment_insurance_maximum_duration_(weeks),Extended_Benefits_program_activated,Extended_Benefits_program_deactivated,Extended_Benefits_program_activated_x2,Total_Unemployment_Rate_at_Extended_Benefits_program_shutoff,Total_Unemployment_Rate_relative_to_prior_year_(%),Total_Unemployment_Rate_relative_to_second_prior_year_(%),20-week_Extended_Benefits_program_activated,20-week_Extended_Benefits_program_deactivated,20-week_Extended_Benefits_program_activated_x2,Stopped_participating_in_pandemic-related_federal_unemployment_benefit_programs,Minimum_total_earnings_required_in_the_base_period_to_qualify_for_UI,Number_of_calendar_quarters_with_earnings_in_the_base_period_needed_to_qualify_for_UI,Minimum_total_earnings_required_outside_the_highest_earning_calendar_quarter_of_the_base_period_to_qualify_for_UI,Require_earnings_in_the_last_two_calendar_quarters_of_the_base_period_in_order_to_qualify_for_UI,Earnings_in_base_period_required_to_receive_a_$300_weekly_benefit_amount_for_UI,Taxable_Wage_Amount,Minimum_Tax_Rate_(%),Maximum_Tax_Rate_(%),Average_Benefit_Amount_(August),OSHA-approved_state_plan,State_department_in_charge_of_enforcing_programs,Aerosol_transmissable_diseases_standards,Air_or_ventilation_standards,Paid_sick_leave_prior_to_pandemic,Paid_sick_leave_expansion_during_pandemic,COVID-19_anti-retaliation_rules,COVID-19_business_liability_protections,COVID-19_liability_protections_for_healthcare_providers,Branch_of_government_implementing_COVID-19_liability_rules,COVID-19_workers'_compensation_expansion,Types_of_workers_eligible_for_workers'_compensation_expansion,Data_reporting_required_for_medical_treatment,Minimum_number_of_work_days_missed_by_workers_to_require_data_reporting,"Occupational_injuries,_illnesses,_and_fatalities_reporting_prior_to_pandemic",Made_Effort_to_Limit_Abortion_Access,Use_of_telemedicine/telephone_evaluations_to_initiate_buprenorphine_prescribing,Patients_can_receive_14-28_take-home_doses_of_opioid_medication,Home_delivery_of_take-home_medication_by_opioid_treatment_programs,Use_of_telemedicine_for_schedule_II-V_prescriptions,Exceptions_to_emergency_oral_prescriptions,Waive_requirement_to_obtain_separate_DEA_registration_to_dispense_outside_home_state,Medicaid_Expansion,Population_density_per_square_miles,Population_2018,Square_Miles,Number_Homeless_(2019),Percent_Unemployed_(2018),Percent_living_under_the_federal_poverty_line_(2018),Percent_at_risk_for_serious_illness_due_to_COVID,All-cause_deaths_2018,"Mental_health_professionals_per_100,000_population_in_2019",Were_there_casino(s)_in_State?_(Land_and_Non-Land_based),State_has_at_least_one_Indian/Alaska_Native_reservation,"COVID-19_is_not_an_acceptable_reason_to_request_application_for_mail-in_ballot_unless_sick_or_exposed_(as_of_September_16,_2020)","Witness_or_notary_signature_required_for_mail-in_ballot_(as_of_September_1,_2020)",Permanent_mail-in_ballot_system,"Automatic_mail-in_ballot_system_in_response_to_COVID-19_(0,1,2_2_being_conditional-_see_notes_for_details)","Automatic_applications_sent_for_mail-in_ballots_in_response_to_COVID-19_(0,1,2_2_being_conditional-_see_notes_for_details)",Last_date_of_receipt_of_mail-in_ballot_request_for_the_general_election_(by_mail_or_online),Closed_casinos,Reopened_casinos,Closed_casinos_(x2),Reopened_casinos_(x2),Mention_of_tribal_casinos,Jan_1_2019_Minimum_Wage,Mar_29_2019_Minimum_Wage,Jul_1_2019_Minimum_Wage,Oct_1_2019_Minimum_Wage,Jan_1_2020_Minimum_Wage,Jul_1_2020_Minimum_Wage,Sep_1_2020_Minimum_Wage,Oct_1_2020_Minimum_Wage,2020_Minimum_Wage_for_Tipped_Workers,2021_Minimum_Wage,Different_Minimum_Wage_for_Smaller_Businesses,death,deathConfirmed,deathIncrease,deathProbable,hospitalized,hospitalizedCumulative,hospitalizedCurrently,hospitalizedIncrease,inIcuCumulative,inIcuCurrently,negative,negativeIncrease,negativeTestsAntibody,negativeTestsPeopleAntibody,negativeTestsViral,onVentilatorCumulative,onVentilatorCurrently,positive,positiveCasesViral,positiveIncrease,positiveScore,positiveTestsAntibody,positiveTestsAntigen,positiveTestsPeopleAntibody,positiveTestsPeopleAntigen,positiveTestsViral,recovered,totalTestEncountersViral,totalTestEncountersViralIncrease,totalTestResults,totalTestResultsIncrease,totalTestsAntibody,totalTestsAntigen,totalTestsPeopleAntibody,totalTestsPeopleAntigen,totalTestsPeopleViral,totalTestsPeopleViralIncrease,totalTestsViral,totalTestsViralIncrease,metrics.testPositivityRatio,metrics.vaccinationsInitiatedRatio,metrics.vaccinationsCompletedRatio,hhs_region,Variant % A.2.5,Variant % AY.1,Variant % AY.2,Variant % AY.3,Variant % B.1,Variant % B.1.1,Variant % B.1.1.194,Variant % B.1.1.519,Variant % B.1.1.529,Variant % B.1.1.7,Variant % B.1.2,Variant % B.1.234,Variant % B.1.243,Variant % B.1.351,Variant % B.1.427,Variant % B.1.429,Variant % B.1.525,Variant % B.1.526,Variant % B.1.526.1,Variant % B.1.526.2,Variant % B.1.596,Variant % B.1.617,Variant % B.1.617.1,Variant % B.1.617.2,Variant % B.1.617.3,Variant % B.1.621,Variant % B.1.621.1,Variant % B.1.626,Variant % B.1.628,Variant % B.1.637,Variant % BA.1.1,Variant % BA.2,Variant % BA.2.12.1,Variant % BA.2.75,Variant % BA.2.75.2,Variant % BA.4,Variant % BA.4.6,Variant % BA.5,Variant % BA.5.2.6,Variant % BF.11,Variant % BF.7,Variant % BN.1,Variant % BQ.1,Variant % BQ.1.1,Variant % CH.1.1,Variant % FD.2,Variant % Other,Variant % P.1,Variant % P.2,Variant % R.1,Variant % XBB,Variant % XBB.1.16,Variant % XBB.1.5,Variant % XBB.1.5.1,Variant % XBB.1.9.1,Variant % XBB.1.9.2,Variant % XBB.2.3,log_rolled_cases_ratios,shifted_days_from_start
0.00337397431100127,0.000856017092594134,0.0010058547684453,0.00241112850506881,0.00040650406504065,0.0150116262937373,0.00758073198479425,0.00040650406504065,0.00872933933222827,0.0227421959543828,0.0213728460834096,0.000706179416742973,0.001854786764177,0.000749188379255806,0.00702439024390244,0.000813008130081301,0.0140487804878049,0.00783739837398374,0.000556341740891812,0.00741914705670798,0.00913584339726892,0.0079872360498349,0.0252601531727899,0.0104342884205541,0.00803024501234773,0.000962845805932462,0.014198618163656,0.00758073198479425,0.00973519410067357,0.000149837675851161,0.00828691140153722,0.000149837675851161,0.0166097466687248,0.00040650406504065,0.0071742279197536,0.0140487804878049,0.0143484558395072,0.0079872360498349,0.0212230084075585,0.0140487804878049,0.000556341740891812,0,0.000149837675851161,0.00702439024390244,0.0220790255001526,0.014198618163656,0.00226129082921765,0.00170494908832583,0.00732406559560476,0.000149837675851161,0.00433682011693373,0.00743089430894309,0.0283972363273121,0,0.00813707372568606,0.00743089430894309,0.00932869003563292,0.00732406559560476,0.00126252115763478,0.0071742279197536,0.0090290146839306,0.014198618163656,0.0231846238850738,0.00783739837398374,0.00702439024390244,0.00743089430894309,0.000556341740891812,0.000556341740891812,0.0143484558395072,0.00743089430894309,0.00271080385677113,0.000813008130081301,0.00702439024390244,0.00171203418518827,0.000556341740891812,0.0140487804878049,0.00743089430894309,0.00783739837398374,0.00702439024390244,0,0,0,0,0,0,0,0,0,0,0,0,0,0,0,0,0,0,0.000149837675851161,0,0.0143484558395072,0.00702439024390244,0.00702439024390244,0.000149837675851161,0.000299675351702323,0.0124980704560351,0,0.00763988958024707,0,0,0,0.000149837675851161,0.00702439024390244,0,0.00607769307090997,0.00040650406504065,0.00702439024390244,0,0.00702439024390244,0,0,0,0,0,0,0,0.00702439024390244,0,0,0.00441575294509696,0.000556341740891812,0.00040650406504065,0.00040650406504065,0.00437274398258413,0,0.000149837675851161,0.00256096618091997,0,0.00226129082921765,0,0.00854357779072671,0,0,0.0140487804878049,0,0,0,0,0,0,0,0,0,0,0,0,0,0,0,0,0,0,0.00702439024390244,0,0,0,0,0,0,0,0,0.00381640224169232,0,0,0,0,0,0,0,0,0.000149837675851161,0,0,0,0,0.000149837675851161,0,0,0,0,0,0,0,0,0,0,0,0,0,0,0,0,0,0,0,0,0,0,0.001854786764177,0.000149837675851161,0,0,0,0,0,0,0,0,0.000556341740891812,0,0,0,0.00040650406504065,0,0,0,0,0,0,0,0,0,0,0,0,0,0,0,0.000149837675851161,0,0,0,0.000149837675851161,0,0,0,0.00040650406504065,0.000599350703404645,0,0,0,0,0,0.00393031605189308,0,0,0.00156219650933711,0.0050789233993271,0,0,0,0,0,0,0,0,0,0,0,0,0.0313808552062127,0,0,0,0,0.000449513027553484,0,0,0.0026677948942583,0,0.000149837675851161,0,0,0,0,0,0,0,0,0,0,0,0,0,0.000149837675851161,0,0,0,0,0,0,0,0.000149837675851161,0,0,0,0,0,0.00296747024596062,0,0,0,0.000149837675851161,0.000149837675851161,0.000149837675851161,0,0.00211145315336648,0,0.000149837675851161,0,0,0,0,0.00040650406504065,0,0,0,0.000149837675851161,0,0,0.000556341740891812,0,0,0,0,0.00040650406504065,0,0.00170494908832583,0.0140487804878049,0,0.00622753074676113,0.00292446128344779,0.0159035672519819,0.00818914622427645,0.00793247983508696,0,0.000149837675851161,0.00226129082921765,0.000149837675851161,0,0,0,0,0,0.00040650406504065,0,0,0,0,0,0,0.00211145315336648,0.000149837675851161,0,0.000149837675851161,0,0.00702439024390244,0.000149837675851161,0.00211145315336648,0,0,0,0,0.00986525654381432,0.00241112850506881,0.00743089430894309,0,0.000149837675851161,0.00437274398258413,0.000962845805932462,0.0144552845528455,0.000149837675851161,0,0.00644827327030022,0.000449513027553484,0,0,0.00441575294509696,0,0,0.0101578467986542,0.00542160771354226,0.0018188628985266,0,0,0,0,0,0.00252504231526957,0.00170494908832583,0.0157698782090707,0.00040650406504065,0.0243564649623102,0.0018188628985266,0,0,0,0,0.00712655680186809,0.000299675351702323,0.0042659152692458,0.000299675351702323,0.00245413746758164,0,0,0,0,0,0,0,0.001854786764177,0,0,0.000556341740891812,0,0.00211145315336648,0,0.00040650406504065,0,0,0.000149837675851161,0,0,0,0,0,0.000149837675851161,0,0,0,0,0,0,0,0,0,0,0,0,0,0,0,0,0,0,0,0,0,0,0,0,0,0.000149837675851161,0,0.000149837675851161,0,0,0,0,0,0,0,0,0.000299675351702323,0.00363064070019076
0.0465541769839011,0.0131420418687077,0.0346689717257322,0.010987456964351,0.032344654062069,0.000629425649095201,0,0.00260256897603409,0.000223992035838726,0.000223992035838726,0,0.000853417684933926,0.000853417684933926,0,0.00242112739861634,0.00107740972077265,0.000223992035838726,0,0.000223992035838726,0.000223992035838726,0.00282656101187281,0.000671976107516177,0.00282656101187281,0.000223992035838726,0,0.000447984071677451,0.000853417684933926,0,0.000223992035838726,0.00107740972077265,0,0.00197314332693889,0,0,0.00197314332693889,0,0,0,0.000223992035838726,0,0.0012588512981904,0.00856632956573468,0.000223992035838726,0,0.000671976107516177,0,0.000447984071677451,0.00197314332693889,0.0012588512981904,0.000223992035838726,0.000629425649095201,0,0,0,0.000629425649095201,0.000223992035838726,0,0.000447984071677451,0,0,0,0,0.000447984071677451,0.000629425649095201,0,0,0,0.000223992035838726,0.000853417684933926,0,0.000223992035838726,0.00148284333402913,0.000447984071677451,0.000629425649095201,0,0.000629425649095201,0.000223992035838726,0,0.00197314332693889,0,0,0,0.00197314332693889,0,0,0,0,0,0,0,0.000223992035838726,0.000629425649095201,0,0,0,0,0,0,0,0.00197314332693889,0.000223992035838726,0,0,0.000223992035838726,0.0323851898328384,0,0.00695452378035701,0,0,0.000223992035838726,0,0.00879032160157341,0.00856632956573468,0,0,0,0.00856632956573468,0,0,0,0.0171326591314694,0.000629425649095201,0,0,0,0,0,0,0,0.00856632956573468,0,0,0.000223992035838726,0,0,0.00233626101896305,0,0.000447984071677451,0,0.0015253937924501,0,0.00856632956573468,0.00197314332693889,0,0,0,0,0.00197314332693889,0,0.00856632956573468,0,0,0,0,0,0,0.0171326591314694,0,0.00856632956573468,0,0.000853417684933926,0.00197314332693889,0,0,0,0,0,0,0,0,0,0,0,0,0,0,0,0.000223992035838726,0,0,0,0,0,0.00197314332693889,0,0,0,0.00856632956573468,0,0,0,0,0,0,0,0.00856632956573468,0.00856632956573468,0,0,0,0,0,0.00856632956573468,0,0,0,0,0,0,0,0,0,0,0,0.000223992035838726,0,0,0.00856632956573468,0,0,0,0,0,0,0,0,0,0,0,0,0,0,0,0.00856632956573468,0,0,0,0,0,0,0,0.000629425649095201,0,0,0.000629425649095201,0.00197314332693889,0.00408541231006322,0,0,0,0,0,0.00345598666096801,0,0,0,0.00193082740570658,0,0,0,0,0,0,0,0,0,0.00856632956573468,0,0,0.010410510441325,0,0,0,0,0,0.00856632956573468,0,0.00901431363741213,0.000853417684933926,0,0.000447984071677451,0.00856632956573468,0,0,0.0104951422837896,0,0,0,0,0,0,0,0,0.000629425649095201,0,0.00197314332693889,0,0,0,0,0.000223992035838726,0.000853417684933926,0.000223992035838726,0,0.00197314332693889,0,0,0.000853417684933926,0,0.000223992035838726,0,0.000223992035838726,0.00879032160157341,0.000223992035838726,0,0,0.00856632956573468,0,0,0,0,0,0,0,0,0,0,0,0,0.0012588512981904,0.00856632956573468,0,0,0,0.0144857595465513,0,0.00197314332693889,0.00856632956573468,0,0.00923830567325086,0.000223992035838726,0.0116168826134462,0,0.00856632956573468,0.00901431363741213,0.000629425649095201,0.000853417684933926,0,0,0,0,0,0.00856632956573468,0.000629425649095201,0,0.000629425649095201,0,0.00197314332693889,0,0.00856632956573468,0,0,0,0,0,0,0.000223992035838726,0.000223992035838726,0,0.000629425649095201,0,0,0.0179960054840515,0.00264511943445506,0,0,0.00107740972077265,0.00327454508355027,0.000629425649095201,0,0,0,0.00699707423877798,0.000223992035838726,0,0,0.00260256897603409,0,0.000223992035838726,0.0207259912981599,0.00130140175661138,0.000223992035838726,0.00197314332693889,0,0,0,0,0.00668821582328597,0.00107740972077265,0.00843736711438613,0.000223992035838726,0.00888535118606358,0.00107740972077265,0,0,0,0,0.0063250981312618,0.00394628665387777,0.0104528263625573,0.00879032160157341,0.0179860768164033,0.025698988697204,0.0342653182629387,0.00219713536277761,0,0,0,0,0,0,0,0.0105394728926736,0,0.0171326591314694,0.00197314332693889,0.0344893102987775,0.0199592201433422,0,0.00107740972077265,0.000629425649095201,0,0.00856632956573468,0,0,0,0,0,0,0,0,0,0,0,0,0,0,0,0,0,0,0,0.00197314332693889,0,0,0,0,0,0,0,0,0.00219713536277761,0,0,0.00856632956573468,0,0,0,0,0,0,0,0.0699268333297904,0.0462858543391785
0.0860380488202421,0.0277612576663642,0.0464429362112781,0.0806555679345963,0.0626504078292077,0,0,0.00121951219512195,0.000665188470066519,0,0,0,0,0.000665188470066519,0,0.000665188470066519,0.000665188470066519,0,0.000665188470066519,0,0,0,0.000665188470066519,0,0,0,0,0,0,0,0,0,0,0,0.00190880169671262,0.00190880169671262,0.000665188470066519,0,0,0,0.00188470066518847,0,0,0,0,0,0,0,0,0.00190880169671262,0,0,0,0,0.000665188470066519,0,0,0,0,0,0.000665188470066519,0,0,0,0,0.000665188470066519,0.00190880169671262,0,0,0.000665188470066519,0.000665188470066519,0.00121951219512195,0.00190880169671262,0,0,0.000665188470066519,0,0.000665188470066519,0,0,0,0,0,0,0,0,0,0,0,0,0,0,0,0,0,0,0,0,0,0.00121951219512195,0,0,0,0,0.00379350236190109,0,0.00188470066518847,0,0,0,0,0,0,0,0,0,0,0,0,0,0.00190880169671262,0,0,0,0,0,0,0,0,0,0,0,0.000665188470066519,0,0,0,0.000665188470066519,0,0,0.000665188470066519,0,0,0,0,0,0,0,0,0,0,0,0,0,0,0,0,0,0,0,0,0,0.00190880169671262,0.00190880169671262,0,0,0,0,0,0,0,0,0,0,0,0,0,0,0,0,0,0,0,0,0,0,0,0,0,0,0,0,0,0,0,0,0,0,0,0,0,0,0,0,0,0,0,0,0,0,0,0,0,0,0,0,0,0,0,0,0,0,0,0,0,0,0,0,0,0,0,0,0,0.000665188470066519,0,0,0,0,0,0,0,0,0,0,0,0,0,0.00133037694013304,0,0,0,0.00190880169671262,0.00121951219512195,0,0,0,0,0.000665188470066519,0,0,0,0,0,0,0,0,0,0,0,0,0.00811722741733346,0,0,0,0,0,0,0,0.00133037694013304,0,0,0,0,0,0,0.00381760339342524,0,0,0,0,0,0,0,0,0,0,0,0,0,0,0,0,0,0,0,0,0,0,0,0,0,0,0,0,0,0,0.000665188470066519,0,0,0,0,0,0,0,0,0,0,0,0,0,0,0,0,0,0,0,0,0,0.00190880169671262,0,0,0,0,0,0.000665188470066519,0.000665188470066519,0,0,0,0.00190880169671262,0,0,0,0,0,0,0,0,0,0,0,0,0,0,0.00190880169671262,0,0,0,0,0,0,0,0.000665188470066519,0.000665188470066519,0,0,0,0,0,0,0,0,0,0.00254988913525499,0,0,0,0.00133037694013304,0,0,0.0108020823291237,0.0024390243902439,0.00190880169671262,0,0,0,0,0,0.0024390243902439,0,0.00121951219512195,0.000665188470066519,0,0,0,0,0,0,0.00188470066518847,0,0.00188470066518847,0,0.0434498365602213,0.0217249182801106,0.0289665577068142,0.00724163942670355,0.0163920805501197,0.00190880169671262,0.00190880169671262,0,0.00121951219512195,0,0.0103699533185381,0.00915044112341617,0.00724163942670355,0.00190880169671262,0.00915044112341617,0.0144832788534071,0.0217249182801106,0.015702791048529,0.00724163942670355,0.00724163942670355,0.00190880169671262,0.00381760339342524,0,0.0144832788534071,0.0084611516218255,0,0.0144832788534071,0.00915044112341617,0.0144832788534071,0.00724163942670355,0,0.0217249182801106,0.0144832788534071,0.00724163942670355,0,0.00724163942670355,0,0.0289665577068142,0.00915044112341617,0.015702791048529,0.00724163942670355,0.00724163942670355,0.00724163942670355,0,0,0.00724163942670355,0,0.00190880169671262,0.00724163942670355,0,0.0144832788534071,0.00724163942670355,0.0163920805501197,0.0110592428201288,0,0.00190880169671262,0,0,0.00724163942670355,0,0.00121951219512195,0.0575889427448938,0.0426012317863287
0.130593026412753,0.0242689501401472,0.0875409870182944,0.0679184620609345,0.0982631020818217,0,0.00190880169671262,0,0,0,0,0,0,0,0,0,0,0,0,0,0,0,0,0,0,0,0,0,0,0,0.00095440084835631,0,0.00132286068623398,0,0.00095440084835631,0,0,0,0,0,0,0,0,0,0,0,0,0,0,0,0,0.00095440084835631,0,0,0,0,0,0,0,0,0.00132286068623398,0,0,0,0,0,0,0,0,0,0,0,0,0,0,0,0,0,0,0,0,0,0,0,0,0,0,0,0,0,0,0,0,0,0,0,0,0,0,0,0,0,0.00095440084835631,0,0,0,0,0,0,0,0,0,0,0,0,0,0,0,0,0,0,0,0,0,0,0,0,0,0,0,0,0,0,0,0,0,0,0,0,0,0,0,0,0,0,0,0,0,0,0,0,0,0,0,0,0,0,0,0,0,0,0,0,0,0,0,0,0,0,0,0,0,0,0,0,0,0,0,0,0,0,0,0,0,0,0,0,0,0,0,0,0,0,0,0,0,0,0,0,0,0,0,0,0,0,0,0,0,0,0,0,0,0,0,0,0,0,0,0,0,0,0,0,0,0,0,0,0,0,0,0,0,0,0,0,0,0,0,0,0,0,0,0,0,0,0,0,0,0,0,0,0,0,0,0,0,0,0,0,0,0,0,0,0,0,0,0,0,0,0.00132286068623398,0.00219512195121951,0,0,0,0,0,0,0,0,0,0,0,0,0,0,0,0,0.00095440084835631,0,0,0,0,0,0,0,0,0,0,0.00219512195121951,0,0,0,0,0,0,0,0,0,0,0,0,0,0,0,0,0,0,0,0,0,0,0,0,0,0,0,0,0,0,0,0,0,0,0,0,0,0,0,0,0,0,0,0,0,0,0,0,0,0,0,0,0,0,0,0,0,0,0,0,0,0,0,0,0,0,0,0,0,0,0,0,0,0,0,0,0,0,0,0,0,0,0,0,0,0,0,0.00132286068623398,0,0,0,0.00095440084835631,0,0,0,0,0,0,0.00095440084835631,0,0,0,0,0,0,0,0,0,0.00095440084835631,0,0,0,0.00095440084835631,0.00439024390243902,0.00924261874197689,0.00924261874197689,0.00132286068623398,0.00924261874197689,0,0.00219512195121951,0.013346542389909,0.00924261874197689,0.00924261874197689,0.00351798263745349,0,0.0145872634927722,0.0299229781771502,0.0105654794282109,0.0162785840168839,0,0.00219512195121951,0.0101970195903332,0,0.0303735775983986,0.0105654794282109,0.00132286068623398,0.0589736950893149,0,0.0101970195903332,0.00924261874197689,0.00924261874197689,0.0114377406931964,0,0.00924261874197689,0,0.0114377406931964,0,0.0101970195903332,0.00924261874197689,0,0.00132286068623398,0,0,0,0,0,0.0105654794282109,0,0.00132286068623398,0,0.00219512195121951,0.00219512195121951,0.0172329848652402,0.00924261874197689,0.00219512195121951,0.0145872634927722,0.0114377406931964,0,0,0.00924261874197689,0,0.00924261874197689,0,0.0539762161303109,0.0902688479741331
0.141952656894243,0.0775462291346694,0.0850637372465616,0.168940835757806,0.137078334659806,0,0,0,0,0,0,0,0,0,0.00133037694013304,0,0,0,0,0,0,0,0,0,0,0,0,0,0,0,0,0,0,0,0,0,0,0,0,0,0,0,0,0,0,0,0,0,0,0,0,0,0,0,0,0,0,0,0,0,0,0,0.00133037694013304,0,0,0,0,0,0,0,0,0,0,0,0,0,0,0,0,0,0,0,0,0,0,0.00258249641319943,0,0,0,0,0,0,0,0,0,0,0,0,0,0,0,0,0,0,0,0,0.00133037694013304,0,0,0,0,0,0,0,0,0,0,0,0,0,0,0,0,0,0,0,0,0,0,0.00159283225485316,0,0,0,0,0,0,0,0,0,0.00133037694013304,0,0,0,0,0,0,0,0,0,0,0,0,0,0,0,0,0,0,0,0,0,0,0,0,0,0,0,0,0,0,0,0,0,0,0,0,0,0,0,0,0,0,0,0,0,0,0,0,0,0,0,0,0,0,0,0,0,0,0,0,0,0,0,0,0,0,0,0,0,0,0,0,0,0,0,0,0,0,0,0,0,0,0,0,0,0,0,0,0,0,0,0,0,0,0,0,0,0,0,0,0.00133037694013304,0,0,0,0,0,0,0,0,0,0,0,0,0,0,0,0.00133037694013304,0,0,0,0.00133037694013304,0,0,0,0,0,0,0,0,0,0,0,0,0,0,0,0,0,0,0,0,0,0,0,0,0,0,0,0,0,0,0,0,0,0,0,0,0,0,0,0,0,0,0,0,0,0,0,0,0,0,0,0,0,0,0,0,0,0,0,0,0,0,0,0,0,0,0,0,0,0,0,0,0,0,0,0,0,0,0,0,0,0,0,0,0,0,0,0,0,0,0,0,0,0,0,0,0,0,0,0,0,0,0,0,0,0,0,0,0,0,0,0,0,0,0,0,0,0,0,0,0,0,0,0,0,0,0,0,0,0,0,0,0,0,0,0,0,0,0,0,0.00318566450970632,0,0,0,0,0,0,0,0,0,0.00934032149445144,0.0141363862618218,0.00516499282639885,0,0.00516499282639885,0.00258249641319943,0.00258249641319943,0,0.00133037694013304,0,0.0125435540069686,0.00258249641319943,0,0.0141363862618218,0,0,0.0125435540069686,0.00451604144983936,0.00550570560818562,0.00159283225485316,0.00675782508125201,0.0266799402687904,0,0.0151260504201681,0.00258249641319943,0.00417532866805259,0,0.0177085468333675,0,0.0177085468333675,0,0.00516499282639885,0,0,0,0.00258249641319943,0,0,0,0.0125435540069686,0,0,0,0,0,0,0,0,0,0,0.00516499282639885,0.00417532866805259,0.00258249641319943,0.00425358613511924,0,0,0,0,0.00258249641319943,0.00258249641319943,0,0.0779651993835228,0.0686855673533271
0.053118783655369,0.0225885334178017,0.0403851757998099,0.0752815964523282,0.105368387709851,0,0,0,0,0,0,0,0,0,0,0,0,0,0,0,0,0,0,0,0,0,0,0,0,0,0,0,0,0,0,0,0,0,0,0,0,0,0,0,0,0,0,0,0,0,0,0,0,0,0,0,0,0,0,0,0,0,0,0,0,0,0,0,0,0,0,0,0,0,0,0,0,0,0,0,0,0,0,0,0,0,0,0,0,0,0,0,0,0,0,0,0,0,0,0,0,0,0,0,0,0,0,0,0,0,0,0.00133037694013304,0,0,0,0,0,0,0,0,0,0,0,0,0,0,0,0,0,0,0,0,0,0,0,0,0,0,0,0,0,0,0,0,0,0,0,0,0,0,0,0,0,0,0,0,0,0,0,0,0,0,0,0,0,0,0,0,0,0,0,0,0,0,0,0,0,0,0,0,0,0,0,0,0,0,0,0,0,0,0,0,0,0,0,0,0,0,0,0,0,0,0,0,0,0,0,0,0,0,0,0,0,0,0,0,0,0,0,0,0,0,0,0,0,0,0,0,0,0,0,0,0,0,0,0,0,0,0,0,0,0,0,0,0,0,0,0,0,0,0,0,0,0,0,0,0,0,0,0,0,0,0,0,0,0,0,0,0,0,0,0,0,0,0,0,0,0,0,0,0,0,0,0,0,0,0,0,0,0,0,0,0,0,0,0,0,0,0,0,0,0,0,0,0,0,0,0,0,0,0,0,0,0,0,0,0,0,0,0,0,0,0,0,0,0,0,0,0,0,0,0,0,0,0,0,0,0,0.0015609756097561,0,0,0,0,0,0,0,0,0,0,0,0,0,0,0,0,0,0,0,0,0,0,0,0,0,0,0,0,0,0,0,0,0,0,0,0,0,0,0,0,0,0,0,0,0,0,0,0,0,0,0,0.00133037694013304,0,0,0,0,0,0,0,0,0,0,0,0,0,0,0,0,0,0,0,0,0.0421463414634146,0.0467076338295851,0.0280975609756098,0,0.015609756097561,0.0140487804878049,0.0226341463414634,0.00702439024390244,0.00494140006335128,0,0.0115856826100729,0,0.0140487804878049,0,0.0294279379157428,0.0210731707317073,0.00858536585365854,0,0.0140487804878049,0.00702439024390244,0,0,0.00702439024390244,0.00228064618308521,0.0395742793791574,0,0.00702439024390244,0.0140487804878049,0,0.00702439024390244,0.0210731707317073,0.00702439024390244,0.0140487804878049,0,0.0140487804878049,0.00702439024390244,0.0351219512195122,0.0015609756097561,0,0.00702439024390244,0,0.0140487804878049,0.00702439024390244,0,0,0.00702439024390244,0.0140487804878049,0,0.00228064618308521,0,0.0163294266708901,0,0,0.0015609756097561,0.00702439024390244,0.0140487804878049,0.0140487804878049,0,0.00702439024390244,0.00702439024390244,0.00702439024390244,0.0504098828001267,0.059205574912892
0.0585953841651161,0.0442523064786344,0.0503770728478773,0.12840355673218,0.0430177843627592,0,0,0,0,0,0,0,0,0,0,0,0,0,0,0,0,0,0,0,0,0,0,0,0,0,0,0,0,0,0,0,0,0,0,0,0,0,0,0,0.000744109136006614,0,0,0,0,0,0,0,0,0,0,0,0,0,0,0,0,0,0,0,0,0.000744109136006614,0,0,0,0,0,0,0,0.00102695763799743,0,0,0,0,0.000744109136006614,0,0,0,0,0,0,0,0,0,0,0,0,0,0,0,0,0,0,0,0,0,0,0,0,0,0,0,0,0,0,0,0,0,0,0,0,0.000744109136006614,0,0,0,0,0,0,0,0,0,0,0,0,0,0,0,0,0,0,0,0,0,0,0,0,0,0,0,0,0,0,0,0,0,0,0,0,0,0,0,0,0,0,0,0,0,0,0,0,0,0,0,0,0,0,0,0,0,0,0,0,0,0,0,0,0,0,0,0,0,0,0,0,0,0,0,0,0,0,0,0,0,0,0,0,0,0,0,0,0,0,0,0,0,0,0,0,0,0,0,0,0,0,0,0,0,0,0,0,0,0,0,0,0,0,0,0,0,0,0,0,0,0,0,0,0,0,0,0,0,0,0,0.000744109136006614,0,0,0,0,0,0,0,0,0,0,0,0,0,0,0,0,0,0,0,0,0,0,0,0,0,0,0,0,0,0,0,0,0,0,0,0,0,0,0,0,0,0,0,0,0,0,0,0,0,0,0,0,0,0,0,0,0,0,0,0,0,0,0,0,0,0,0,0,0,0,0,0,0,0,0,0,0,0,0,0.000744109136006614,0,0,0,0,0,0,0,0,0,0,0,0,0,0,0,0,0,0,0,0,0,0,0,0,0,0,0,0,0,0,0,0,0,0,0,0,0,0,0,0,0,0,0,0,0,0,0,0,0,0,0,0,0,0,0,0,0,0,0,0,0,0,0,0,0,0,0,0,0,0,0,0,0,0,0,0,0,0,0,0,0,0,0,0.0291245186136072,0.0510590086546027,0.0491707317073171,0.0018882769472856,0,0.00776849937990905,0,0,0,0.00102695763799743,0.00291523458528303,0.0168468048998064,0,0.00702439024390244,0.00879545701790649,0.0237055568149995,0.00354213354800809,0.00805134788189987,0.00291523458528303,0.0147928896238115,0.0150757381258023,0.0150757381258023,0.00102695763799743,0.0210731707317073,0.00702439024390244,0.0140487804878049,0.0018882769472856,0.00148821827201323,0,0.0280975609756098,0.00776849937990905,0.00702439024390244,0.0210731707317073,0.0140487804878049,0.0140487804878049,0.00702439024390244,0.00702439024390244,0,0.0140487804878049,0.0140487804878049,0.00702439024390244,0.00702439024390244,0.00702439024390244,0.00702439024390244,0.00702439024390244,0,0.0210731707317073,0.00702439024390244,0,0,0.00805134788189987,0.0166811665710971,0,0.0174252757071037,0,0,0.00702439024390244,0.00702439024390244,0.00805134788189987,0,0.00702439024390244,0.0447021184159642,0.0511225070905136
0.0736881512253495,0.0210856781499606,0.0305432243377081,0.111746263632561,0.0914419138607022,0,0,0,0,0,0,0,0,0,0,0,0,0,0,0,0,0,0,0,0,0,0,0,0,0,0,0,0,0,0.000624390243902439,0,0,0,0,0,0,0,0,0,0.000942523860021209,0,0,0,0,0,0,0,0,0,0,0,0,0,0,0,0,0,0,0,0,0,0,0,0,0,0,0,0,0,0,0,0,0,0,0,0,0,0,0,0,0,0,0,0,0,0,0,0,0.00031813361611877,0,0,0,0,0,0,0,0,0,0,0.00031813361611877,0,0.000624390243902439,0.00031813361611877,0,0,0.000624390243902439,0.00156691410392365,0,0,0,0,0,0,0,0,0,0,0,0,0,0,0,0,0,0,0,0,0.00031813361611877,0.00031813361611877,0,0,0.00031813361611877,0,0,0,0,0,0,0.000624390243902439,0,0,0,0,0,0,0,0,0,0,0,0,0,0,0,0,0,0.000624390243902439,0,0,0,0,0,0,0,0,0,0,0,0,0,0,0,0,0,0,0,0,0,0,0,0,0,0,0,0,0,0,0,0,0,0,0,0,0,0,0,0,0,0,0,0,0,0,0,0,0,0,0,0,0,0,0,0,0,0,0,0,0,0,0,0.00031813361611877,0,0,0,0,0,0,0,0,0,0,0,0,0,0,0,0,0,0.00031813361611877,0,0,0.00063626723223754,0.00031813361611877,0,0,0.00063626723223754,0,0,0,0,0,0,0,0,0,0,0,0,0,0,0,0,0,0.00031813361611877,0.000942523860021209,0,0,0.000624390243902439,0,0,0,0,0,0,0.000624390243902439,0,0,0,0,0.00031813361611877,0,0,0,0,0,0,0,0,0,0,0,0,0,0,0,0,0,0,0,0,0.000624390243902439,0,0,0,0,0,0,0,0,0,0,0,0,0,0,0,0,0,0,0,0,0,0,0,0,0,0,0,0,0,0,0,0,0,0.00031813361611877,0,0,0,0,0,0,0,0,0,0,0,0,0,0,0,0,0,0,0,0,0,0,0.00031813361611877,0,0,0,0,0.000624390243902439,0,0,0,0,0,0,0,0,0,0,0,0,0,0,0,0,0,0,0,0,0,0.00031813361611877,0.00031813361611877,0,0,0,0,0,0,0,0.00063626723223754,0,0,0,0,0,0,0,0,0,0,0.00063626723223754,0,0.0297086596554039,0.0421463414634146,0.0578062206310137,0,0,0.00161109867979414,0.0284156945917285,0.015659879167599,0.00953403835115335,0,0.0140487804878049,0.0169530543745804,0.000942523860021209,0.0146731707317073,0.00734252386002121,0.00988426941150145,0.0149915144911321,0.00031813361611877,0.0159219512195122,0.00443867025985776,0,0.00256549952815045,0.00161109867979414,0,0.0150475760553377,0.00702439024390244,0.00702439024390244,0.0239449268876414,0.00702439024390244,0.0140487804878049,0.0143669141039236,0,0.0213913043478261,0.015659879167599,0.00189692470837752,0.0105324136320741,0.00828504772004242,0.00702439024390244,0,0.00702439024390244,0,0,0,0.0140487804878049,0,0.00161109867979414,0,0,0.0140487804878049,0.00702439024390244,0.0207790012355648,0.0146850477200424,0.00702439024390244,0.0152975609756098,0,0.0140487804878049,0.00702439024390244,0,0.00702439024390244,0.0140487804878049,0.00863548892369658,0.0341719244651561,0.0267645752867581
0.0393318184113518,0.0395843054082715,0.0438725445639549,0.0821519971721456,0.0611555824875019,0,0,0,0,0,0,0,0,0,0,0,0,0,0,0,0.000232288037166086,0,0,0,0,0,0,0,0,0,0,0,0,0,0,0,0,0,0,0,0,0,0,0,0,0,0,0,0,0,0,0,0,0,0,0,0,0,0,0,0,0,0,0,0,0,0,0,0,0,0,0,0,0,0,0,0,0,0,0,0,0,0,0,0,0,0,0,0,0,0,0,0,0,0,0,0,0,0,0,0,0,0,0,0,0,0,0.000232288037166086,0,0,0,0,0,0,0,0,0,0,0,0,0,0,0,0,0,0.000232288037166086,0,0,0,0,0,0,0,0,0,0,0,0,0,0,0,0,0,0,0,0,0,0,0,0,0,0,0,0,0,0,0,0,0,0,0,0,0.000232288037166086,0,0,0,0,0,0,0,0,0,0,0,0,0,0,0,0,0,0,0,0,0,0,0,0,0,0,0,0,0.000232288037166086,0,0,0,0,0,0,0.000232288037166086,0,0,0,0,0,0,0,0,0.000232288037166086,0,0,0,0,0,0,0,0,0,0,0,0,0,0,0,0,0,0,0,0,0,0,0,0,0,0,0,0,0,0,0,0,0.000232288037166086,0,0,0,0,0,0,0,0,0,0,0,0,0,0,0,0,0,0,0,0,0,0,0,0,0,0,0,0,0,0,0,0,0,0,0,0,0,0,0.000232288037166086,0.000232288037166086,0,0,0,0,0,0,0,0,0,0,0,0,0,0,0,0,0,0,0,0,0,0,0,0,0,0,0,0,0,0,0,0,0,0,0,0,0,0,0,0,0,0,0,0,0,0,0,0,0,0,0,0,0.000232288037166086,0,0,0,0,0,0,0,0,0,0,0,0,0,0,0,0,0,0,0,0,0,0,0,0,0,0,0,0,0,0,0,0,0,0,0,0,0,0,0,0,0,0,0,0,0,0,0,0,0,0,0,0,0,0,0,0,0,0,0,0,0,0,0,0,0,0,0,0,0,0,0,0,0,0,0,0,0,0.0280975609756098,0.0298366914103924,0.0293519163763066,0.00125435540069686,0.00702439024390244,0.00702439024390244,0.0145335555218906,0.000484775034085745,0.00396303590365096,0.0217902338029591,0.00774145331515427,0.0101774478614351,0.0139405140635257,0.0255007827096905,0.0177068120991769,0.0115045195172449,0.0205597131747715,0.0155354239256678,0.00867060546381861,0.0257330707468565,0.00702439024390244,0.00173913043478261,0.00702439024390244,0.00899580871585114,0.0084585163864061,0.00702439024390244,0.00250871080139373,0.0113792859667727,0.0140487804878049,0.000484775034085745,0.000484775034085745,0.00702439024390244,0.00953310104529617,0,0.010894510932687,0.00578902186537393,0.0114520022218856,0,0.0140487804878049,0.00725667828106853,0.00164621521991617,0.0157151946674746,0.00369034994697773,0.0210731707317073,0,0.00702439024390244,0.00702439024390244,0.00125435540069686,0.00702439024390244,0.00125435540069686,0.0128659294046357,0.0172543554006969,0.00702439024390244,0.0124538706256628,0,0,0.00125435540069686,0.00702439024390244,0.00702439024390244,0.000484775034085745,0.0210731707317073,0.0851018532545574,0.0584776044033732
0.0946588489927218,0.047340224657856,0.0462615132258488,0.0666967234919459,0.0475921801032032,0,0,0,0,0,0,0,0,0,0,0,0.000272685956673231,0,0,0,0,0.000513478818998716,0.000272685956673231,0,0,0,0,0,0,0,0,0,0,0,0,0,0,0,0,0,0,0,0,0,0,0,0,0,0,0,0,0,0,0,0,0,0,0,0,0,0,0,0,0,0,0,0,0,0,0,0,0,0,0,0,0,0,0,0,0,0,0,0,0,0,0,0,0,0,0,0,0,0,0,0,0,0,0,0,0,0,0,0,0.000272685956673231,0,0,0,0,0,0,0,0,0,0,0,0,0,0,0,0,0,0,0,0,0,0,0,0,0,0,0,0,0,0.000272685956673231,0,0,0,0,0,0,0,0,0,0,0.000272685956673231,0,0,0,0,0,0,0,0,0,0,0,0,0.000513478818998716,0,0,0,0.000272685956673231,0,0,0,0,0,0,0,0,0,0,0,0,0,0,0,0,0,0,0,0,0,0,0,0,0,0,0,0,0,0,0.000786164775671947,0,0,0,0,0,0,0,0,0,0,0,0,0,0,0,0,0,0,0,0,0,0,0,0,0,0,0,0,0,0,0,0,0,0,0,0,0,0,0,0,0,0,0,0,0,0,0,0,0,0,0,0,0,0,0,0,0,0,0,0.000272685956673231,0,0,0,0.000545371913346463,0,0,0,0,0,0,0,0,0,0,0,0,0.00181312241366938,0,0,0,0,0,0,0,0,0,0,0,0,0,0,0,0,0,0,0,0,0,0,0,0,0,0,0,0,0,0,0,0,0.000272685956673231,0,0,0,0,0,0,0,0,0,0,0,0,0,0,0,0,0,0,0,0,0,0,0,0,0,0,0,0,0,0,0,0.000786164775671947,0,0,0,0,0,0,0,0,0,0,0,0,0,0,0,0,0.000272685956673231,0,0,0,0,0,0,0,0,0,0,0,0,0,0.000272685956673231,0,0,0,0,0,0,0,0,0,0,0,0,0,0,0,0,0,0,0,0,0,0,0,0.000272685956673231,0,0,0,0,0,0,0,0,0,0.000272685956673231,0,0,0,0,0,0,0,0,0,0,0,0.0283813747228381,0.0438924361902539,0.0265675274661154,0.0013203741059967,0.0155110614674158,0.023099153455798,0.0155110614674158,0.0155110614674158,0.00868840374337946,0.00841571778670624,0.000786164775671947,0.0113084214440468,0.00208580837034261,0.00289270365734059,0.00580613782600722,0.00606766119965874,0.0202576237180245,0.0013203741059967,0.0252583159431404,0.0186764510814296,0.00709534368070954,0.0118219002630455,0,0.0013203741059967,0.00942194491337763,0.00709534368070954,0,0.00868840374337946,0.0212860310421286,0,0.000272685956673231,0.0141906873614191,0.00102695763799743,0.0141906873614191,0.00760882249970825,0.0147360592747655,0.0100311030154196,0.0162972262430877,0.00709534368070954,0.00788150845638148,0.00186574601934316,0.000272685956673231,0.00342691298766535,0.0013203741059967,0.00841571778670624,0.000513478818998716,0.0105541497627226,0.000513478818998716,0,0.00709534368070954,0.0152918689280803,0.0144633733180923,0.00841571778670624,0.0108379983024176,0.000545371913346463,0.00709534368070954,0,0.0013203741059967,0.000513478818998716,0.0155110614674158,0.000272685956673231,0.0797147597616426,0.0598423176421725
