date,0
2020-03-06,
2020-03-07,
2020-03-08,
2020-03-09,
2020-03-10,
2020-03-11,
2020-03-12,0.8598892031730919
2020-03-13,0.8219482087617628
2020-03-14,0.6710726873648114
2020-03-15,0.6869508838669421
2020-03-16,0.7541993441730668
2020-03-17,0.68412991869654
2020-03-18,0.4962486907985143
2020-03-19,0.3855405405138594
2020-03-20,0.38063084901783045
2020-03-21,0.41408527745084495
2020-03-22,0.4978786869776093
2020-03-23,0.5471107410991882
2020-03-24,0.46334554199132766
2020-03-25,0.43066032260919057
2020-03-26,0.4743608744263242
2020-03-27,0.49477360409657667
2020-03-28,0.4764456793403802
2020-03-29,0.43856760389435534
2020-03-30,0.40186316013189327
2020-03-31,0.4036220856906447
2020-04-01,0.3825180900077762
2020-04-02,0.37733456760194656
2020-04-03,0.37609833768330425
2020-04-04,0.38074545086555156
2020-04-05,0.336902064774774
2020-04-06,0.3278344327923334
2020-04-07,
2020-04-08,0.3001703739455337
2020-04-09,0.29171426846969567
2020-04-10,0.2849955586505684
2020-04-11,0.2725262146450068
2020-04-12,0.25720905866498595
2020-04-13,0.24918201272380222
2020-04-14,0.2316731989569244
2020-04-15,0.22787003711408083
2020-04-16,0.22096771689345798
2020-04-17,0.21242143114509004
2020-04-18,0.2047675418710336
2020-04-19,0.2000468081728149
2020-04-20,0.19520881139985935
2020-04-21,0.19364765532587566
2020-04-22,0.1912265727891931
2020-04-23,0.19356564333485402
2020-04-24,0.18627419448431365
2020-04-25,0.1788105953250004
2020-04-26,0.17204709078663016
2020-04-27,0.17469197404666761
2020-04-28,0.17554140221619816
2020-04-29,0.17253268966996005
2020-04-30,0.16983217435597867
2020-05-01,0.15975357353214112
2020-05-02,0.14839536112165144
2020-05-03,0.14945090331448183
2020-05-04,0.15295538584609025
2020-05-05,0.15826753544191974
2020-05-06,0.16043935071411208
2020-05-07,0.16407061527575398
2020-05-08,0.1607808124027154
2020-05-09,0.1587416197357727
2020-05-10,0.1619830610976364
2020-05-11,0.1589177942091452
2020-05-12,0.1613511172486617
2020-05-13,0.1691219845307115
2020-05-14,0.1653637112289219
2020-05-15,0.16271022801300508
2020-05-16,0.16060356777200022
2020-05-17,0.16025383849324495
2020-05-18,0.15913008618696922
2020-05-19,0.1611669137945021
2020-05-20,0.1672970624969184
2020-05-21,0.1579578589657886
2020-05-22,0.15730437089848556
2020-05-23,0.1537079124926632
2020-05-24,0.15811963784758676
2020-05-25,0.15739674712374763
2020-05-26,0.1586603485346805
2020-05-27,0.15935864340520983
2020-05-28,0.15812980963006656
2020-05-29,0.1527515368804235
2020-05-30,0.15328892661155416
2020-05-31,0.15337826471045504
2020-06-01,0.15800120380613164
2020-06-02,0.15596620293833088
2020-06-03,0.158740653264282
2020-06-04,0.15593219146944873
2020-06-05,0.15226381216896764
2020-06-06,0.15041929396263265
2020-06-07,0.15568206425555897
2020-06-08,0.15992069498422068
2020-06-09,0.1668605786471238
2020-06-10,0.17258103651343576
2020-06-11,0.16484204269691427
2020-06-12,0.15837037689084885
2020-06-13,0.15084230570447082
2020-06-14,0.15429626227112764
2020-06-15,0.15907432957120235
2020-06-16,0.15689519859113188
2020-06-17,0.15813244742296217
2020-06-18,0.16281536925957474
2020-06-19,0.15912497796355451
2020-06-20,0.16326700936170613
2020-06-21,0.1722894262298141
2020-06-22,0.16982857313867333
2020-06-23,0.1657446342357702
2020-06-24,0.16557786946564002
2020-06-25,0.15724077670761472
2020-06-26,0.15099146866972052
2020-06-27,0.14870918937290992
2020-06-28,0.1527943270327172
2020-06-29,0.15482947880168493
2020-06-30,0.14477458642538837
2020-07-01,0.1467213728305535
2020-07-02,0.14159600407287637
2020-07-03,0.13970981919578676
2020-07-04,0.1313481568702283
2020-07-05,0.13218817036590416
2020-07-06,0.13491793744238134
2020-07-07,0.13817101940920862
2020-07-08,0.13483709701663837
2020-07-09,0.1339708301955893
2020-07-10,0.13290623642797336
2020-07-11,0.12659960279408763
2020-07-12,0.13036566411454298
2020-07-13,0.13098100436243607
2020-07-14,0.1336071317174098
2020-07-15,0.1322233063595617
2020-07-16,0.13140083363108743
2020-07-17,0.1267010568085348
2020-07-18,0.12352099734313508
2020-07-19,0.12164296590270063
2020-07-20,0.12457358808005853
2020-07-21,0.12432929496324147
2020-07-22,0.1240941917983311
2020-07-23,0.12427051354044664
2020-07-24,0.12150489741836681
2020-07-25,0.11927597347638765
2020-07-26,0.11921971027950169
2020-07-27,0.12286426103867289
2020-07-28,0.12476455354509298
2020-07-29,0.12803623107581755
2020-07-30,0.12822466765443272
2020-07-31,0.13050864098506335
2020-08-01,0.12551981557280012
2020-08-02,0.12340462592276948
2020-08-03,0.12310623756850679
2020-08-04,0.12112186076696099
2020-08-05,0.11892391751187766
2020-08-06,0.11439632157988622
2020-08-07,0.1102245568060199
2020-08-08,0.10959997324953011
2020-08-09,0.1170870912097948
2020-08-10,0.11946768004698495
2020-08-11,0.12054593415899187
2020-08-12,0.12282092607498926
2020-08-13,0.123337126531885
2020-08-14,0.12038967077647125
2020-08-15,0.11648776197877728
2020-08-16,0.11575479687549227
2020-08-17,0.12020698750398937
2020-08-18,0.11783927690562662
2020-08-19,0.11996252288578026
2020-08-20,0.11775299444469607
2020-08-21,0.11691493704486955
2020-08-22,0.11662676259421845
2020-08-23,0.11847967110434138
2020-08-24,0.12593052380687397
2020-08-25,0.12658234458399167
2020-08-26,0.1269594505539156
2020-08-27,0.12632203191193692
2020-08-28,0.12725108955665707
2020-08-29,0.1227018539703768
2020-08-30,0.13068497384408145
2020-08-31,0.13521873358716743
2020-09-01,0.13856053692214396
2020-09-02,0.13783719732979477
2020-09-03,0.13300619751536974
2020-09-04,0.12208235727373315
2020-09-05,0.11522857692918827
2020-09-06,0.12089124138568749
2020-09-07,0.12463386585606517
2020-09-08,0.1325689005699297
2020-09-09,0.12967036230999615
2020-09-10,0.12920998933250488
2020-09-11,0.12043069440819688
2020-09-12,0.12086762943167319
2020-09-13,0.12234988825690178
2020-09-14,0.13209557168105224
2020-09-15,0.13887572734739825
2020-09-16,0.13752607914641152
2020-09-17,0.13451946484433583
2020-09-18,0.12882743397343824
2020-09-19,0.128469572250467
2020-09-20,0.13311261269959898
2020-09-21,0.1330379675113205
2020-09-22,0.13512961158296408
2020-09-23,0.13858834150002108
2020-09-24,0.13507430133487772
2020-09-25,0.12571920422492294
2020-09-26,0.12019630966932138
2020-09-27,0.12619625283755184
2020-09-28,0.13223321344346287
2020-09-29,0.1427637019276934
2020-09-30,0.14106406444070596
2020-10-01,0.13870639497995305
2020-10-02,0.13417771806547601
2020-10-03,0.13179476996724485
2020-10-04,0.1365492252951941
2020-10-05,0.12946706850281609
2020-10-06,0.1329723939273999
2020-10-07,0.13676311287240073
2020-10-08,0.1328748196920284
2020-10-09,0.1339410287614378
2020-10-10,0.1285037993170128
2020-10-11,0.13496601946744888
2020-10-12,0.1253594816276331
2020-10-13,0.12309684243756416
2020-10-14,0.11743762951052104
2020-10-15,0.11343776440959948
2020-10-16,0.11200457040515474
2020-10-17,0.10364024821523131
2020-10-18,0.10953530806800887
2020-10-19,0.11586404273228154
2020-10-20,0.10835458740842611
2020-10-21,0.11077204762933218
2020-10-22,0.11060335048172557
2020-10-23,0.11350857255601711
2020-10-24,0.11087378797552908
2020-10-25,0.12054839151749175
2020-10-26,0.13237846887951923
2020-10-27,0.11488153566061614
2020-10-28,0.11434126435170586
2020-10-29,0.11075705558745823
2020-10-30,0.10746049026012768
2020-10-31,0.11152986853465986
2020-11-01,0.11927634529127
2020-11-02,0.13250509991937065
2020-11-03,0.11098177364332933
2020-11-04,0.11394323219712413
2020-11-05,0.1147453366820404
2020-11-06,0.1058294181981722
2020-11-07,0.10041255366769784
2020-11-08,0.1043510460206886
2020-11-09,0.1082204191472446
2020-11-10,0.10995668104069574
2020-11-11,0.11128289480016802
2020-11-12,0.11006245028540484
2020-11-13,0.10188971737713337
2020-11-14,0.09974136778401027
2020-11-15,0.0991122748253098
2020-11-16,0.1017434584518699
2020-11-17,0.10428636697654493
2020-11-18,0.10601951727404757
2020-11-19,0.10725726241717035
2020-11-20,0.10400829060007588
2020-11-21,0.09984434474090768
2020-11-22,0.10597835199318965
2020-11-23,0.11471311956955073
2020-11-24,0.11818636033524925
2020-11-25,0.12293756977420166
2020-11-26,0.11271212215633972
2020-11-27,0.102857598039885
2020-11-28,0.09745259197021335
2020-11-29,0.09543469708273392
2020-11-30,0.09494866957327026
2020-12-01,0.09557921258747869
2020-12-02,0.09405701246987241
2020-12-03,0.09660774366800008
2020-12-04,0.09630398136800426
2020-12-05,0.09929835250194415
2020-12-06,0.10376983114889507
2020-12-07,0.11290015900281825
2020-12-08,0.11535610395780956
2020-12-09,0.12231069964436356
2020-12-10,0.1279164231664879
2020-12-11,0.11650452109276666
2020-12-12,0.1085273501442024
2020-12-13,0.10955765621228121
2020-12-14,0.10801362547030098
2020-12-15,0.10774019161794375
2020-12-16,0.10539346026441714
2020-12-17,0.10746165101534243
2020-12-18,0.0813742033281712
2020-12-19,0.0748070688484869
2020-12-20,0.08274104528291401
2020-12-21,0.09483194130044277
2020-12-22,0.10657908893295237
2020-12-23,0.11922074660065626
2020-12-24,0.12149267462932929
2020-12-25,0.09974552943685266
2020-12-26,0.08818159450351354
2020-12-27,0.08669901747323326
2020-12-28,0.09598184229094257
2020-12-29,0.10640387524215869
2020-12-30,0.11088165084919922
2020-12-31,0.1199586112232897
2021-01-01,0.13460497301054095
2021-01-02,0.10511398650850125
2021-01-03,0.10546429366807224
2021-01-04,0.10965313433247381
2021-01-05,0.11490352995344777
2021-01-06,0.12008048589172132
2021-01-07,0.11864073315473944
2021-01-08,0.12301419020521898
2021-01-09,0.08186382643282043
2021-01-10,0.07881757756324198
2021-01-11,0.08377528813933303
2021-01-12,0.08542327899488528
2021-01-13,0.08548034162628441
2021-01-14,0.07943929709265643
2021-01-15,0.07484511683471215
2021-01-16,0.07824808304066593
2021-01-17,0.07975728583078996
2021-01-18,0.08944200624483661
2021-01-19,0.09968901143451714
2021-01-20,0.10187165350133041
2021-01-21,0.09907693547614305
2021-01-22,0.09815930767529908
2021-01-23,0.1047060934004741
2021-01-24,0.10143408597021832
2021-01-25,0.11126911700582993
2021-01-26,0.11905474584347497
2021-01-27,0.12069515206758631
2021-01-28,0.1222177472010554
2021-01-29,0.11690412681961453
2021-01-30,0.10240369726609536
2021-01-31,0.10046138189914695
2021-02-01,0.09534598410632654
2021-02-02,0.09329508159833819
2021-02-03,0.09808617962713487
2021-02-04,0.09653910233237807
2021-02-05,0.09741285144276084
2021-02-06,0.09224381913554051
2021-02-07,0.09351513412553814
2021-02-08,0.09017881049475826
2021-02-09,0.09680890405712334
2021-02-10,0.10035162161167167
2021-02-11,0.10140213415792282
2021-02-12,0.09279513064435117
2021-02-13,0.09348358593625045
2021-02-14,0.09667551578926178
2021-02-15,0.10371343169197399
2021-02-16,0.10484499164817358
2021-02-17,0.10291529924886411
2021-02-18,0.10110667679623755
2021-02-19,0.1040433218444034
2021-02-20,0.10093093945490732
2021-02-21,0.1087675829833187
2021-02-22,0.11987648503271177
2021-02-23,0.12245854151139282
2021-02-24,0.12694326013738974
2021-02-25,0.12054584339853244
2021-02-26,0.11768509951794602
2021-02-27,0.10973092470450771
2021-02-28,0.11630835408939447
2021-03-01,0.14664295439166067
2021-03-02,0.15434503718860823
2021-03-03,0.16204104860682386
2021-03-04,0.16022828840545514
2021-03-05,0.15801705165691438
2021-03-06,0.15815815753859322
2021-03-07,0.16644056488930825
2021-03-08,0.1982621140496521
2021-03-09,0.20545566581690078
2021-03-10,0.18695670059075997
2021-03-11,0.1706062426363102
2021-03-12,0.15793891887056474
2021-03-13,0.15052352119997647
2021-03-14,0.15326863537710228
2021-03-15,0.12210270268556153
2021-03-16,0.13306054115675095
2021-03-17,0.13092965328214504
2021-03-18,0.13165831984940596
2021-03-19,0.12085132341802868
2021-03-20,0.11661689138622153
2021-03-21,0.12241291965798555
2021-03-22,0.1263686864999279
2021-03-23,0.14002092894067403
2021-03-24,0.14116356209372632
2021-03-25,0.14395383514937485
2021-03-26,0.13999939440395545
2021-03-27,0.14864496493149346
2021-03-28,0.17138638803217351
2021-03-29,0.20743076121218207
2021-03-30,0.17211216648596891
2021-03-31,0.15559774228297749
2021-04-01,0.13946206381140624
2021-04-02,0.12651430419540358
2021-04-03,0.13223592406820636
2021-04-04,0.186998651836178
2021-04-05,0.23318394130105743
2021-04-06,0.12439112778621256
2021-04-07,0.12506144649346593
2021-04-08,0.11747031247700264
2021-04-09,0.11039668094024033
2021-04-10,0.1089116037746916
2021-04-11,0.12216590905411055
2021-04-12,0.1401613601393702
2021-04-13,0.14699930290703944
2021-04-14,0.15265551870042465
2021-04-15,0.1304620092998007
2021-04-16,0.11835954391701839
2021-04-17,0.10817574367672664
2021-04-18,0.11243269374354241
2021-04-19,0.12000962646010853
2021-04-20,0.11832631084762854
2021-04-21,0.11520523628538903
2021-04-22,0.1059160539293705
2021-04-23,0.10315906589957682
2021-04-24,0.09540016463093305
2021-04-25,0.10403050221170293
2021-04-26,0.11183834784089501
2021-04-27,0.11668536744555728
2021-04-28,0.11475121830562057
2021-04-29,0.1115181666037846
2021-04-30,0.10948596898236827
2021-05-01,0.10357649129951832
2021-05-02,0.11077734502301366
2021-05-03,0.11923056484420984
2021-05-04,0.12531524888913234
2021-05-05,0.11782089097363815
2021-05-06,0.10981452215490453
2021-05-07,0.1050381024514428
2021-05-08,0.10264758126796608
2021-05-09,0.10392227113992032
2021-05-10,0.11188616026834991
2021-05-11,0.11553085548505278
2021-05-12,0.11358601042362947
2021-05-13,0.11423326088579878
2021-05-14,0.10964381103439741
2021-05-15,0.11867429517873326
2021-05-16,0.10368458242346865
2021-05-17,0.11693688531473273
2021-05-18,0.11953573184029519
2021-05-19,0.12036915254308354
2021-05-20,0.11752179275659771
2021-05-21,0.11014010951395886
2021-05-22,0.10723028330798098
2021-05-23,0.11518282178460627
2021-05-24,0.12019130770851598
2021-05-25,0.12044852553214472
2021-05-26,0.11913601999862702
2021-05-27,0.11659250006644072
2021-05-28,0.11219979874227719
2021-05-29,0.11876120169870949
2021-05-30,0.12924880213072443
2021-05-31,0.1486903650296975
2021-06-01,0.1531370983436783
2021-06-02,0.15692788059815352
2021-06-03,0.15490493000011432
2021-06-04,0.1348918018067094
2021-06-05,0.136046536534135
2021-06-06,0.14092789386308271
2021-06-07,0.1539687411616134
2021-06-08,0.15852227993250348
2021-06-09,0.16460800137481374
2021-06-10,0.16702001583586307
2021-06-11,0.14246277477378855
2021-06-12,0.1303405770822006
2021-06-13,0.14749242684095235
2021-06-14,0.16387504029056255
2021-06-15,0.17067136846629488
2021-06-16,0.17767030271116765
2021-06-17,0.18153830810938124
2021-06-18,0.1779358587087766
2021-06-19,0.16566677190740728
2021-06-20,0.18407169144561367
2021-06-21,0.1962195963446793
2021-06-22,0.1959986657958651
2021-06-23,0.1898359617565856
2021-06-24,0.17333609275965955
2021-06-25,0.1645674667588533
2021-06-26,0.14649818102841
2021-06-27,0.15639057919227414
2021-06-28,0.1816704141956609
2021-06-29,0.19791102505461833
2021-06-30,0.21535452339150354
2021-07-01,0.22842620725031285
2021-07-02,0.2552861346527309
2021-07-03,0.1734167247187303
2021-07-04,0.1897752151640879
2021-07-05,0.24790550624668536
2021-07-06,0.24396526734021678
2021-07-07,0.23902665053872454
2021-07-08,0.24785580652543343
2021-07-09,0.19933872037742595
2021-07-10,0.2003549485124788
2021-07-11,0.20294968640014113
2021-07-12,0.19043409260325014
2021-07-13,0.1881224234093634
2021-07-14,0.16849309466958645
2021-07-15,0.14083310336137905
2021-07-16,0.12831290204347406
2021-07-17,0.13758338360209682
2021-07-18,0.1561589859468326
2021-07-19,0.1446386083594636
2021-07-20,0.1380706722801601
2021-07-21,0.1324051967855645
2021-07-22,0.12052121791239634
2021-07-23,0.10983137134354139
2021-07-24,0.11734553941985884
2021-07-25,0.13644440798245278
2021-07-26,0.12372501027751394
2021-07-27,0.13168379560490875
2021-07-28,0.1300393620835687
2021-07-29,0.12400837481299948
2021-07-30,0.1146493292452213
2021-07-31,0.10732818032634209
2021-08-01,0.11100973114439644
2021-08-02,0.11604861645350942
2021-08-03,0.11086109590651294
2021-08-04,0.1122282482129669
2021-08-05,0.11051365837353018
2021-08-06,0.10287381980198364
2021-08-07,0.09617086687360585
2021-08-08,0.09906759231953587
2021-08-09,0.10956733915958997
2021-08-10,0.0998114844852347
2021-08-11,0.10637174762347897
2021-08-12,0.09771906061929123
2021-08-13,0.10261395552982276
2021-08-14,0.09316968227970308
2021-08-15,0.09917038995247258
2021-08-16,0.10303091712525721
2021-08-17,0.09729063586496153
2021-08-18,0.09364691531039915
2021-08-19,0.08706843601380458
2021-08-20,0.08392477073074174
2021-08-21,0.07942849298649335
2021-08-22,0.08592174118631479
2021-08-23,0.0922729775625671
2021-08-24,0.08741413322877252
2021-08-25,0.08270180304768285
2021-08-26,0.075945507710322
2021-08-27,0.07614095353082953
2021-08-28,0.07586809771201404
2021-08-29,0.0859116408232991
2021-08-30,0.09382358341217889
2021-08-31,0.08992898984671864
2021-09-01,0.09659315902617324
2021-09-02,0.08689091900944443
2021-09-03,0.08746319818050086
2021-09-04,0.08730270057796503
2021-09-05,0.09757712056997103
2021-09-06,0.09527533839163652
2021-09-07,0.08710945642016338
2021-09-08,0.07408844452671466
2021-09-09,0.06941082571243674
2021-09-10,0.06134905295322021
2021-09-11,0.06291780612527231
2021-09-12,0.07269618680059892
2021-09-13,0.10602632988710695
2021-09-14,0.08948356088094572
2021-09-15,0.08432738582508996
2021-09-16,0.08278319346079917
2021-09-17,0.08287146896945019
2021-09-18,0.08878946824681891
2021-09-19,0.10189168489261365
2021-09-20,0.09897622314093622
2021-09-21,0.10454509291602146
2021-09-22,0.10481678802169365
2021-09-23,0.09668201344040613
2021-09-24,0.08375872788655184
2021-09-25,0.07983550909981907
2021-09-26,0.08853977970965932
2021-09-27,0.07568752911993436
2021-09-28,0.10389531071989462
2021-09-29,0.08304536560904016
2021-09-30,0.07557980855312706
2021-10-01,0.07255537385746957
2021-10-02,0.07835584450489688
2021-10-03,0.08745674668499033
2021-10-04,0.09657814279255865
2021-10-05,0.09807491342437674
2021-10-06,0.08701393521234
2021-10-07,0.07746176660808335
2021-10-08,0.07774833073343121
2021-10-09,0.08356484894236449
2021-10-10,0.09877950063092737
2021-10-11,0.11876286566795963
2021-10-12,0.09169682662680283
2021-10-13,0.08624761311772094
2021-10-14,0.07708032462630353
2021-10-15,0.0780459096834274
2021-10-16,0.08060751115359464
2021-10-17,0.09683284697635906
2021-10-18,0.11606877519562613
2021-10-19,0.0905905187831994
2021-10-20,0.08944759714710511
2021-10-21,0.08124494180325141
2021-10-22,0.07900952522386519
2021-10-23,0.07778262845909566
2021-10-24,0.09107081453882815
2021-10-25,0.10142601418890955
2021-10-26,0.10119923977880625
2021-10-27,0.09034408082359166
2021-10-28,0.08401534179250288
2021-10-29,0.08291841835747936
2021-10-30,0.08563100825822782
2021-10-31,0.09913433020743102
2021-11-01,0.10961203375394767
2021-11-02,0.11612875532028312
2021-11-03,0.10203824915257045
2021-11-04,0.09292430682841661
2021-11-05,0.08949663908580557
2021-11-06,0.09245432813047141
2021-11-07,0.11201925882621505
2021-11-08,0.12100474344406419
2021-11-09,0.1326531506955564
2021-11-10,0.11309733948108061
2021-11-11,0.11115442098863246
2021-11-12,0.09910453300726692
2021-11-13,0.09909976540716227
2021-11-14,0.11637763216494874
2021-11-15,0.12165724100570616
2021-11-16,0.12551353204787583
2021-11-17,0.12183700252904352
2021-11-18,0.09733973351395098
2021-11-19,0.09476369128740063
2021-11-20,0.09870040902773161
2021-11-21,0.11607326126628308
2021-11-22,0.1267601105585573
2021-11-23,0.125662194810469
2021-11-24,0.12739395338724355
2021-11-25,0.0898148321951049
2021-11-26,0.09759690931140176
2021-11-27,0.11955544694012052
2021-11-28,0.15155867799305456
2021-11-29,0.14382003191968568
2021-11-30,0.13470528315138627
2021-12-01,0.1297784775932352
2021-12-02,0.09430331807492477
2021-12-03,0.09699898243507049
2021-12-04,0.10094830293448333
2021-12-05,0.12074324263206142
2021-12-06,0.12037892309401096
2021-12-07,0.12299292025736039
2021-12-08,0.11408138984077919
2021-12-09,0.1069535189252169
2021-12-10,0.08326346967842926
2021-12-11,0.08130670228503328
2021-12-12,0.08889716540518543
2021-12-13,0.09865722038009869
2021-12-14,0.10487309894330116
2021-12-15,0.10562382454593942
2021-12-16,0.10407187521305658
2021-12-17,0.08651643676592558
2021-12-18,0.10716017414916537
2021-12-19,0.13873890245894702
2021-12-20,0.16349718150994355
2021-12-21,0.1549298383908679
2021-12-22,0.16033033304380315
2021-12-23,0.15387926887336748
2021-12-24,0.1426111861037041
2021-12-25,0.19009344749795337
2021-12-26,0.2387945674534148
2021-12-27,0.2516036632455973
2021-12-28,0.23290862401394052
2021-12-29,0.19867662640332914
2021-12-30,
2021-12-31,0.20255733585988414
2022-01-01,0.23849752769030183
2022-01-02,0.27282018800417746
2022-01-03,
2022-01-04,0.2078207258587668
2022-01-05,0.17251246278679508
2022-01-06,0.1438020998776044
2022-01-07,0.14230309896414248
2022-01-08,0.154709240743964
2022-01-09,0.1730878701762167
2022-01-10,0.18478653002530843
2022-01-11,0.17225565250468441
2022-01-12,0.1399059093789304
2022-01-13,0.1418430485135805
2022-01-14,0.150855417820503
2022-01-15,0.15436448794680419
2022-01-16,0.16332639305579075
2022-01-17,0.1554830554854521
2022-01-18,0.16463250217432757
2022-01-19,0.15602095389837015
2022-01-20,0.1573435353189021
2022-01-21,0.13801852510373266
2022-01-22,0.1394919387978015
2022-01-23,0.15250884609425713
2022-01-24,0.19961807307210563
2022-01-25,0.16890032938722965
2022-01-26,0.1504858005780528
2022-01-27,0.14556204538326897
2022-01-28,0.14791079674045954
2022-01-29,0.1396451083070806
2022-01-30,0.1569997223978265
2022-01-31,0.16786925182189438
2022-02-01,0.16128198025521737
2022-02-02,0.15607590689506176
2022-02-03,0.14506086871636586
2022-02-04,0.1429288062168801
2022-02-05,0.12280245632304802
2022-02-06,0.13467077865421123
2022-02-07,0.12961367947787017
2022-02-08,0.1788718816928069
2022-02-09,0.1581370659575197
2022-02-10,0.13921035529119255
2022-02-11,0.14538210622946865
2022-02-12,0.1309702845890494
2022-02-13,0.1462078740516216
2022-02-14,0.15272805481245313
2022-02-15,0.1361357333464073
2022-02-16,0.1366420484839192
2022-02-17,0.11641402310627338
2022-02-18,0.11158344427341096
2022-02-19,0.1165730218267812
2022-02-20,0.10940659072198039
2022-02-21,0.1257274425822422
2022-02-22,0.12982782092833797
2022-02-23,0.149029966438204
2022-02-24,0.13864672795010777
2022-02-25,0.14513344897944525
2022-02-26,0.14744485354477688
2022-02-27,0.1475227679931226
2022-02-28,0.15686972026647122
2022-03-01,0.14196658871795914
2022-03-02,0.14599571597250763
2022-03-03,0.13477321957303076
2022-03-04,0.14028086210072743
2022-03-05,0.13709098655735932
2022-03-06,0.16035831299425693
2022-03-07,0.1824008544971055
2022-03-08,0.1730540682379873
2022-03-09,0.19574518603359206
2022-03-10,0.1679261233119759
2022-03-11,0.15101327821493346
2022-03-12,0.1237452368370232
2022-03-13,0.14838734556434363
2022-03-14,0.1805912505503876
2022-03-15,0.1724172499055041
2022-03-16,0.18877207430682214
2022-03-17,0.16632418268381519
2022-03-18,0.16246126476737413
2022-03-19,0.15675493372244476
2022-03-20,0.18997358379219106
2022-03-21,0.2361607976489597
2022-03-22,0.25368880150089235
2022-03-23,0.24528395577313433
2022-03-24,0.20951333651534434
2022-03-25,0.18414183346874072
2022-03-26,0.16050703992571425
2022-03-27,0.19664754540695545
2022-03-28,0.22292512972127054
2022-03-29,0.2166530990447158
2022-03-30,0.23386912182622002
2022-03-31,0.2088258355731116
2022-04-01,0.19200444541278358
2022-04-02,0.17647846017932586
2022-04-03,0.21240625631658425
2022-04-04,0.2428095384729817
2022-04-05,0.22364452545289834
2022-04-06,0.23841903051365454
2022-04-07,0.22861341272380753
2022-04-08,0.19437968265137556
2022-04-09,0.17276205440500814
2022-04-10,0.19333495617942775
2022-04-11,0.21877016272389077
2022-04-12,0.2123354655665154
2022-04-13,0.20092732320547252
2022-04-14,0.2003044322679685
2022-04-15,0.17864282809220505
2022-04-16,0.18184939410507103
2022-04-17,0.21893040952584944
2022-04-18,0.2594405342137124
2022-04-19,0.24182864483269959
2022-04-20,0.24285276659738128
2022-04-21,0.22663578571009238
2022-04-22,0.1686060922415239
2022-04-23,0.17539736798830974
2022-04-24,0.1920435770708229
2022-04-25,0.2145963034439576
2022-04-26,0.212990408623266
2022-04-27,0.20596151588724207
2022-04-28,0.16545224193404887
2022-04-29,0.12346879873691174
2022-04-30,0.12643040728873417
2022-05-01,0.1548106021394206
2022-05-02,0.16576732012723824
2022-05-03,0.1830356430150733
2022-05-04,0.1745050019443847
2022-05-05,0.14875961571000912
2022-05-06,0.11563212145334523
2022-05-07,0.14140415532221773
2022-05-08,0.181020490423682
2022-05-09,0.18990821006392694
2022-05-10,0.2021695812121225
2022-05-11,0.17122667750509754
2022-05-12,0.13694364664654265
2022-05-13,0.11111863960009281
2022-05-14,0.1142889277175894
2022-05-15,0.1350911415165122
2022-05-16,0.1478419334854328
2022-05-17,0.15542384887887953
2022-05-18,0.16204070622182443
2022-05-19,0.14490933773489148
2022-05-20,0.10379820232422853
2022-05-21,0.12023238885357418
2022-05-22,0.14124696810326157
2022-05-23,0.15214561491812714
2022-05-24,0.15985914930877754
2022-05-25,0.16281245706876238
2022-05-26,0.1556344666790994
2022-05-27,0.12360400177339054
2022-05-28,0.1301584600931819
2022-05-29,0.15324618876967455
2022-05-30,0.16236885033182524
2022-05-31,0.1623202946376636
2022-06-01,0.15715921325790289
2022-06-02,0.13273582340375242
2022-06-03,0.08927276989201388
2022-06-04,0.11123352128330678
2022-06-05,0.13223289502188437
2022-06-06,0.16577236691035274
2022-06-07,0.15209800419072994
2022-06-08,0.14038323592909935
2022-06-09,0.12041870105823921
2022-06-10,0.09823541968418635
2022-06-11,0.0979860495489504
2022-06-12,0.1197126496401279
2022-06-13,0.12619593985811803
2022-06-14,0.12834764899972054
2022-06-15,0.1254597247777474
2022-06-16,0.11387095155899014
2022-06-17,0.08142740398548136
2022-06-18,0.09344179134932637
2022-06-19,0.1118676005453563
2022-06-20,0.14581507282016684
2022-06-21,0.14021457656349542
2022-06-22,0.1279982034211923
2022-06-23,0.11072278165249531
2022-06-24,0.09109451568887117
2022-06-25,0.08956185236651723
2022-06-26,0.11072944221028376
2022-06-27,0.14405774788806855
2022-06-28,0.13522473305036214
2022-06-29,0.14068337987592533
2022-06-30,0.11322234580010147
2022-07-01,0.08461798377745132
2022-07-02,0.08828292200126363
2022-07-03,0.10768314709934351
2022-07-04,0.14032327315417445
2022-07-05,0.14566879213118447
2022-07-06,0.14389339783151708
2022-07-07,0.12421616518898858
2022-07-08,0.10722027057894161
2022-07-09,0.10572712963899158
2022-07-10,0.13363137118797228
2022-07-11,0.14240640349102948
2022-07-12,0.16090120751957993
2022-07-13,0.1324057870045644
2022-07-14,0.11488339169489105
2022-07-15,0.08321985149200399
2022-07-16,0.08689274849167018
2022-07-17,0.1016150669963305
2022-07-18,0.10658910120242213
2022-07-19,0.11744697516642305
2022-07-20,0.11298385992759481
2022-07-21,0.10731786379610495
2022-07-22,0.07643786516854473
2022-07-23,0.07297978280324277
2022-07-24,0.09098949321118822
2022-07-25,0.10219368409179784
2022-07-26,0.13370601368131282
2022-07-27,0.13021821274170003
2022-07-28,0.13043416258868182
2022-07-29,0.09848055215764033
2022-07-30,0.10155516223609025
2022-07-31,0.11843873270941303
2022-08-01,0.11905669973782065
2022-08-02,0.12613208727376185
2022-08-03,0.13163076123460535
2022-08-04,0.0957091403407151
2022-08-05,0.07871883842662708
2022-08-06,0.06927009385435079
2022-08-07,0.08884934139106129
2022-08-08,0.09392532744099158
2022-08-09,0.11207222916004284
2022-08-10,0.11432228229519555
2022-08-11,0.09614852741890072
2022-08-12,0.0757873341226006
2022-08-13,0.0724916033811952
2022-08-14,0.08738791199705652
2022-08-15,0.10693660186574827
2022-08-16,0.10729782175381461
2022-08-17,0.1042999502444105
2022-08-18,0.09784263288581416
2022-08-19,0.08594271098311808
2022-08-20,0.07397467055902515
2022-08-21,0.09570833523034725
2022-08-22,0.11405678218911479
2022-08-23,0.12412007205242888
2022-08-24,0.12305366141299147
2022-08-25,0.12457508119217096
2022-08-26,0.09073750799794349
2022-08-27,0.07889916975629892
2022-08-28,0.09605737748277346
2022-08-29,0.10889286466108002
2022-08-30,0.12622395089227892
2022-08-31,0.11930931562157569
2022-09-01,0.11277218173010249
2022-09-02,0.08398634617801572
2022-09-03,0.0729464331107574
2022-09-04,0.09285007339945037
2022-09-05,0.11676342168087697
2022-09-06,0.13755244095273592
2022-09-07,0.11629131203578917
2022-09-08,0.10851072009531283
2022-09-09,0.09271527772557504
2022-09-10,0.0827454479375484
2022-09-11,0.10400438619245515
2022-09-12,0.13982388184720698
2022-09-13,0.13416084984547721
2022-09-14,0.12865198367531944
2022-09-15,0.11332917812697718
2022-09-16,0.09987240401790907
2022-09-17,0.08608253228038665
2022-09-18,0.1081648350839338
2022-09-19,0.12977378740917972
2022-09-20,0.13178481617711604
2022-09-21,0.14605792885313093
2022-09-22,0.1204484568639375
2022-09-23,0.10782628725846308
2022-09-24,0.08612903675602614
2022-09-25,0.10749919447074842
2022-09-26,0.128236475871782
2022-09-27,0.16183533150265111
2022-09-28,0.16506046434722701
2022-09-29,0.12242412958356179
2022-09-30,0.11117830610852589
2022-10-01,0.09204415796539696
2022-10-02,0.11083314684008323
2022-10-03,0.1370473817029889
2022-10-04,0.17622893143553728
2022-10-05,0.1567350096241248
2022-10-06,0.1277412252254652
2022-10-07,0.12303383218159586
2022-10-08,0.09564687406591962
2022-10-09,0.11941137716197663
2022-10-10,0.15206705001508056
2022-10-11,0.1656597541843004
2022-10-12,0.16514816592512524
2022-10-13,0.132490273995999
2022-10-14,0.10822613279218164
2022-10-15,0.09417933724918634
2022-10-16,0.1241537129320295
2022-10-17,0.14837595273267282
2022-10-18,0.16843546149064637
2022-10-19,0.1563633617443969
2022-10-20,0.14308158981183727
2022-10-21,0.12008318550601761
2022-10-22,0.10342926393951969
2022-10-23,0.1343980938853723
2022-10-24,0.16337119803858366
2022-10-25,0.1774010638232944
2022-10-26,0.15126591838593909
2022-10-27,0.12559453610869015
2022-10-28,0.10772809813593594
2022-10-29,0.10412710907857733
2022-10-30,0.13496934182893305
2022-10-31,0.15408469038405073
2022-11-01,0.15705804769896695
2022-11-02,0.1563580470370978
2022-11-03,0.13421654729324864
2022-11-04,0.10310640653162197
2022-11-05,0.11106280354641125
2022-11-06,0.13765089122321347
2022-11-07,0.16352050263165352
2022-11-08,0.16762324619194705
2022-11-09,0.16474823488134208
2022-11-10,0.13096818157065956
2022-11-11,0.11471357865559624
2022-11-12,0.11349043592092818
2022-11-13,0.142679870456039
2022-11-14,0.15787494469086777
2022-11-15,0.17642314230896694
2022-11-16,0.17075967781372314
2022-11-17,0.11461325949708023
2022-11-18,0.0953900728911865
2022-11-19,0.1125519812746188
2022-11-20,0.1410489262237297
2022-11-21,0.16750464936225712
2022-11-22,0.16512543198129584
2022-11-23,0.15820107101481085
2022-11-24,0.13115373992687546
2022-11-25,0.12790706655249984
2022-11-26,0.14314205755553217
2022-11-27,0.18534564447741778
2022-11-28,0.18764203589993023
2022-11-29,0.1867916135144507
2022-11-30,0.19662436059993554
2022-12-01,0.14886338678198793
2022-12-02,0.12024318332791756
2022-12-03,0.13988931032006371
2022-12-04,0.16725693871773126
2022-12-05,0.18038181346681642
2022-12-06,0.18411700729564884
2022-12-07,0.1586489450708266
2022-12-08,0.11985761952215776
2022-12-09,0.0928741019076625
2022-12-10,0.09231719762606944
2022-12-11,0.11778914023121233
2022-12-12,0.1353383561427744
2022-12-13,0.1360475516598207
2022-12-14,0.1336596986960303
2022-12-15,0.12487603092408535
2022-12-16,0.09770052114580842
2022-12-17,0.12928867529565008
2022-12-18,0.15567287223187135
2022-12-19,0.17450288156339824
2022-12-20,0.16896396049294796
2022-12-21,0.15275644779048947
2022-12-22,0.15067580683774057
2022-12-23,0.12573330569840185
2022-12-24,0.12416262942830254
2022-12-25,0.1476532375019455
2022-12-26,0.18692683626550435
2022-12-27,0.20033679494696677
2022-12-28,0.1308925062152977
2022-12-29,0.11321062717542893
2022-12-30,0.11215732406877896
2022-12-31,0.11511634120554765
