"fips","county","state","r.lm","predicted.lm","r.slm","predicted.slm","date.y","days_from_start.y","log_rolled_cases.y","tau.hat","predicted.grf.future.0","predicted.grf.future.last","D.r.lm","D.r.slm","D.tau.hat","B.D.r.lm","B.D.r.slm","B.D.tau.hat"
47161,"Stewart","Tennessee",0.0789884113186322,3.66960376320208,0.0789884113186297,3.66960376320206,"2020-07-29",190,3.53472877428668,0.0783254546208725,3.66430010962001,3.66496306631776,NA,NA,NA,NA,NA,NA
47161,"Stewart","Tennessee",0.0790685234756934,3.7492330717772,0.0790685234756907,3.74923307177718,"2020-07-30",191,3.5715427474094,0.0793764010995658,3.75169609276818,3.75138821514431,8.01121570612046e-05,8.01121570609964e-05,0.0010509464786933,1,1,1
47161,"Stewart","Tennessee",0.0894450603519201,3.91131389026271,0.0894450603519275,3.91131389026277,"2020-07-31",192,3.59535339610311,0.086515985712908,3.88788129315061,3.89081036778963,0.0103765368762267,0.0103765368762368,0.0071395846133422,1,1,1
47161,"Stewart","Tennessee",0.0672087496934496,3.82286846534687,0.0672087496934517,3.82286846534689,"2020-08-01",193,3.630038954091,0.0717422154579967,3.85913619146324,3.8546027256987,-0.0222363106584705,-0.0222363106584758,-0.0147737702549113,-1,-1,-1
47161,"Stewart","Tennessee",0.0487901641694343,3.7427285308482,0.0487901641694308,3.74272853084817,"2020-08-02",194,3.66356164612965,0.0532754316925061,3.77861067103277,3.7741254035097,-0.0184185855240153,-0.0184185855240209,-0.0184667837654906,-1,-1,-1
47161,"Stewart","Tennessee",0.0373875320716185,3.7002976382351,0.037387532071619,3.70029763823511,"2020-08-03",195,3.69244452027843,0.0407470152598324,3.72717350374082,3.7238140205526,-0.0114026320978158,-0.0114026320978118,-0.0125284164326737,-1,-1,-1
47161,"Stewart","Tennessee",0.0448505661653543,3.79738944305661,0.044850566165354,3.79738944305661,"2020-08-04",196,3.71357206670431,0.0477039404915927,3.82021643766651,3.81736306334028,0.0074630340937358,0.00746303409373501,0.00695692523176029,1,1,1
47161,"Stewart","Tennessee",0.0512932943875513,3.89378183499954,0.0512932943875497,3.89378183499953,"2020-08-05",197,3.71705033108063,0.0542119926192883,3.91713142085344,3.9142127226217,0.006442728222197,0.00644272822219569,0.0065080521276956,1,1,1
47161,"Stewart","Tennessee",0.0368139731227183,3.82924055926842,0.0368139731227171,3.82924055926841,"2020-08-06",198,3.72397077392521,0.0393469312750892,3.84950422448739,3.84697126633502,-0.014479321264833,-0.0144793212648326,-0.0148650613441991,-1,-1,-1
47161,"Stewart","Tennessee",0.0238106486937178,3.76202793695914,0.0238106486937171,3.76202793695913,"2020-08-07",199,3.72051653905712,0.0276263387641218,3.79255345752237,3.78873776745196,-0.0130033244290005,-0.013003324429,-0.0117205925109674,-1,-1,-1
47161,"Stewart","Tennessee",0.0346855579878882,3.87283786000622,0.0346855579878902,3.87283786000623,"2020-08-08",200,3.71357206670431,0.0374451655226714,3.89491472028448,3.8921551127497,0.0108749092941704,0.0108749092941731,0.0098188267585496,1,1,1
47161,"Stewart","Tennessee",0.0335226920386437,3.89822049040015,0.0335226920386438,3.89822049040015,"2020-08-09",201,3.68887945411394,0.0349001602561683,3.90924023614035,3.90786276792283,-0.0011628659492445,-0.0011628659492464,-0.0025450052665031,-1,-1,-1
47161,"Stewart","Tennessee",0.0288828741487862,3.89462463931993,0.0288828741487852,3.89462463931993,"2020-08-10",202,3.65251180994306,0.0310363198843815,3.9118522052047,3.9096987594691,-0.0046398178898575,-0.0046398178898586,-0.0038638403717868,-1,-1,-1
47161,"Stewart","Tennessee",0.0211275464258757,3.86146489168544,0.0211275464258764,3.86146489168544,"2020-08-11",203,3.61091791264422,0.023053727541789,3.87687434061274,3.87494815949683,-0.0077553277229105,-0.0077553277229088,-0.0079825923425925,-1,-1,-1
47161,"Stewart","Tennessee",0.00347826437632281,3.74139818171489,0.00347826437632381,3.7413981817149,"2020-08-12",204,3.57954279007647,0.0124721763719339,3.81334947767978,3.80435556568417,-0.0176492820495529,-0.0176492820495526,-0.0105815511698551,-1,-1,-1
47161,"Stewart","Tennessee",0.00692044284457413,3.77241387383722,0.00692044284457394,3.77241387383722,"2020-08-13",205,3.54302757710137,0.0136147407694571,3.82596825723629,3.81927395931141,0.00344217846825132,0.00344217846825013,0.0011425643975232,1,1,1
47161,"Stewart","Tennessee",-0.00345423486808674,3.69633689498051,0,3.72051653905712,"2020-08-14",206,3.51367536508885,-0.00594921344292717,3.67637706638179,3.67887204495663,-0.0103746777126609,-0.00692044284457394,-0.0195639542123843,-1,-1,-1
47161,"Stewart","Tennessee",-0.00694447235281096,3.66496076023463,0,3.71357206670431,"2020-08-15",207,3.47019025314911,-0.00627588375642572,3.67030946900571,3.66964088040933,-0.00349023748472422,0,-0.00032667031349855,-1,0,-1
47161,"Stewart","Tennessee",-0.0246926125903712,3.51603116598134,0,3.68887945411394,"2020-08-16",208,3.42936825862885,-0.0157401119767821,3.58765117089005,3.57869867027646,-0.0177481402375602,0,-0.00946422822035638,-1,0,-1
47161,"Stewart","Tennessee",-0.0363676441708768,3.39793830074692,0,3.65251180994306,"2020-08-17",209,3.391627930646,-0.0291951848383793,3.45531797540691,3.4481455160744,-0.0116750315805056,0,-0.0134550728615972,-1,0,-1
47161,"Stewart","Tennessee",-0.0415938972988391,3.31976063155235,0,3.61091791264422,"2020-08-18",210,3.36235754834589,-0.0335039521815903,3.38448019249034,3.37639024737309,-0.00522625312796229,0,-0.004308767343211,-1,0,-1
47161,"Stewart","Tennessee",-0.0313751225677527,3.3599169321022,0,3.57954279007647,"2020-08-19",211,3.34739467566918,-0.0278674173257577,3.38797857403816,3.38447086879617,0.0102187747310864,0,0.0056365348558326,1,0,1
47161,"Stewart","Tennessee",-0.0365152129750937,3.28742108627572,0,3.54302757710137,"2020-08-20",212,3.32194801000801,-0.0299151610142048,3.34022150196283,3.33362145000194,-0.005140090407341,0,-0.0020477436884471,-1,0,-1
47161,"Stewart","Tennessee",-0.0293522120125292,3.30820988100114,0,3.51367536508885,"2020-08-21",213,3.29583686600433,-0.0277678431753004,3.32088483169897,3.31930046286175,0.0071630009625645,0,0.0021473178389044,1,0,1
47161,"Stewart","Tennessee",-0.0434851119397386,3.16579446957094,0,3.47019025314911,"2020-08-22",214,3.27444567602301,-0.036055513152265,3.22523125987073,3.21780166108325,-0.0141328999272094,0,-0.0082876699769646,-1,0,-1
47161,"Stewart","Tennessee",-0.0408219945202544,3.14361429698707,0,3.42936825862885,"2020-08-23",215,3.24147565678544,-0.0358312234561409,3.18354046549998,3.17854969443586,0.0026631174194842,0,0.000224289696124098,1,0,1
47161,"Stewart","Tennessee",-0.0377403279828475,3.12744563476607,0,3.391627930646,"2020-08-24",216,3.20158432775814,-0.0348498181883239,3.15056971312226,3.14767920332773,0.0030816665374069,0,0.000981405267816995,1,0,1
47161,"Stewart","Tennessee",-0.029270382300114,3.15746487224509,0,3.36235754834589,"2020-08-25",217,3.17208366336144,-0.0295778537111837,3.15500510095653,3.1553125723676,0.0084699456827335,0,0.0052719644771402,1,0,1
47161,"Stewart","Tennessee",-0.014962872676714,3.24265456693218,0,3.34739467566918,"2020-08-26",218,3.12299405316492,-0.017045615077162,3.22599262772859,3.22807537012905,0.0143075096234,0,0.0125322386340217,1,0,1
47161,"Stewart","Tennessee",-0.0254466656611631,3.14382135037987,0,3.32194801000801,"2020-08-27",219,3.08452777233712,-0.0273664240508397,3.12846328326246,3.13038304165213,-0.0104837929844491,0,-0.0103208089736777,-1,0,-1
47161,"Stewart","Tennessee",-0.0261111440036866,3.11305885797852,0,3.29583686600433,"2020-08-28",220,3.03769647265303,-0.0268388469496948,3.10723723441045,3.10796493735647,-0.000664478342523499,0,0.000527577101144899,-1,0,1
47161,"Stewart","Tennessee",-0.0213911899813196,3.12470734615377,0,3.27444567602301,"2020-08-29",221,3.02390315052069,-0.0223301459733107,3.11719569821784,3.11813465420984,0.004719954022367,0,0.0045087009763841,1,0,1
47161,"Stewart","Tennessee",-0.0329700192375692,3.01068552212246,0,3.24147565678544,"2020-08-30",222,3.02390315052069,-0.033556356258412,3.00599482595571,3.00658116297656,-0.0115788292562496,0,-0.0112262102851013,-1,0,-1
47161,"Stewart","Tennessee",-0.0398913290272998,2.92234502456704,0,3.20158432775814,"2020-08-31",223,3.04452243772342,-0.0408700318026888,2.91451540236393,2.91549410513932,-0.0069213097897306,0,-0.0073136755442768,-1,0,-1
47161,"Stewart","Tennessee",-0.0295006643966979,2.96557901258456,0,3.17208366336144,"2020-09-01",224,3.04452243772342,-0.0316508518036867,2.94837751332865,2.95052770073563,0.0103906646306019,0,0.0092191799990021,1,0,1
47161,"Stewart","Tennessee",-0.0490896101965239,2.77936678178925,0,3.12299405316492,"2020-09-02",225,3.03082359336526,-0.0449759794459857,2.81227582779355,2.80816219704302,-0.019588945799826,0,-0.013325127642299,-1,0,-1
47161,"Stewart","Tennessee",-0.0384662808277953,2.81526380654256,0,3.08452777233712,"2020-09-03",226,3.0513021247088,-0.0371676276689446,2.82565303181336,2.82435437865451,0.0106233293687286,0,0.0078083517770411,1,0,1
47161,"Stewart","Tennessee",-0.0468312996841008,2.70987737486432,0,3.03769647265303,"2020-09-04",227,3.08452777233712,-0.0443916359247379,2.72939468493922,2.72695502117986,-0.00836501885630549,0,-0.0072240082557933,-1,0,-1
47161,"Stewart","Tennessee",-0.0137933221323357,2.92734989559434,0,3.02390315052069,"2020-09-05",228,3.10394585819422,-0.0159715563441048,2.90992402190019,2.91210225611196,0.0330379775517651,0,0.0284200795806331,1,0,1
47161,"Stewart","Tennessee",6.28036983473505e-16,3.02390315052069,0,3.02390315052069,"2020-09-06",229,3.12299405316492,0.00641751966096548,3.07524330780841,3.06882578814745,0.0137933221323363,0,0.0223890760050703,1,0,1
47161,"Stewart","Tennessee",0.0206192872027343,3.18885744814256,0.0206192872027344,3.18885744814256,"2020-09-07",230,3.14168618617707,0.0254886507692658,3.22781235667482,3.22294299310828,0.0206192872027337,0.0206192872027344,0.0190711311083003,1,1,1
47161,"Stewart","Tennessee",-6.2803698347353e-16,3.04452243772342,0,3.04452243772342,"2020-09-08",231,3.16003532484527,0.00797007483752324,3.10828303642361,3.10031296158608,-0.0206192872027349,-0.0206192872027344,-0.0175185759317426,-1,-1,-1
47161,"Stewart","Tennessee",-0.0136988443581611,2.93493168285813,0,3.03082359336526,"2020-09-09",232,3.20738144544246,-0.0168926450391603,2.90938127741014,2.91257507809114,-0.0136988443581605,0,-0.0248627198766835,-1,0,-1
47161,"Stewart","Tennessee",0.0204785313435395,3.19465184411358,0.0204785313435396,3.19465184411358,"2020-09-10",233,3.22457384598284,0.0206865915348384,3.19631632564397,3.19610826545267,0.0341773757017006,0.0204785313435396,0.0375792365739987,1,1,1
47161,"Stewart","Tennessee",0.033225647628323,3.31710730573538,0.0332256476283241,3.31710730573539,"2020-09-11",234,3.25258688221051,0.0327257567650128,3.3131081788289,3.31360806969221,0.0127471162847835,0.0127471162847845,0.0120391652301744,1,1,1
47161,"Stewart","Tennessee",0.0194180858570997,3.23987245919392,0.0194180858571005,3.23987245919393,"2020-09-12",235,3.27983652465789,0.0210265670060127,3.25274030838522,3.25113182723631,-0.0138075617712233,-0.0138075617712236,-0.0116991897590001,-1,-1,-1
47161,"Stewart","Tennessee",0.0190481949706939,3.25633141795978,0.0190481949706931,3.25633141795977,"2020-09-13",236,3.31678003984957,0.020776875116031,3.27016085912247,3.26843217897714,-0.000369890886405797,-0.0003698908864074,-0.000249691889981699,-1,-1,-1
47161,"Stewart","Tennessee",0.0186921330121512,3.27253111726213,0.0186921330121512,3.27253111726213,"2020-09-14",237,3.36729582998647,0.0205104462689599,3.2870776233166,3.28525931005979,-0.000356061958542701,-0.0003560619585419,-0.0002664288470711,-1,-1,-1
47161,"Stewart","Tennessee",0.0183491386682002,3.28847929552267,0.0183491386681998,3.28847929552267,"2020-09-15",238,3.42936825862885,0.0197720167141828,3.29986231989053,3.29843944184455,-0.000342994343950999,-0.000342994343951401,-0.000738429554777102,-1,-1,-1
47161,"Stewart","Tennessee",0.0473461205971965,3.53880428962284,0.0473461205971963,3.53880428962284,"2020-09-16",239,3.48343547989913,0.0444427747357569,3.51557752273133,3.51848086859276,0.0289969819289963,0.0289969819289965,0.0246707580215741,1,1,1
47161,"Stewart","Tennessee",0.0171924005403711,3.34492064976543,0.0171924005403716,3.34492064976544,"2020-09-17",240,3.55942138687705,0.0181461654197041,3.35255076880009,3.35159700392077,-0.0301537200568254,-0.0301537200568247,-0.0262966093160528,-1,-1,-1
47161,"Stewart","Tennessee",0.028013036227677,3.44867813580425,0.0280130362276774,3.44867813580426,"2020-09-18",241,3.65620867182439,0.0280238581917533,3.44876471151687,3.44875388955278,0.0108206356873059,0.0108206356873058,0.0098776927720492,1,1,1
47161,"Stewart","Tennessee",0.0272496424473754,3.47058402178952,0.0272496424473752,3.47058402178952,"2020-09-19",242,3.80666248977032,0.0264236600846656,3.46397616288783,3.46480214525055,-0.000763393780301599,-0.000763393780302199,-0.0016001981070877,-1,-1,-1
47161,"Stewart","Tennessee",0.0369435151916845,3.57538464619136,0.0369435151916844,3.57538464619136,"2020-09-20",243,3.94296780927757,0.0360470689757859,3.56821307646418,3.56910952268007,0.0096938727443091,0.0096938727443092,0.0096234088911203,1,1,1
47161,"Stewart","Tennessee",0.0505157901368988,3.72090636094477,0.0505157901369007,3.72090636094478,"2020-09-21",244,4.05797691805123,0.0498112037779763,3.71526967007338,3.7159742564323,0.0135722749452143,0.0135722749452163,0.0137641348021904,1,1,1
47161,"Stewart","Tennessee",0.0620724286423803,3.86387525912551,0.0620724286423791,3.86387525912551,"2020-09-22",245,4.16111273868694,0.0563233516489737,3.81788264317826,3.82363172017167,0.0115566385054815,0.0115566385054784,0.0065121478709974,1,1,1
47161,"Stewart","Tennessee",0.0540672212702733,3.86190602879104,0.0540672212702753,3.86190602879106,"2020-09-23",246,4.25459902498738,0.0536984424140916,3.85895579794158,3.85932457679777,-0.008005207372107,-0.0080052073721038,-0.0026249092348821,-1,-1,-1
47161,"Stewart","Tennessee",0.0759859069779223,4.0913227357225,0.0759859069779201,4.09132273572249,"2020-09-24",247,4.34750912979117,0.0646036971394206,4.0002650570145,4.01164726685299,0.021918685707649,0.0219186857076448,0.010905254725329,1,1,1
47161,"Stewart","Tennessee",0.0967872849473385,4.33371966645576,0.0967872849473386,4.33371966645576,"2020-09-25",248,4.42227703729518,0.0804828000747235,4.20328378747484,4.21958827234745,0.0208013779694162,0.0208013779694185,0.0158791029353029,1,1,1
47161,"Stewart","Tennessee",0.150453817945931,4.85983921539184,0.150453817945932,4.85983921539185,"2020-09-26",249,4.46754880811204,0.0888493541027925,4.36700350464673,4.42860796848987,0.0536665329985925,0.0536665329985934,0.008366554028069,1,1,1
47161,"Stewart","Tennessee",0.136305319507252,4.89710504582833,0.136305319507248,4.89710504582831,"2020-09-27",250,4.5155580272984,0.0863467338865211,4.49743636086249,4.54739494648322,-0.014148498438679,-0.014148498438684,-0.0025026202162714,-1,-1,-1
47161,"Stewart","Tennessee",0.115009108773653,4.8630406794668,0.115009108773658,4.86304067946683,"2020-09-28",251,4.56583518058941,0.0884872222829553,4.65086558754121,4.67738747403192,-0.021296210733599,-0.02129621073359,0.0021404883964342,-1,-1,1
47161,"Stewart","Tennessee",0.103135820635705,4.88306348313688,0.103135820635714,4.88306348313694,"2020-09-29",252,4.61370508843793,0.0827988800390273,4.72036795836345,4.74070489896013,-0.011873288137948,-0.011873288137944,-0.005688342243928,-1,-1,-1
47161,"Stewart","Tennessee",0.0934862863004379,4.90900302909044,0.0934862863004362,4.90900302909043,"2020-09-30",253,4.65803367554516,0.0810997525988495,4.80991075947774,4.82229729317933,-0.00964953433526711,-0.00964953433527779,-0.00169912744017781,-1,-1,-1
47161,"Stewart","Tennessee",0.09291010480379,4.9978798634177,0.0929101048037921,4.99787986341771,"2020-10-01",254,4.68080760019371,0.0755055137261868,4.85864313479687,4.87604772587448,-0.000576181496647898,-0.00057618149664411,-0.00559423887266269,-1,-1,-1
47161,"Stewart","Tennessee",0.0747679075040072,4.94565238982323,0.0747679075040111,4.94565238982326,"2020-10-02",255,4.70048036579242,0.0673228266328441,4.88609174285392,4.89353682372509,-0.0181421972997828,-0.018142197299781,-0.0081826870933427,-1,-1,-1
47161,"Stewart","Tennessee",0.0452717708168643,4.78445120383009,0.0452717708168633,4.78445120383009,"2020-10-03",256,4.71210089681543,0.0456199116817399,4.7872363307491,4.78688818988422,-0.0294961366871429,-0.0294961366871478,-0.0217029149511042,-1,-1,-1
47161,"Stewart","Tennessee",0.048009219186363,4.85162256160295,0.048009219186361,4.85162256160293,"2020-10-04",257,4.7349445297349,0.0466839726344215,4.84102058918741,4.84234583573935,0.0027374483694987,0.0027374483694977,0.0010640609526816,1,1,1
47161,"Stewart","Tennessee",0.0502771532910099,4.91777525362648,0.0502771532910105,4.91777525362649,"2020-10-05",258,4.75605021694722,0.0491722705144579,4.90893619141406,4.91004107419062,0.0022679341046469,0.0022679341046495,0.0024882978800364,1,1,1
47161,"Stewart","Tennessee",0.0478699078485148,4.94879444337753,0.0478699078485159,4.94879444337754,"2020-10-06",259,4.77310300532994,0.0460315609562847,4.93408766823969,4.93592601513192,-0.0024072454424951,-0.0024072454424946,-0.00314070955817319,-1,-1,-1
47161,"Stewart","Tennessee",0.0443285871072282,4.96833378529575,0.0443285871072252,4.96833378529573,"2020-10-07",260,4.79460921055091,0.0417908600524924,4.94803196885787,4.95056969591261,-0.0035413207412866,-0.0035413207412907,-0.0042407009037923,-1,-1,-1
47161,"Stewart","Tennessee",0.0227739246485578,4.84022507273362,0.0227739246485577,4.84022507273362,"2020-10-08",261,4.82028156560504,0.0264651660611886,4.86975500403467,4.86606376262203,-0.0215546624586704,-0.0215546624586675,-0.0153256939913038,-1,-1,-1
47161,"Stewart","Tennessee",0.0196727655987019,4.83818972498333,0.0196727655987035,4.83818972498334,"2020-10-09",262,4.84193483325427,0.0224328521168458,4.86027041712848,4.85751033061034,-0.0031011590498559,-0.0031011590498542,-0.0040323139443428,-1,-1,-1
47161,"Stewart","Tennessee",0.0116205310230152,4.79344461397654,0.0116205310230155,4.79344461397654,"2020-10-10",263,4.8553728854163,0.0157918526074507,4.82681518665203,4.82264386506758,-0.0080522345756867,-0.008052234575688,-0.0066409995093951,-1,-1,-1
47161,"Stewart","Tennessee",0.02284363291947,4.89484996017119,0.0228436329194706,4.8948499601712,"2020-10-11",264,4.84306159393686,0.0247943106012479,4.91045538162541,4.90850470394364,0.0112231018964548,0.0112231018964551,0.0090024579937972,1,1,1
47161,"Stewart","Tennessee",0.0211056872123227,4.90379002743348,0.0211056872123221,4.90379002743348,"2020-10-12",265,4.8283137373023,0.02485151328233,4.93375663599354,4.93001080992353,-0.0017379457071473,-0.0017379457071485,5.72026810820997e-05,-1,-1,1
47161,"Stewart","Tennessee",0.0170527883827214,4.89247252400899,0.0170527883827196,4.89247252400898,"2020-10-13",266,4.81334512160838,0.0186326237255465,4.90511120675159,4.90353137140877,-0.0040528988296013,-0.0040528988296025,-0.0062188895567835,-1,-1,-1
47161,"Stewart","Tennessee",0.0215062052209665,4.94515264709768,0.0215062052209669,4.94515264709768,"2020-10-14",267,4.79460921055091,0.0228146832719557,4.95562047150559,4.9543119934546,0.0044534168382451,0.0044534168382473,0.0041820595464092,1,1,1
47161,"Stewart","Tennessee",0.0256723550541263,4.99998805098392,0.0256723550541258,4.99998805098392,"2020-10-15",268,4.77551555173533,0.0251826844868628,4.99607068644581,4.99656035701308,0.0041661498331598,0.0041661498331589,0.0023680012149071,1,1,1
47161,"Stewart","Tennessee",0.0216532676492315,4.99350770679889,0.0216532676492314,4.99350770679889,"2020-10-16",269,4.74988876800318,0.0237547772187946,5.0103197833554,5.00821827378583,-0.0040190874048948,-0.0040190874048944,-0.0014279072680682,-1,-1,-1
47161,"Stewart","Tennessee",0.0134380521620372,4.94943925055056,0.0134380521620354,4.94943925055055,"2020-10-17",270,4.72612279640575,0.0188173207189489,4.99247339900586,4.98709413044894,-0.0082152154871943,-0.008215215487196,-0.0049374564998457,-1,-1,-1
47161,"Stewart","Tennessee",-0.012311291479445,4.75688255358074,0,4.84306159393686,"2020-10-18",271,4.70824237112791,-0.0103312232933703,4.77272309906934,4.77074303088327,-0.0257493436414822,-0.0134380521620354,-0.0291485440123192,-1,-1,-1
47161,"Stewart","Tennessee",-0.0147478566345569,4.7250787408604,0,4.8283137373023,"2020-10-19",272,4.67948221895265,-0.0109996861671619,4.75506410459956,4.75131593413217,-0.0024365651551119,0,-0.0006684628737916,-1,0,-1
47161,"Stewart","Tennessee",-0.0149686156939217,4.70856481175093,0,4.81334512160838,"2020-10-20",273,4.64850331069446,-0.0147181404043167,4.71056861406777,4.71031813877816,-0.0002207590593648,0,-0.0037184542371548,-1,0,-1
47161,"Stewart","Tennessee",-0.0187359110574656,4.66345783314865,0,4.79460921055091,"2020-10-21",274,4.61228765375696,-0.0145183114781913,4.69719862978285,4.69298103020357,-0.0037672953635439,0,0.000199828926125399,-1,0,1
47161,"Stewart","Tennessee",-0.0190936588155791,4.64185994002628,0,4.77551555173533,"2020-10-22",275,4.57471097850338,-0.0148621965992956,4.67571163775655,4.67148017554026,-0.000357747758113501,0,-0.000343885121104301,-1,0,-1
47161,"Stewart","Tennessee",-0.0256267837321507,4.57050128187813,0,4.74988876800318,"2020-10-23",276,4.55537952148507,-0.0201490604462068,4.61432306816568,4.60884534487973,-0.0065331249165716,0,-0.0052868638469112,-1,0,-1
47161,"Stewart","Tennessee",-0.023765971597428,4.55976099522376,0,4.72612279640575,"2020-10-24",277,4.5417738694293,-0.0201882502510758,4.58838276599457,4.58480504464822,0.0018608121347227,0,-3.91898048689998e-05,1,0,-1
47161,"Stewart","Tennessee",-0.0178804252778469,4.58307939418298,0,4.70824237112791,"2020-10-25",278,4.54481338544719,-0.0143249468321833,4.61152322174828,4.60796774330263,0.0058855463195811,0,0.0058633034188925,1,0,1
47161,"Stewart","Tennessee",-0.0287601521752575,4.47816115372584,0,4.67948221895265,"2020-10-26",279,4.54025063988878,-0.0225765418055784,4.52763003668328,4.5214464263136,-0.0108797268974106,0,-0.0082515949733951,-1,0,-1
47161,"Stewart","Tennessee",-0.0309789082581886,4.43165095288714,0,4.64850331069446,"2020-10-27",280,4.53413441287134,-0.0222537057300063,4.5014525731126,4.49272737058442,-0.0022187560829311,0,0.000322836075572101,-1,0,1
47161,"Stewart","Tennessee",-0.0362156569375029,4.35877805519444,0,4.61228765375696,"2020-10-28",281,4.53566698022112,-0.0271362523557458,4.43141329184849,4.42233388726674,-0.0052367486793143,0,-0.0048825466257395,-1,0,-1
47161,"Stewart","Tennessee",-0.0375766752535754,4.31167425172836,0,4.57471097850338,"2020-10-29",282,4.53566698022112,-0.028106385058987,4.38743657328506,4.37796628309047,-0.0013610183160725,0,-0.0009701327032412,-1,0,-1
47161,"Stewart","Tennessee",-0.0193314570183065,4.42005932235693,0,4.55537952148507,"2020-10-30",283,4.53413441287134,-0.0159921756635323,4.44677357319512,4.44343429184034,0.0182452182352689,0,0.0121142093954547,1,0,1
47161,"Stewart","Tennessee",-0.0136056520557754,4.44653430503887,0,4.5417738694293,"2020-10-31",284,4.53413441287134,-0.0133163676460813,4.44884858031642,4.44855929590673,0.0057258049625311,0,0.002675808017451,1,0,1
47161,"Stewart","Tennessee",0.00303951601789701,4.56608999757247,0.0030395160178962,4.56608999757247,"2020-11-01",285,4.52023457518231,0.00792759856810068,4.60519465797411,4.60030657542389,0.0166451680736724,0.0030395160178962,0.021243966214182,1,1,1
47161,"Stewart","Tennessee",-0.00456274555841963,4.50831142097984,0,4.54025063988878,"2020-11-02",286,4.50613880538191,-0.00777152815580576,4.48264116020074,4.48584994279814,-0.00760226157631664,-0.0030395160178962,-0.0156991267239064,-1,-1,-1
47161,"Stewart","Tennessee",-0.00611622701743657,4.49132082374928,0,4.53413441287134,"2020-11-03",287,4.49503639157761,-0.0065894573092754,4.48753498141458,4.48800821170641,-0.00155348145901694,0,0.00118207084653036,-1,0,1
47161,"Stewart","Tennessee",0.00153256734978019,4.54639495166958,0.0015325673497788,4.54639495166957,"2020-11-04",288,4.48380932898382,0.00679012192441629,4.58845538826667,4.58319783369203,0.00764879436721676,0.0015325673497788,0.0133795792336917,1,1,1
47161,"Stewart","Tennessee",-1.25607396694711e-15,4.53566698022111,0,4.53566698022112,"2020-11-05",289,4.49663001741289,0.00557513565988679,4.58026806550021,4.57469292984033,-0.00153256734978145,-0.0015325673497788,-0.0012149862645295,-1,-1,-1
47161,"Stewart","Tennessee",-0.00153256734977768,4.5234064414229,0,4.53413441287134,"2020-11-06",290,4.50297924509154,-0.00532968931585514,4.49302946569428,4.49682658766035,-0.00153256734977642,0,-0.0109048249757419,-1,0,-1
47161,"Stewart","Tennessee",-1.25607396694711e-15,4.53413441287133,0,4.53413441287134,"2020-11-07",291,4.53106221383437,0.00575515622745935,4.58017566269101,4.57442050646356,0.00153256734977642,0,0.0110848455433145,1,0,1
47161,"Stewart","Tennessee",-0.0138998376890346,4.42293571135906,0,4.52023457518231,"2020-11-08",292,4.56880254181722,-0.0136795862156175,4.4246977231464,4.42447747167299,-0.0138998376890333,0,-0.0194347424430769,-1,0,-1
47161,"Stewart","Tennessee",-0.0140957698003912,4.40746841677917,0,4.50613880538191,"2020-11-09",293,4.63749907310345,-0.0108285825355324,4.43360591489805,4.43033872763318,-0.0001959321113566,0,0.0028510036800851,-1,0,1
47161,"Stewart","Tennessee",-0.0111024138043065,4.41731949494746,0,4.49503639157761,"2020-11-10",294,4.71081637512308,-0.0110051616600887,4.4180975121012,4.41800025995699,0.0029933559960847,0,-0.000176579124556301,1,0,-1
47161,"Stewart","Tennessee",-0.0112270625937855,4.40521989082733,0,4.48380932898382,"2020-11-11",295,4.77912349311153,-0.0112846403411642,4.4047592688483,4.40481684659567,-0.000124648789478999,0,-0.000279478681075499,-1,0,-1
47161,"Stewart","Tennessee",0.0128206884290605,4.58637483641631,0.0128206884290609,4.58637483641631,"2020-11-12",296,4.83628190695148,0.0128399773007928,4.58652914739016,4.58650985851844,0.024047751022846,0.0128206884290609,0.024124617641957,1,1,1
47161,"Stewart","Tennessee",0.00634922767865863,4.54742383884216,0.0063492276786592,4.54742383884216,"2020-11-13",297,4.89890533015295,0.00768926845165743,4.55814416502615,4.55680412425314,-0.00647146075040187,-0.0064714607504017,-0.00515070884913537,-1,-1,-1
47161,"Stewart","Tennessee",0.0280829687428269,4.72764299503416,0.0280829687428259,4.72764299503415,"2020-11-14",298,4.94571574799694,0.0281565941881299,4.72823199859658,4.72815837315128,0.0217337410641683,0.0217337410641667,0.0204673257364725,1,1,1
47161,"Stewart","Tennessee",0.0377403279828499,4.83298483769717,0.0377403279828465,4.83298483769714,"2020-11-15",299,4.99334379698619,0.0365071214311897,4.82311918528389,4.82435239183555,0.009657359240023,0.0096573592400206,0.0083505272430598,1,1,1
47161,"Stewart","Tennessee",0.0686965312862359,5.1183747921071,0.068696531286232,5.11837479210707,"2020-11-16",300,5.03880617106295,0.0551614392257393,5.01009405562313,5.02362914768363,0.030956203303386,0.0309562033033855,0.0186543177945496,1,1,1
47161,"Stewart","Tennessee",0.0733173020196291,5.22403748926048,0.0733173020196283,5.22403748926047,"2020-11-17",301,5.08140436498446,0.0606067452913217,5.12235303543402,5.13506359216233,0.0046207707333932,0.0046207707333963,0.0054453060655824,1,1,1
47161,"Stewart","Tennessee",0.0683071179884531,5.2572733190307,0.0683071179884527,5.2572733190307,"2020-11-18",302,5.12226185133273,0.056507936073011,5.16287986370717,5.17467904562261,-0.00501018403117601,-0.0050101840311756,-0.0040988092183107,-1,-1,-1
47161,"Stewart","Tennessee",0.0571584138399453,5.2363908038311,0.0571584138399484,5.23639080383112,"2020-11-19",303,5.15329159449778,0.0532813392118267,5.20537420680614,5.20925128143427,-0.0111487041485078,-0.0111487041485043,-0.0032265968611843,-1,-1,-1
47161,"Stewart","Tennessee",0.0626234232014702,5.33726929256324,0.0626234232014706,5.33726929256324,"2020-11-20",304,5.17856811343811,0.0558703987528981,5.28324509697466,5.28999812142324,0.0054650093615249,0.0054650093615222,0.0025890595410714,1,1,1
47161,"Stewart","Tennessee",0.0468104178439973,5.27338867290492,0.0468104178439948,5.27338867290491,"2020-11-21",305,5.19928598594186,0.0448398702276274,5.25762429197397,5.25959483959033,-0.0158130053574729,-0.0158130053574758,-0.0110305285252707,-1,-1,-1
47161,"Stewart","Tennessee",0.047628048989248,5.32674013991093,0.0476280489892487,5.32674013991093,"2020-11-22",306,5.21493575760899,0.0466014023070116,5.31852696645303,5.31955361313527,0.0008176311452507,0.000817631145253905,0.0017615320793842,1,1,1
47161,"Stewart","Tennessee",0.0454623740767613,5.35704278960028,0.0454623740767586,5.35704278960026,"2020-11-23",307,5.2257466737132,0.045329799847233,5.35598219576405,5.35611476999358,-0.0021656749124867,-0.0021656749124901,-0.00127160245977859,-1,-1,-1
47161,"Stewart","Tennessee",0.042598193921513,5.37959172243505,0.0425981939215125,5.37959172243505,"2020-11-24",308,5.24250258744164,0.0417706003422528,5.37297097380097,5.37379856738023,-0.0028641801552483,-0.0028641801552461,-0.0035591995049802,-1,-1,-1
47161,"Stewart","Tennessee",0.0408574863482684,5.40826425577061,0.0408574863482674,5.4082642557706,"2020-11-25",309,5.25376819663586,0.0410598292110475,5.40988299867284,5.40968065581006,-0.0017407075732446,-0.0017407075732451,-0.000710771131205302,-1,-1,-1
47161,"Stewart","Tennessee",0.0310297431650474,5.37049979665311,0.0310297431650488,5.37049979665312,"2020-11-26",310,5.27006485359615,0.0321072056424321,5.37911949647219,5.3780420339948,-0.009827743183221,-0.0098277431832186,-0.0089526235686154,-1,-1,-1
47161,"Stewart","Tennessee",0.025276518940329,5.35550374602041,0.0252765189403288,5.35550374602041,"2020-11-27",311,5.27446368766863,0.0257478803562467,5.35927463734775,5.35880327593184,-0.0057532242247184,-0.00575322422472,-0.0063593252861854,-1,-1,-1
47161,"Stewart","Tennessee",0.0207178725037497,5.3443110934681,0.0207178725037487,5.3443110934681,"2020-11-28",312,5.2853768552723,0.0211371246210071,5.34766511040617,5.34724585828891,-0.0045586464365793,-0.0045586464365801,-0.0046107557352396,-1,-1,-1
47161,"Stewart","Tennessee",0.0156497716671279,5.32448415927888,0.0156497716671291,5.32448415927889,"2020-11-29",313,5.28754526956613,0.016733938621495,5.33315749491382,5.33207332795946,-0.0050681008366218,-0.0050681008366196,-0.0044031859995121,-1,-1,-1
47161,"Stewart","Tennessee",0.0108109161042156,5.30142308644271,0.0108109161042158,5.30142308644271,"2020-11-30",314,5.28610018260945,0.0125900766420011,5.315656370745,5.31387721020721,-0.0048388555629123,-0.0048388555629133,-0.0041438619794939,-1,-1,-1
47161,"Stewart","Tennessee",0.0167559137284382,5.35979398354071,0.0167559137284377,5.3597939835407,"2020-12-01",315,5.27079933765415,0.0177734026193837,5.36793389466827,5.36691640577733,0.0059449976242226,0.0059449976242219,0.0051833259773826,1,1,1
47161,"Stewart","Tennessee",0.0112656091942176,5.33262746099538,0.0112656091942185,5.33262746099539,"2020-12-02",316,5.25451474388964,0.0125906393316254,5.34322770209464,5.34190267195724,-0.0054903045342206,-0.0054903045342192,-0.0051827632877583,-1,-1,-1
47161,"Stewart","Tennessee",0.0162966569602933,5.3841414523182,0.0162966569602929,5.3841414523182,"2020-12-03",317,5.23720155268797,0.0165629535154091,5.38627182475913,5.38600552820401,0.0050310477660757,0.0050310477660744,0.0039723141837837,1,1,1
47161,"Stewart","Tennessee",0.00439883407248344,5.30525552617602,0.00439883407248409,5.30525552617602,"2020-12-04",318,5.2257466737132,0.00907185326236159,5.34263967969504,5.33796666050516,-0.0118978228878099,-0.0118978228878088,-0.00749110025304751,-1,-1,-1
47161,"Stewart","Tennessee",0.0109131676036651,5.36176902849795,0.0109131676036647,5.36176902849795,"2020-12-05",319,5.20479130853721,0.0118876552794891,5.36956492990454,5.36859044222872,0.00651433353118166,0.00651433353118061,0.00281580201712751,1,1,1
47161,"Stewart","Tennessee",0.00216841429382767,5.30272416962292,0.00216841429382697,5.30272416962292,"2020-12-06",320,5.1857883614116,0.00697292249229487,5.34116023521066,5.33635572701219,-0.00874475330983743,-0.00874475330983773,-0.00491473278719423,-1,-1,-1
47161,"Stewart","Tennessee",-0.00144508695667949,5.27598457391269,0,5.28610018260945,"2020-12-07",321,5.16478597392351,-0.0040795174580339,5.25490912990186,5.25754356040321,-0.00361350125050716,-0.00216841429382697,-0.0110524399503288,-1,-1,-1
47161,"Stewart","Tennessee",-0.0153008449553019,5.16369342296703,0,5.27079933765415,"2020-12-08",322,5.13411635086728,-0.0106573404824056,5.20084145875021,5.19619795427731,-0.0138557579986224,0,-0.0065778230243717,-1,0,-1
47161,"Stewart","Tennessee",-0.0162845937645062,5.1405225875381,0,5.25451474388964,"2020-12-09",323,5.10940269428444,-0.0128661457528455,5.16787017163139,5.16445172361972,-0.000983748809204302,0,-0.0022088052704399,-1,0,-1
47161,"Stewart","Tennessee",-0.0173131912016744,5.11600921427625,0,5.23720155268797,"2020-12-10",324,5.08317741509435,-0.0146721964826071,5.13713717202878,5.13449617730972,-0.0010285974371682,0,-0.0018060507297616,-1,0,-1
47161,"Stewart","Tennessee",-0.011454878974765,5.14556252088985,0,5.2257466737132,"2020-12-11",325,5.06620514525107,-0.00938451968457192,5.16212539521139,5.1600550359212,0.0058583122269094,0,0.00528767679803518,1,0,1
47161,"Stewart","Tennessee",-0.0209553651759903,5.05810375230528,0,5.20479130853721,"2020-12-12",326,5.05715530973115,-0.0163490830958354,5.09495400894652,5.09034772686636,-0.0095004862012253,0,-0.00696456341126348,-1,0,-1
47161,"Stewart","Tennessee",-0.0190029471256128,5.05276773153231,0,5.1857883614116,"2020-12-13",327,5.05897184065754,-0.0162642229982043,5.07467752455158,5.07193880042417,0.0019524180503775,0,8.48600976311002e-05,1,0,1
47161,"Stewart","Tennessee",-0.0210023874880851,5.01776926150692,0,5.16478597392351,"2020-12-14",328,5.06620514525107,-0.0179395049409377,5.0422723218841,5.03920943933695,-0.0019994403624723,0,-0.0016752819427334,-1,0,-1
47161,"Stewart","Tennessee",-0.0306696230562359,4.91942898947363,0,5.13411635086728,"2020-12-15",329,5.08583110970782,-0.0259597901664824,4.95710765259165,4.9523978197019,-0.0096672355681508,0,-0.0080202852255447,-1,0,-1
47161,"Stewart","Tennessee",-0.0247136565828366,4.93640709820458,0,5.10940269428444,"2020-12-16",330,5.10160707230198,-0.0198976927475725,4.9749348088867,4.97011884505143,0.0059559664733993,0,0.0060620974189099,1,0,1
47161,"Stewart","Tennessee",-0.0262252791900979,4.89960046076366,0,5.08317741509435,"2020-12-17",331,5.1197032145424,-0.0216154968277386,4.93647871966253,4.93186893730018,-0.0015116226072613,0,-0.0017178040801661,-1,0,-1
47161,"Stewart","Tennessee",-0.0169722698432765,4.94739925634813,0,5.06620514525107,"2020-12-18",332,5.13915414489724,-0.0147685186780346,4.96502926567007,4.96282551450483,0.0092530093468214,0,0.006846978149704,1,0,1
47161,"Stewart","Tennessee",-0.00904983551992083,4.9938064610917,0,5.05715530973115,"2020-12-19",333,5.16478597392351,-0.00891938130977999,4.99485009477283,4.99471964056269,0.00792243432335567,0,0.00584913736825461,1,0,1
47161,"Stewart","Tennessee",0.00181653092639642,5.07168755714232,0.00181653092639689,5.07168755714232,"2020-12-20",334,5.18818357213755,0.00799549291779452,5.12111925307351,5.1149402910821,0.0108663664463172,0.00181653092639689,0.0169148742275745,1,1,1
47161,"Stewart","Tennessee",0.00723330459352572,5.11683827740575,0.00723330459352489,5.11683827740574,"2020-12-21",335,5.20870520785835,0.01146184471302,5.1506665983617,5.14643805824221,0.0054167736671293,0.005416773667128,0.00346635179522548,1,1,1
47161,"Stewart","Tennessee",0.0196259644567484,5.22321286090506,0.0196259644567478,5.22321286090505,"2020-12-22",336,5.22881416078107,0.022864193105687,5.24911869009657,5.24588046144763,0.0123926598632227,0.0123926598632229,0.011402348392667,1,1,1
47161,"Stewart","Tennessee",0.0157759625941638,5.21203881046113,0.015775962594164,5.21203881046113,"2020-12-23",337,5.2477756693398,0.0189234904462165,5.23721903327755,5.2340715054255,-0.0038500018625846,-0.0038500018625838,-0.0039407026594705,-1,-1,-1
47161,"Stewart","Tennessee",0.018096142240422,5.24637621022536,0.0180961422404211,5.24637621022535,"2020-12-24",338,5.26194972237716,0.0216172489999178,5.27454506430132,5.27102395754182,0.0023201796462582,0.0023201796462571,0.0026937585537013,1,1,1
47161,"Stewart","Tennessee",0.0194509303548339,5.27531065738107,0.0194509303548349,5.27531065738108,"2020-12-25",339,5.27811465923052,0.0241789851298971,5.31313509558158,5.30840704080652,0.0013547881144119,0.0013547881144138,0.0025617361299793,1,1,1
47161,"Stewart","Tennessee",0.0256318290262793,5.34420877710747,0.0256318290262776,5.34420877710746,"2020-12-26",340,5.29042919369903,0.0295068809599848,5.37520919257712,5.3713341406434,0.0061808986714454,0.0061808986714427,0.0053278958300877,1,1,1
47161,"Stewart","Tennessee",0.0233975982140389,5.35196675963582,0.0233975982140375,5.35196675963581,"2020-12-27",341,5.29903139728169,0.0266874902489048,5.37828589591475,5.37499600387988,-0.0022342308122404,-0.0022342308122401,-0.00281939071108,-1,-1,-1
47161,"Stewart","Tennessee",0.0205216357207993,5.35235665790394,0.0205216357207982,5.35235665790394,"2020-12-28",342,5.30897466102202,0.0241302732485726,5.38122575812613,5.37761712059836,-0.0028759624932396,-0.0028759624932393,-0.0025572170003322,-1,-1,-1
47161,"Stewart","Tennessee",0.0201089529227132,5.36957683124006,0.0201089529227154,5.36957683124007,"2020-12-29",343,5.31741946842152,0.0207371313591148,5.37460225873127,5.37397408029487,-0.000412682798086098,-0.000412682798082799,-0.0033931418894578,-1,-1,-1
47161,"Stewart","Tennessee",0.0189615085587313,5.38050622925092,0.018961508558732,5.38050622925092,"2020-12-30",344,5.33478704632943,0.0194682959475835,5.38456052836174,5.38405374097288,-0.0011474443639819,-0.0011474443639834,-0.0012688354115313,-1,-1,-1
47161,"Stewart","Tennessee",0.014174053037367,5.36116809363873,0.0141740530373653,5.36116809363872,"2020-12-31",345,5.34914626740732,0.0147349425085647,5.36565520940832,5.36509431993711,-0.0047874555213643,-0.0047874555213667,-0.0047333534390188,-1,-1,-1
47161,"Stewart","Tennessee",0.0161649368533552,5.391269217204,0.0161649368533539,5.39126921720399,"2021-01-01",346,5.35050311971861,0.0173734795060046,5.4009375584252,5.39972901577255,0.0019908838159882,0.0019908838159886,0.0026385369974399,1,1,1
47161,"Stewart","Tennessee",0.0123145344685124,5.37663093497861,0.0123145344685112,5.37663093497861,"2021-01-02",347,5.36397133676948,0.012791882114833,5.38044971614918,5.37997236850286,-0.0038504023848428,-0.0038504023848427,-0.0045815973911716,-1,-1,-1
47161,"Stewart","Tennessee",0.0086022035826656,5.35924682236035,0.00860220358266517,5.35924682236035,"2021-01-03",348,5.37130225930452,0.00886783770896079,5.36137189537072,5.36110626124441,-0.0037123308858468,-0.00371233088584603,-0.00392404440587221,-1,-1,-1
47161,"Stewart","Tennessee",0.00994326374033092,5.37857750720434,0.00994326374033072,5.37857750720434,"2021-01-04",349,5.37130225930452,0.00970554904499525,5.37667578964165,5.37691350433699,0.00134106015766532,0.00134106015766555,0.00083771133603446,1,1,1
47161,"Stewart","Tennessee",0.00844480739950127,5.37653312021803,0.00844480739950004,5.37653312021802,"2021-01-05",350,5.37329230971254,0.00819255158688399,5.37451507371709,5.37476732952971,-0.00149845634082965,-0.00149845634083068,-0.00151299745811126,-1,-1,-1
47161,"Stewart","Tennessee",0.0173675779079023,5.45636009168474,0.0173675779079021,5.45636009168474,"2021-01-06",351,5.37660028494208,0.015427749169702,5.44084146177914,5.44278129051734,0.00892277050840103,0.00892277050840206,0.00723519758281801,1,1,1
47161,"Stewart","Tennessee",0.0143592210778887,5.44966081495254,0.0143592210778891,5.44966081495254,"2021-01-07",352,5.38449506278909,0.0119930663136915,5.43073157683896,5.43309773160316,-0.0030083568300136,-0.003008356830013,-0.0034346828560105,-1,-1,-1
47161,"Stewart","Tennessee",0.00135685231129364,5.36000108589766,0.00135685231129301,5.36000108589766,"2021-01-08",353,5.39945469136155,0.00221111885564206,5.36683521825246,5.3659809517081,-0.0130023687665951,-0.0130023687665961,-0.00978194745804944,-1,-1,-1
47161,"Stewart","Tennessee",0.0134682170508662,5.45824885612554,0.0134682170508675,5.45824885612555,"2021-01-09",354,5.39686904027653,0.0105742029008228,5.43509674292519,5.43799075707524,0.0121113647395726,0.0121113647395745,0.00836308404518074,1,1,1
47161,"Stewart","Tennessee",0.0073309225350491,5.42261871704987,0.00733092253504886,5.42261871704987,"2021-01-10",355,5.40010006085798,0.00518891388423742,5.40548264784338,5.40762465649418,-0.0061372945158171,-0.00613729451581864,-0.00538528901658538,-1,-1,-1
47161,"Stewart","Tennessee",0,5.37130225930452,0,5.37130225930452,"2021-01-11",356,5.40203367409337,-0.00514156098907172,5.33016977139195,5.33531133238102,-0.0073309225350491,-0.00733092253504886,-0.0103304748733091,-1,-1,-1
47161,"Stewart","Tennessee",0.00199005040801223,5.38722266256862,0.00199005040801303,5.38722266256863,"2021-01-12",357,5.40267738187228,0.00191462046978304,5.38661922306278,5.38669465300102,0.00199005040801223,0.00199005040801303,0.00705618145885476,1,1,1
47161,"Stewart","Tennessee",0.00330797522954156,5.39975611154887,0.00330797522954196,5.39975611154887,"2021-01-13",358,5.39945469136155,0.000993537071949851,5.38124060628814,5.38355504444573,0.00131792482152933,0.00131792482152893,-0.000921083397833189,1,1,-1
47161,"Stewart","Tennessee",0.00789477784700954,5.43975850771816,0.00789477784700932,5.43975850771815,"2021-01-14",359,5.3942766862648,0.00504974106430827,5.41699821345655,5.41984325023925,0.00458680261746798,0.00458680261746736,0.00405620399235842,1,1,1
47161,"Stewart","Tennessee",0.0149596285724652,5.50417209136881,0.0149596285724654,5.50417209136881,"2021-01-15",360,5.38972383287189,0.00942107937246535,5.45986369776881,5.46540224696881,0.00706485072545566,0.00706485072545608,0.00437133830815708,1,1,1
47161,"Stewart","Tennessee",-0.00258565108502165,5.37876948268138,0,5.39686904027653,"2021-01-16",361,5.37726056888815,-0.0105299425239815,5.3152151511697,5.32315944260866,-0.0175452796574869,-0.0149596285724654,-0.0199510218964469,-1,-1,-1
47161,"Stewart","Tennessee",0.00323102058144375,5.42271720492808,0.00323102058144364,5.42271720492808,"2021-01-17",362,5.36530823536432,0.000862381304149984,5.40376809070973,5.40613672998703,0.0058166716664654,0.00323102058144364,0.0113923238281315,1,1,1
47161,"Stewart","Tennessee",0.00193361323539758,5.41556896674116,0.00193361323539687,5.41556896674115,"2021-01-18",363,5.3599498836287,-0.00161468170460313,5.38718260722116,5.39073090216115,-0.00129740734604617,-0.00129740734604677,-0.00247706300875311,-1,-1,-1
47161,"Stewart","Tennessee",0.000643707778904251,5.40718333632461,0.000643707778904989,5.40718333632461,"2021-01-19",364,5.35658627467201,0.000660593950551639,5.40731842569778,5.40730153952614,-0.00128990545649333,-0.00128990545649188,0.00227527565515477,-1,-1,1
47161,"Stewart","Tennessee",-0.0032226905107268,5.37689585778647,0,5.39945469136155,"2021-01-20",365,5.35185813347607,-0.0109009910199139,5.31546945371297,5.32314775422215,-0.00386639828963105,-0.000643707778904989,-0.0115615849704655,-1,-1,-1
47161,"Stewart","Tennessee",-0.00517800509675207,5.35803065058754,0,5.3942766862648,"2021-01-21",366,5.33959639946747,-0.0121990345022037,5.30186241534392,5.30888344474937,-0.00195531458602527,0,-0.0012980434822898,-1,0,-1
47161,"Stewart","Tennessee",-0.00455285339291278,5.3578538591215,0,5.38972383287189,"2021-01-22",367,5.33340868635931,-0.00955699417544647,5.31782073286123,5.32282487364376,0.00062515170383929,0,0.00264204032675723,1,0,1
47161,"Stewart","Tennessee",-0.0124632639837346,5.29001772100201,0,5.37726056888815,"2021-01-23",368,5.34914626740732,-0.0142556870115921,5.27567833677915,5.277470759807,-0.00791041059082182,0,-0.00469869283614563,-1,0,-1
47161,"Stewart","Tennessee",-0.0119523335238401,5.28164190069744,0,5.36530823536432,"2021-01-24",369,5.34846715023351,-0.014547286183716,5.26088227941842,5.26347723207831,0.000510930459894499,0,-0.0002915991721239,1,0,-1
47161,"Stewart","Tennessee",-0.0053583517356202,5.32244142147935,0,5.3599498836287,"2021-01-25",370,5.34778757154612,-0.0105128663904547,5.28120530424068,5.28635981889552,0.0065939817882199,0,0.0040344197932613,1,0,1
47161,"Stewart","Tennessee",-0.00336360895668325,5.33304101197523,0,5.35658627467201,"2021-01-26",371,5.34846715023351,-0.00641103703348745,5.3086615873608,5.3117090154376,0.00199474277893695,0,0.00410182935696725,1,0,1
47161,"Stewart","Tennessee",-0.0047281411959473,5.31876114510444,0,5.35185813347607,"2021-01-27",372,5.34370037239585,-0.0070918151595834,5.29985175339534,5.30221542735899,-0.00136453223926405,0,-0.00068077812609595,-1,0,-1
47161,"Stewart","Tennessee",-0.0122617340085945,5.25376426140731,0,5.33959639946747,"2021-01-28",373,5.33478704632943,-0.0116565829570489,5.25860546981968,5.25800031876813,-0.0075335928126472,0,-0.0045647677974655,-1,0,-1
47161,"Stewart","Tennessee",-0.00618771310816483,5.29009469460215,0,5.33340868635931,"2021-01-29",374,5.31250200153999,-0.00778984680650908,5.2772776250154,5.27887975871375,0.00607402090042967,0,0.00386673615053982,1,0,1
47161,"Stewart","Tennessee",0.0157375810480096,5.45930933474338,0.0157375810480094,5.45930933474338,"2021-01-30",375,5.27153328264122,0.0113334742462019,5.42407648032893,5.42848058713073,0.0219252941561744,0.0157375810480094,0.019123321052711,1,1,1
47161,"Stewart","Tennessee",-0.000679117173808863,5.34371333001685,0,5.34846715023351,"2021-01-31",376,5.24174701505964,-0.00725194878840048,5.29113067710012,5.29770350871471,-0.0164166982218185,-0.0157375810480094,-0.0185854230346024,-1,-1,-1
47161,"Stewart","Tennessee",-0.000679578687382803,5.34303052073444,0,5.34778757154612,"2021-02-01",377,5.19928598594186,-0.00798464447346689,5.28458999444578,5.29189506023185,-4.61513573939989e-07,0,-0.00073269568506641,-1,0,-1
47161,"Stewart","Tennessee",0.000679578687382639,5.35322420104518,0.00067957868738322,5.35322420104519,"2021-02-02",378,5.15246548953547,-0.00201639014010817,5.33165645042526,5.33435241925275,0.00135915737476544,0.00067957868738322,0.00596825433335872,1,1,1
47161,"Stewart","Tennessee",-0.00476677783765443,5.31033292753227,0,5.34370037239585,"2021-02-03",379,5.10160707230198,-0.0130103783105065,5.24438412374946,5.2526277242223,-0.00544635652503707,-0.00067957868738322,-0.0109939881703983,-1,-1,-1
47161,"Stewart","Tennessee",-0.00891332606642489,5.27239376386445,0,5.33478704632943,"2021-02-04",380,5.05533547301416,-0.0134358248820536,5.23621377333942,5.24073627215505,-0.00414654822877046,0,-0.000425446571547099,-1,0,-1
47161,"Stewart","Tennessee",-0.0222850447894356,5.15650668801395,0,5.31250200153999,"2021-02-05",381,5.01633331521089,-0.025670933540199,5.12941957800784,5.1328054667586,-0.0133717187230107,0,-0.0122351086581454,-1,0,-1
47161,"Stewart","Tennessee",-0.0409687188987687,4.98475225034984,0,5.27153328264122,"2021-02-06",382,4.98066688416741,-0.0454554969976222,4.94885802555901,4.95334480365786,-0.0186836741093331,0,-0.0197845634574232,-1,0,-1
47161,"Stewart","Tennessee",-0.0297862675815805,5.03324314198858,0,5.24174701505964,"2021-02-07",383,4.94977254869255,-0.0295675124980908,5.03499318265649,5.034774427573,0.0111824513171882,0,0.0158879844995314,1,0,1
47161,"Stewart","Tennessee",-0.0424610291177822,4.90205878211738,0,5.19928598594186,"2021-02-08",384,4.92828834639798,-0.0419800246310898,4.90590681801092,4.90542581352423,-0.0126747615362017,0,-0.012412512132999,-1,0,-1
47161,"Stewart","Tennessee",-0.0468204964063876,4.82472201469076,0,5.15246548953547,"2021-02-09",385,4.90421601709019,-0.0454124455516369,4.83598642152876,4.83457837067401,-0.0043594672886054,0,-0.0034324209205471,-1,0,-1
47161,"Stewart","Tennessee",-0.0508584172334926,4.74559815166753,0,5.10160707230198,"2021-02-10",386,4.88819858975853,-0.0496612980534438,4.75517510510792,4.75397798592787,-0.004037920827105,0,-0.0042488525018069,-1,0,-1
47161,"Stewart","Tennessee",-0.0462715992878077,4.73143427799951,0,5.05533547301416,"2021-02-11",387,4.87628724156518,-0.0446716895820542,4.74423355564555,4.74263364593978,0.00458681794568491,0,0.0049896084713896,1,0,1
47161,"Stewart","Tennessee",-0.0390021578032699,4.74331821058801,0,5.01633331521089,"2021-02-12",388,4.8795498872,-0.0370370412460614,4.75903914304567,4.75707402648846,0.0072694414845378,0,0.0076346483359928,1,0,1
47161,"Stewart","Tennessee",-0.0356664310434801,4.73100186686305,0,4.98066688416741,"2021-02-13",389,4.86533422954598,-0.0353402988372991,4.7336109245125,4.73328479230632,0.0033357267597898,0,0.0016967424087623,1,0,1
47161,"Stewart","Tennessee",-0.0308943354748558,4.73351220036856,0,4.94977254869255,"2021-02-14",390,4.83514747688087,-0.0328691636279896,4.71771357514349,4.71968840329662,0.0047720955686243,0,0.0024711352093095,1,0,1
47161,"Stewart","Tennessee",-0.0214842022945764,4.77789893033594,0,4.92828834639798,"2021-02-15",391,4.80050197951806,-0.0246702196303142,4.75241079165004,4.75559680898578,0.0094101331802794,0,0.0081989439976754,1,0,1
47161,"Stewart","Tennessee",-0.0240723293077886,4.73570971193567,0,4.90421601709019,"2021-02-16",392,4.77189454596838,-0.0253050811135336,4.72584769748971,4.72708044929545,-0.0025881270132122,0,-0.000634861483219399,-1,0,-1
47161,"Stewart","Tennessee",-0.0160174273316629,4.77607659843689,0,4.88819858975853,"2021-02-17",393,4.7349445297349,-0.0187787068123653,4.75398636259127,4.75674764207197,0.0080549019761257,0,0.0065263743011683,1,0,1
47161,"Stewart","Tennessee",-0.0119113481933539,4.7929078042117,0,4.87628724156518,"2021-02-18",394,4.69657665231195,-0.0145325100670887,4.77193850922182,4.77455967109556,0.004106079138309,0,0.0042461967452766,1,0,1
47161,"Stewart","Tennessee",0.0032626456348214,4.90238840664375,0.00326264563482059,4.90238840664374,"2021-02-19",395,4.63334106295479,0.00957543826947927,4.95289074772101,4.94657795508635,0.0151739938281753,0.00326264563482059,0.024107948336568,1,1,1
47161,"Stewart","Tennessee",-0.0142156576540163,4.76582462596787,0,4.86533422954598,"2021-02-20",396,4.57911950878815,-0.0137740341162348,4.76935761427012,4.76891599073234,-0.0174783032888377,-0.00326264563482059,-0.0233494723857141,-1,-1,-1
47161,"Stewart","Tennessee",-0.0301867526651171,4.62384020822505,0,4.83514747688087,"2021-02-21",397,4.54025063988878,-0.0279701844349955,4.64157275406602,4.6393561858359,-0.0159710950111008,0,-0.0141961503187607,-1,0,-1
47161,"Stewart","Tennessee",-0.0346454973628028,4.55798349797845,0,4.80050197951806,"2021-02-22",398,4.50297924509154,-0.0328386860582602,4.57243798841479,4.57063117711024,-0.0044587446976857,0,-0.0048685016232647,-1,0,-1
47161,"Stewart","Tennessee",-0.0286074335496845,4.57164251112059,0,4.77189454596838,"2021-02-23",399,4.46426473291085,-0.0233931272100238,4.61335696183787,4.60814265549821,0.0060380638131183,0,0.0094455588482364,1,0,1
47161,"Stewart","Tennessee",-0.036950016233471,4.47629441610061,0,4.7349445297349,"2021-02-24",400,4.42399083377291,-0.0329991272845392,4.50790152769207,4.50395063874313,-0.0083425826837865,0,-0.0096060000745154,-1,0,-1
47161,"Stewart","Tennessee",-0.0383678774229517,4.42800151035128,0,4.69657665231195,"2021-02-25",401,4.39797028507102,-0.0326077368092109,4.47408263526121,4.46832249464747,-0.0014178611894807,0,0.000391390475328303,-1,0,1
47161,"Stewart","Tennessee",-0.0632355893571626,4.19069193745465,0,4.63334106295479,"2021-02-26",402,4.36218829245422,-0.0525989409501476,4.27578512471077,4.26514847630376,-0.0248677119342109,0,-0.0199912041409367,-1,0,-1
47161,"Stewart","Tennessee",-0.054221554166645,4.19956862962163,0,4.57911950878815,"2021-02-27",403,4.32507828280299,-0.0454475037739763,4.26976103276298,4.26098698237032,0.0090140351905176,0,0.0071514371761713,1,0,1
47161,"Stewart","Tennessee",-0.038868868899377,4.26816855759314,0,4.54025063988878,"2021-02-28",404,4.28260085453587,-0.037417890174099,4.27977638739536,4.27832540867009,0.015352685267268,0,0.0080296135998773,1,0,1
47161,"Stewart","Tennessee",-0.0372713947972264,4.24207948151096,0,4.50297924509154,"2021-03-01",405,4.24440525679783,-0.0359649520503323,4.25253102348612,4.25122458073921,0.0015974741021506,0,0.0014529381237667,1,0,1
47161,"Stewart","Tennessee",-0.038714512180688,4.19326314764604,0,4.46426473291085,"2021-03-02",406,4.19397440317094,-0.0372409170406209,4.20505190876657,4.2035783136265,-0.0014431173834616,0,-0.0012759649902886,-1,0,-1
47161,"Stewart","Tennessee",-0.0402738991379443,4.1420735398073,0,4.42399083377291,"2021-03-03",407,4.14991441337691,-0.0389190947127303,4.15291197520901,4.1515571707838,-0.0015593869572563,0,-0.0016781776721094,-1,0,-1
47161,"Stewart","Tennessee",-0.0260205487018914,4.21582644415778,0,4.39797028507102,"2021-03-04",408,4.08957128346944,-0.0270074836435133,4.2079309646248,4.20891789956643,0.0142533504360529,0,0.011911611069217,1,0,1
47161,"Stewart","Tennessee",-0.035781992616797,4.11171434413664,0,4.36218829245422,"2021-03-05",409,4.02279741093005,-0.0349674657310719,4.11823055922244,4.11741603233672,-0.0097614439149056,0,-0.0079599820875586,-1,0,-1
47161,"Stewart","Tennessee",-0.037110009651227,4.0653082152444,0,4.32507828280299,"2021-03-06",410,3.9262076404201,-0.0356317205667851,4.07713452791994,4.07565623883549,-0.00132801703443,0,-0.000664254835713196,-1,0,-1
47161,"Stewart","Tennessee",-0.0424774282671128,3.98525885666608,0,4.28260085453587,"2021-03-07",411,3.83791503327442,-0.0411535591317516,3.99584980974898,3.99452594061361,-0.0053674186158858,0,-0.00552183856496651,-1,0,-1
47161,"Stewart","Tennessee",-0.0381955977380388,3.97703607263156,0,4.24440525679783,"2021-03-08",412,3.74444930526875,-0.0377783867986224,3.98037376014689,3.97995654920747,0.004281830529074,0,0.0033751723331292,1,0,1
47161,"Stewart","Tennessee",-0.0504308536268952,3.84095842778268,0,4.19397440317094,"2021-03-09",413,3.65620867182439,-0.0473715922026416,3.8654325191767,3.86237325775245,-0.0122352558888564,0,-0.0095932054040192,-1,0,-1
47161,"Stewart","Tennessee",-0.0440599897940262,3.84149448481873,0,4.14991441337691,"2021-03-10",414,3.54715129428523,-0.0408514714197616,3.86716263181285,3.86395411343858,0.006370863832869,0,0.00652012078288,1,0,1
47161,"Stewart","Tennessee",-0.0603431299074725,3.66716937411714,0,4.08957128346944,"2021-03-11",415,3.43858491373377,-0.0580075797638785,3.68585377526588,3.68351822512229,-0.0162831401134463,0,-0.0171561083441169,-1,0,-1
47161,"Stewart","Tennessee",-0.0667738725393947,3.55538030315429,0,4.02279741093005,"2021-03-12",416,3.33729357968267,-0.0619810671106217,3.59372274658447,3.5889299411557,-0.00643074263192219,0,-0.0039734873467432,-1,0,-1
47161,"Stewart","Tennessee",-0.0965897705099592,3.25007924685039,0,3.9262076404201,"2021-03-13",417,3.32194801000801,-0.0850743754124605,3.34220240763037,3.33068701253288,-0.0298158979705645,0,-0.0230933083018388,-1,0,-1
47161,"Stewart","Tennessee",-0.0882926071456629,3.21986678325478,0,3.83791503327442,"2021-03-14",418,3.29583686600433,-0.0840110866023873,3.254118947601,3.24983742705771,0.00829716336429631,0,0.0010632888100732,1,0,1
47161,"Stewart","Tennessee",-0.093465728005675,3.09018920922902,0,3.74444930526875,"2021-03-15",419,3.31678003984957,-0.0876490645696121,3.13672251671752,3.13090585328147,-0.00517312086001211,0,-0.0036379779672248,-1,0,-1
47161,"Stewart","Tennessee",-0.0882406334443518,3.03852423771392,0,3.65620867182439,"2021-03-16",420,3.32708940950844,-0.0967917168315577,2.97011557061629,2.97866665400349,0.0052250945613232,0,-0.00914265226194559,1,0,-1
47161,"Stewart","Tennessee",-0.109057377539161,2.78374965151111,0,3.54715129428523,"2021-03-17",421,3.35240721749272,-0.112600140259175,2.75540754975099,2.758950312471,-0.0208167440948092,0,-0.0158084234276173,-1,0,-1
47161,"Stewart","Tennessee",-0.108566380551468,2.6786202498735,0,3.43858491373377,"2021-03-18",422,3.3770998300831,-0.108133804380804,2.6820808592388,2.68164828306814,0.000490996987693004,0,0.004466335878371,1,0,1
47161,"Stewart","Tennessee",-0.10129133405111,2.62825424132491,0,3.33729357968267,"2021-03-19",423,3.40119738166216,-0.104392537448974,2.60344461414198,2.60654581753985,0.007275046500358,0,0.00374126693183,1,0,1
47161,"Stewart","Tennessee",-0.0153455696746608,3.21452902228539,0,3.32194801000801,"2021-03-20",424,3.43398720448515,-0.0269980927535315,3.12130883765442,3.13296136073329,0.0859457643764492,0,0.0773944446954425,1,0,1
47161,"Stewart","Tennessee",-0.0261111440036828,3.11305885797855,0,3.29583686600433,"2021-03-21",425,3.46573590279973,-0.0354652648290953,3.03822589137525,3.04758001220066,-0.010765574329022,0,-0.0084671720755638,-1,0,-1
47161,"Stewart","Tennessee",0.0209431738452449,3.46338225676629,0.0209431738452444,3.46338225676628,"2021-03-22",426,3.47462485021697,0.0161811294027034,3.42528590122596,3.43004794566849,0.0470543178489277,0.0209431738452444,0.0516463942317987,1,1,1
47161,"Stewart","Tennessee",0.0103093696588607,3.39925499712046,0.0103093696588616,3.39925499712047,"2021-03-23",427,3.47903986842609,0.00634381235843782,3.36753053871707,3.3714960960175,-0.0106338041863842,-0.0106338041863828,-0.00983731704426558,-1,-1,-1
47161,"Stewart","Tennessee",0.0253178079842856,3.52963187338272,0.0253178079842895,3.52963187338275,"2021-03-24",428,3.47019025314911,0.023785228300004,3.51737123590847,3.51890381559275,0.0150084383254249,0.0150084383254279,0.0174414159415662,1,1,1
47161,"Stewart","Tennessee",0.0246926125903706,3.54994811821569,0.0246926125903708,3.54994811821569,"2021-03-25",429,3.46126162240481,0.0226023377297358,3.53322591933061,3.53531619419125,-0.000625195393915,-0.000625195393918698,-0.0011828905702682,-1,-1,-1
47161,"Stewart","Tennessee",0.024097551579063,3.5698802427156,0.02409755157906,3.56988024271558,"2021-03-26",430,3.45225255246244,0.0233527753502655,3.56392203288522,3.56466680911402,-0.000595061011307598,-0.0005950610113108,0.0007504376205297,-1,-1,1
47161,"Stewart","Tennessee",0.032789822822993,3.6635159642461,0.0327898228229908,3.66351596424608,"2021-03-27",431,3.43858491373377,0.0296407932071677,3.6383237273195,3.64147275693532,0.00869227124393,0.0086922712439308,0.0062880178569022,1,1,1
47161,"Stewart","Tennessee",0.0317486983145785,3.68797679100178,0.0317486983145803,3.68797679100179,"2021-03-28",432,3.4106761256167,0.0279258797881128,3.65739424279005,3.66121706131652,-0.0010411245084145,-0.0010411245084105,-0.0017149134190549,-1,-1,-1
47161,"Stewart","Tennessee",0.00888894741724785,3.53684748213771,0.00888894741724622,3.5368474821377,"2021-03-29",433,3.3770998300831,0.0108203971225175,3.55229907977987,3.55036763007459,-0.0228597508973307,-0.0228597508973341,-0.0171054826655953,-1,-1,-1
47161,"Stewart","Tennessee",0.00441501820911592,3.5099449958899,0.00441501820911583,3.5099449958899,"2021-03-30",434,3.3722098447889,0.00711903519516849,3.53157713177832,3.52887311479227,-0.00447392920813193,-0.00447392920813039,-0.00370136192734901,-1,-1,-1
47161,"Stewart","Tennessee",-0.00884961527698124,3.40824294621024,0,3.47019025314911,"2021-03-31",435,3.36235754834589,-0.0111700518204337,3.38967945386262,3.39199989040607,-0.0132646334860972,-0.00441501820911583,-0.0182890870156022,-1,-1,-1
47161,"Stewart","Tennessee",-0.0089286307443005,3.3987612071947,0,3.46126162240481,"2021-04-01",436,3.36729582998647,-0.0109992067596515,3.3821965990719,3.38426717508725,-7.90154673192597e-05,0,0.0001708450607822,-1,0,1
47161,"Stewart","Tennessee",-0.00900906994236513,3.38918906286588,0,3.45225255246244,"2021-04-02",437,3.36729582998647,-0.010098501837012,3.38047360770871,3.38156303960336,-8.04391980646305e-05,0,0.0009007049226395,-1,0,1
47161,"Stewart","Tennessee",-0.0136676387286671,3.3429114426331,0,3.43858491373377,"2021-04-03",438,3.3722098447889,-0.0126322524323024,3.35119453300402,3.35015914670765,-0.00465856878630197,0,-0.0025337505952904,-1,0,-1
47161,"Stewart","Tennessee",-0.0279087881170719,3.2153146087972,0,3.4106761256167,"2021-04-04",439,3.391627930646,-0.0263349291241112,3.22790548074088,3.22633162174792,-0.0142411493884048,0,-0.0137026766918088,-1,0,-1
47161,"Stewart","Tennessee",-0.0335762955336037,3.14206576134787,0,3.3770998300831,"2021-04-05",440,3.42936825862885,-0.0303442192615456,3.16792237152434,3.16469029525228,-0.0056675074165318,0,-0.0040092901374344,-1,0,-1
47161,"Stewart","Tennessee",-0.00488998529419424,3.33797994772954,0,3.3722098447889,"2021-04-06",441,3.42006586596654,-0.00894108776188514,3.30557112798802,3.3096222304557,0.0286863102394095,0,0.0214031314996605,1,0,1
47161,"Stewart","Tennessee",-0.00985229644300858,3.29339147324483,0,3.36235754834589,"2021-04-07",442,3.42006586596654,-0.00967048522127131,3.29484596301873,3.29466415179699,-0.00496231114881434,0,-0.000729397459386169,-1,0,-1
47161,"Stewart","Tennessee",0.00493828164058046,3.40186380147054,0.00493828164058119,3.40186380147054,"2021-04-08",443,3.4106761256167,0.00745688890816372,3.4220126596112,3.41949405234362,0.014790578083589,0.00493828164058119,0.017127374129435,1,1,1
47161,"Stewart","Tennessee",-6.28036983473505e-16,3.36729582998647,0,3.36729582998647,"2021-04-09",444,3.4106761256167,0.00592723324330013,3.41471369593287,3.40878646268957,-0.00493828164058109,-0.00493828164058119,-0.00152965566486359,-1,-1,-1
47161,"Stewart","Tennessee",0.00491401480242766,3.4066079484059,0.00491401480242759,3.40660794840589,"2021-04-10",445,3.40119738166216,0.00691695110077186,3.42263143879264,3.4206285024943,0.00491401480242829,0.00491401480242759,0.00098971785747173,1,1,1
47161,"Stewart","Tennessee",0.0194180858571008,3.52755453164571,0.0194180858571027,3.52755453164572,"2021-04-11",446,3.391627930646,0.0179528645979946,3.51583276157286,3.51729798283196,0.0145040710546731,0.0145040710546751,0.0110359134972227,1,1,1
47161,"Stewart","Tennessee",0.0377403279828494,3.6935505545088,0.0377403279828488,3.69355055450879,"2021-04-12",447,3.3770998300831,0.030731588494411,3.63748063860129,3.64448937808973,0.0183222421257486,0.0183222421257461,0.0127787238964164,1,1,1
47161,"Stewart","Tennessee",-0.00930239266231142,3.35494911733036,0,3.42006586596654,"2021-04-13",448,3.391627930646,-0.0113378242018532,3.33866566501402,3.34070109655357,-0.0470427206451608,-0.0377403279828488,-0.0420694126962642,-1,-1,-1
47161,"Stewart","Tennessee",0,3.42006586596654,0,3.42006586596654,"2021-04-14",449,3.40119738166216,-0.0139785262946054,3.3082376556097,3.3222161819043,0.00930239266231142,0,-0.0026407020927522,1,0,-1
47161,"Stewart","Tennessee",-0.00938974034984093,3.34494794316781,0,3.4106761256167,"2021-04-15",450,3.42006586596654,-0.0105327336625924,3.3358039966658,3.33694698997855,-0.00938974034984093,0,0.003445792632013,-1,0,1
47161,"Stewart","Tennessee",-6.28036983473555e-16,3.4106761256167,0,3.4106761256167,"2021-04-16",451,3.43398720448515,0.00483830016785968,3.44938252695958,3.44454422679172,0.0093897403498403,0,0.0153710338304521,1,0,1
47161,"Stewart","Tennessee",-0.00947874395454594,3.33484617398033,0,3.40119738166216,"2021-04-17",452,3.44316158076119,-0.011227901301653,3.32085291520348,3.32260207255059,-0.00947874395454531,0,-0.0160662014695127,-1,0,-1
47161,"Stewart","Tennessee",-0.00956945101614922,3.32464177353296,0,3.391627930646,"2021-04-18",453,3.45225255246244,-0.0108784285346579,3.3141699533849,3.31547893090339,-9.07070616032804e-05,0,0.000349472766995099,-1,0,1
47161,"Stewart","Tennessee",-0.0145281005629074,3.27540312614274,0,3.3770998300831,"2021-04-19",454,3.47903986842609,-0.0150733034507085,3.27104150304033,3.27158670592814,-0.00495864954675818,0,-0.0041948749160506,-1,0,-1
47161,"Stewart","Tennessee",0.0145281005629086,3.49332463458636,0.014528100562909,3.49332463458637,"2021-04-20",455,3.48343547989913,0.0158731665421384,3.50408516242021,3.50274009644097,0.029056201125816,0.014528100562909,0.0309464699928469,1,1,1
47161,"Stewart","Tennessee",0.00956945101615096,3.46818353877521,0.00956945101615103,3.46818353877521,"2021-04-21",456,3.48343547989913,0.0103798395862241,3.47466664733579,3.47385625876573,-0.00495864954675764,-0.00495864954675797,-0.0054933269559143,-1,-1,-1
47161,"Stewart","Tennessee",0.0188684843043849,3.55214525609723,0.0188684843043836,3.55214525609722,"2021-04-22",457,3.48781185449893,0.0170522353787504,3.53761526469216,3.53943151361779,0.00929903328823394,0.00929903328823257,0.0066723957925263,1,1,1
47161,"Stewart","Tennessee",0.0139213385186047,3.53143657411538,0.0139213385186072,3.5314365741154,"2021-04-23",458,3.47462485021697,0.0149639034006256,3.53977709317155,3.53873452828953,-0.0049471457857802,-0.0049471457857764,-0.0020883319781248,-1,-1,-1
47161,"Stewart","Tennessee",0.00917437627604097,3.50738221469347,0.00917437627604167,3.50738221469348,"2021-04-24",459,3.47462485021697,0.00972416022935027,3.51178048631995,3.51123070236664,-0.00474696224256373,-0.00474696224256553,-0.00523974317127533,-1,-1,-1
47161,"Stewart","Tennessee",0.00909097170125253,3.51588935437121,0.00909097170125239,3.51588935437121,"2021-04-25",460,3.47462485021697,0.0115915063566267,3.5358936316142,3.53339309695883,-8.34045747884395e-05,-8.34045747892809e-05,0.00186734612727643,-1,-1,1
47161,"Stewart","Tennessee",0.0267873159636489,3.66655108017163,0.0267873159636483,3.66655108017163,"2021-04-26",461,3.44771739729705,0.0251349619200815,3.65333224782309,3.65498460186666,0.0176963442623964,0.0176963442623959,0.0135434555634548,1,1,1
47161,"Stewart","Tennessee",0.00439561147303924,3.5142047602104,0.00439561147303991,3.51420476021041,"2021-04-27",462,3.42472787907235,0.00701056141838865,3.5351243597732,3.53250940982785,-0.0223917044906097,-0.0223917044906084,-0.0181244005016929,-1,-1,-1
47161,"Stewart","Tennessee",-6.28036983473505e-16,3.48343547989912,0,3.48343547989913,"2021-04-28",463,3.41538201665411,0.00536933301100585,3.52639014398718,3.52102081097617,-0.00439561147303987,-0.00439561147303991,-0.0016412284073828,-1,-1,-1
47161,"Stewart","Tennessee",0.00437637459979663,3.5184464766975,0.00437637459979756,3.51844647669751,"2021-04-29",464,3.391627930646,0.00826006597989297,3.54951600773827,3.54563231635818,0.00437637459979726,0.00437637459979756,0.00289073296888712,1,1,1
47161,"Stewart","Tennessee",-0.013187004281951,3.38231582024332,0,3.47462485021697,"2021-04-30",465,3.36729582998647,-0.0160915036284323,3.35907982547147,3.36198432481794,-0.0175633788817476,-0.00437637459979756,-0.0243515696083253,-1,-1,-1
47161,"Stewart","Tennessee",0,3.47462485021697,0,3.47462485021697,"2021-05-01",466,3.33729357968267,-0.0104389391737204,3.39111333682721,3.40155227600093,0.013187004281951,0,0.0056525644547119,1,0,1
47161,"Stewart","Tennessee",0,3.47462485021697,0,3.47462485021697,"2021-05-02",467,3.30636327899132,-0.00665676151560119,3.42137075809216,3.42802751960776,0,0,0.00378217765811921,0,0,1
47161,"Stewart","Tennessee",-0.0269074529199216,3.2593652268576,0,3.44771739729705,"2021-05-03",468,3.29053181377464,-0.0226702042453568,3.29326321625412,3.28902596757955,-0.0269074529199216,0,-0.0160134427297556,-1,0,-1
47161,"Stewart","Tennessee",-0.0229895182246956,3.26380125149948,0,3.42472787907235,"2021-05-04",469,3.27444567602301,-0.0214942599271579,3.27576331787979,3.27426805958224,0.003917934695226,0,0.0011759443181989,1,0,1
47161,"Stewart","Tennessee",-0.00934586241823904,3.34996097972644,0,3.41538201665411,"2021-05-05",470,3.2470467018349,-0.0117122010729752,3.33103027048855,3.33339660914328,0.0136436558064566,0,0.0097820588541827,1,0,1
47161,"Stewart","Tennessee",-0.0237540860081032,3.22534932858928,0,3.391627930646,"2021-05-06",471,3.23023958351852,-0.0220555361693002,3.23893772729971,3.2372391774609,-0.0144082235898642,0,-0.010343335096325,-1,0,-1
47161,"Stewart","Tennessee",-0.0243321006595329,3.19697112536974,0,3.36729582998647,"2021-05-07",472,3.23023958351852,-0.0238097518218788,3.20114991607097,3.20062756723332,-0.0005780146514297,0,-0.0017542156525786,-1,0,-1
47161,"Stewart","Tennessee",-0.0300022503037964,3.1272778275561,0,3.33729357968267,"2021-05-08",473,3.23587340123677,-0.0294661604757342,3.1315665461806,3.13103045635253,-0.0056701496442635,0,-0.0056564086538554,-1,0,-1
47161,"Stewart","Tennessee",-0.0309303006913536,3.08985117415184,0,3.30636327899132,"2021-05-09",474,3.24147565678544,-0.0292567008348598,3.10323997300379,3.1015663731473,-0.000928050387557201,0,0.000209459640874401,-1,0,1
47161,"Stewart","Tennessee",-0.0158314652166816,3.17971155725787,0,3.29053181377464,"2021-05-10",475,3.2188758248682,-0.0197306057689426,3.14851843283978,3.15241757339204,0.015098835474672,0,0.0095260950659172,1,0,1
47161,"Stewart","Tennessee",-0.0160861377516263,3.16184271176163,0,3.27444567602301,"2021-05-11",476,3.17208366336144,-0.0202230709761382,3.12874724596553,3.13288417919004,-0.000254672534944701,0,-0.000492465207195602,-1,0,-1
47161,"Stewart","Tennessee",-0.0273989741881191,3.05525388251806,0,3.2470467018349,"2021-05-12",477,3.14168618617707,-0.027738738522955,3.05253576783937,3.05287553217421,-0.0113128364364928,0,-0.0075156675468168,-1,0,-1
47161,"Stewart","Tennessee",-0.0168071183163814,3.11258975530385,0,3.23023958351852,"2021-05-13",478,3.09104245335832,-0.0200462682476426,3.08667655585376,3.08991570578502,0.0105918558717377,0,0.0076924702753124,1,0,1
47161,"Stewart","Tennessee",6.28036983473454e-16,3.23023958351852,0,3.23023958351852,"2021-05-14",479,3.03769647265303,0.00309817346395856,3.25502497123019,3.25192679776623,0.016807118316382,0,0.0231444417116012,1,0,1
47161,"Stewart","Tennessee",-0.0506437328187562,2.73653632362702,0,3.09104245335832,"2021-05-20",485,3.05803615689015,-0.044489407100099,2.78577092937628,2.77961660365763,-0.0506437328187568,0,-0.0475875805640576,-1,0,-1
47161,"Stewart","Tennessee",-0.0533459807052953,2.66427460771596,0,3.03769647265303,"2021-05-21",486,3.12926366617852,-0.0492491720670466,2.69704907682195,2.6929522681837,-0.0027022478865391,0,-0.0047597649669476,-1,0,-1
47161,"Stewart","Tennessee",0.0712275092883736,3.62785623119713,0.0712275092883687,3.6278562311971,"2021-05-28",493,3.47903986842609,0.0454319634386723,3.42149186439953,3.44728741024923,0.124573489993669,0.0712275092883687,0.0946811355057189,1,1,1
47161,"Stewart","Tennessee",0.0723206615796197,3.70782895881548,0.0723206615796257,3.70782895881552,"2021-05-29",494,3.48781185449893,0.0450385427170818,3.48957200791517,3.51685412677771,0.0010931522912461,0.001093152291257,-0.000393420721590501,1,1,-1
47161,"Stewart","Tennessee",0.0674412807955255,3.74111457412235,0.0674412807955318,3.7411145741224,"2021-05-30",495,3.49650756146648,0.0447279799614185,3.55940816744949,3.5821214682836,-0.00487938078409419,-0.0048793807840939,-0.000310562755663296,-1,-1,-1
47161,"Stewart","Tennessee",0.0783690671155164,3.89597814547779,0.0783690671155051,3.89597814547771,"2021-05-31",496,3.47462485021697,0.0420771433496649,3.60564275535099,3.64193467911683,0.0109277863199909,0.0109277863199733,-0.0026508366117536,1,1,-1
47161,"Stewart","Tennessee",0.053802705992978,3.777816323613,0.0538027059929775,3.777816323613,"2021-06-01",497,3.47019025314911,0.0443771056228684,3.70241152065213,3.71183712102224,-0.0245663611225384,-0.0245663611225276,0.0022999622732035,-1,-1,1
47161,"Stewart","Tennessee",0.0373875320716247,3.70029763823515,0.037387532071619,3.70029763823511,"2021-06-02",498,3.44771739729705,0.0290402192201684,3.63351913542351,3.64186644827495,-0.0164151739213533,-0.0164151739213585,-0.0153368864027,-1,-1,-1
47161,"Stewart","Tennessee",0.0226767086710331,3.61999858310204,0.0226767086710322,3.61999858310203,"2021-06-03",499,3.43858491373377,0.0222173050495494,3.61632335413017,3.61678275775166,-0.0147108234005916,-0.0147108234005868,-0.006822914170619,-1,-1,-1
47161,"Stewart","Tennessee",0.0177782460212846,3.60348759057508,0.0177782460212819,3.60348759057506,"2021-06-04",500,3.43398720448515,0.0154735560010409,3.58505007041314,3.58735476043338,-0.0048984626497485,-0.0048984626497503,-0.0067437490485085,-1,-1,-1
47161,"Stewart","Tennessee",0.00877198607283641,3.54921575700878,0.00877198607283747,3.54921575700879,"2021-06-05",501,3.42472787907235,0.00874283560381346,3.5489825532566,3.54901170372562,-0.00900625994844819,-0.00900625994844443,-0.00673072039722744,-1,-1,-1
47161,"Stewart","Tennessee",0.0086957069675542,3.55737751023936,0.00869570696755417,3.55737751023936,"2021-06-06",502,3.41538201665411,0.0101200606626497,3.56877233980013,3.56734798610503,-7.62791052822103e-05,-7.62791052832997e-05,0.00137722505883624,-1,-1,1
47161,"Stewart","Tennessee",-0.0218827112495076,3.32144587147042,0,3.47462485021697,"2021-06-07",503,3.40594798442075,-0.0240808732462059,3.30386057549683,3.30605873749353,-0.0305784182170618,-0.00869570696755417,-0.0342009339088556,-1,-1,-1
47161,"Stewart","Tennessee",-0.00443459706786729,3.43914807367403,0,3.47019025314911,"2021-06-08",504,3.3770998300831,-0.00922256342934042,3.40084434278225,3.40563230914373,0.0174481141816403,0,0.0148583098168655,1,0,1
47161,"Stewart","Tennessee",-0.0224728558520553,3.29040740633266,0,3.44771739729705,"2021-06-09",505,3.33729357968267,-0.0254976387929614,3.26620914280542,3.26923392574632,-0.018038258784188,0,-0.016275075363621,-1,0,-1
47161,"Stewart","Tennessee",-0.00913248356327397,3.37465752879086,0,3.43858491373377,"2021-06-10",506,3.26357600378611,-0.0154458257605485,3.32415079121266,3.33046413340993,0.0133403722887813,0,0.0100518130324129,1,0,1
47161,"Stewart","Tennessee",-0.00459770924862712,3.40180323974476,0,3.43398720448515,"2021-06-11",507,3.20738144544246,-0.013129531706672,3.33354866008039,3.34208048253845,0.00453477431464685,0,0.0023162940538765,1,0,1
47161,"Stewart","Tennessee",-0.00925932541279557,3.35991260118278,0,3.42472787907235,"2021-06-12",508,3.16003532484527,-0.016340018491051,3.30326705655674,3.31034774963499,-0.00466161616416845,0,-0.003210486784379,-1,0,-1
47161,"Stewart","Tennessee",-0.00934586241823753,3.34996097972645,0,3.41538201665411,"2021-06-13",509,3.11033565629299,-0.0148098220127206,3.30624930297059,3.31171326256507,-8.65370054419588e-05,0,0.0015301964783304,-1,0,1
47161,"Stewart","Tennessee",-0.00943403223335735,3.33990975878725,0,3.40594798442075,"2021-06-14",510,3.05803615689015,-0.0151927483545642,3.2938400298176,3.2995987459388,-8.81698151198197e-05,0,-0.000382926341843601,-1,0,-1
