date_query,Chosen_by_mae_MAE,Chosen_by_mae_RMSE,Chosen_by_rmse_MAE,Chosen_by_rmse_RMSE
2020-02-04,4.973799150320701e-14,4.973799150320701e-14,4.973799150320701e-14,4.973799150320701e-14
2020-02-05,0.0704516609506115,0.0704516609506115,0.0704516609506115,0.0704516609506115
2020-02-06,0.1462455003201451,0.1462455003201451,0.1462455003201451,0.1462455003201451
2020-02-07,0.07608621732702663,0.13178519416608014,0.07608621732702663,0.13178519416608014
2020-02-08,0.09119557814801713,0.16054435526934163,0.09119557814801713,0.16054435526934163
2020-02-09,0.11657337880568497,0.1934619079794173,0.11657337880568497,0.1934619079794173
2020-02-10,0.19209240540631983,0.25635078515615356,0.19209240540631983,0.25635078515615356
2020-02-11,0.27422488770260023,0.3330217075208586,0.27422488770260023,0.3330217075208586
2020-02-12,0.31586453191999936,0.3372958396229541,0.31586453191999936,0.3372958396229541
2020-02-13,0.36209930329062934,0.3658802263454346,0.36209930329062934,0.3658802263454346
2020-02-14,0.2660641331886607,0.34096092364897035,0.2660641331886607,0.34096092364897035
2020-02-15,0.29932234187395057,0.39128429800587744,0.29932234187395057,0.39128429800587744
2020-02-16,0.3161461170770841,0.415737060380203,0.3161461170770841,0.415737060380203
2020-02-17,0.3198307373030158,0.37388500240378125,0.3198307373030158,0.37388500240378125
2020-02-18,0.33637103000796537,0.3583216932322709,0.33637103000796537,0.3583216932322709
2020-02-19,0.33515258132282977,0.3561768913952387,0.33515258132282977,0.3561768913952387
2020-02-20,0.25318499720665,0.329482321722073,0.25318499720665,0.329482321722073
2020-02-21,0.25945750758893166,0.33790946476773015,0.25945750758893166,0.33790946476773015
2020-02-22,0.29807020925091127,0.34770443803653206,0.29851499029054185,0.3484079599913316
2020-02-23,0.33225145984716403,0.35017445351406723,0.33225145984716403,0.35017445351406723
2020-02-24,0.3541744625507544,0.4365398997842943,0.42042369167709737,0.505402046568619
2020-02-25,0.4228010872832355,0.5405608356438295,0.4974321250740336,0.5991734651757462
2020-02-26,0.589003851110371,0.7353886762542228,0.6700324954419106,0.791000035738545
2020-02-27,0.8004804888367868,1.0896459001437229,0.8004804888367868,1.0896459001437229
2020-02-28,0.8777619674903866,1.159853543883495,0.9775542507454025,1.2474641442106136
2020-02-29,1.1056935650784103,1.3519591147582735,1.1056935650784103,1.3519591147582735
2020-03-01,1.2488771092746693,1.462537046007017,1.2488771092746693,1.462537046007017
2020-03-02,1.2578345697023774,1.4502239417371525,1.2578345697023774,1.4502239417371525
2020-03-03,1.1093942509262953,1.4086017992529618,1.223984822967431,1.4582089586604239
2020-03-04,1.0137211071124805,1.3124353987094421,1.0926866644671935,1.3544566686939226
2020-03-05,0.8106743393279218,1.1447629837430966,0.8057147101519575,1.139993934932273
2020-03-06,0.6584868366390718,0.9702152172014735,0.7172921370865016,1.0160359379082473
2020-03-07,0.6848784632683632,0.9618380905647671,0.6848784632683632,0.9618380905647671
2020-03-08,0.6903339719572881,1.009973610608328,0.6903339719572881,1.009973610608328
2020-03-09,0.5940454891919118,0.9615618729848141,0.5428238253188792,0.8229410853795512
2020-03-10,0.6212241543013178,0.8939596411771146,0.6217055879828496,0.9172498011240781
2020-03-11,0.5335953266646543,0.7559153724613361,0.5355966960012118,0.7558487118265647
2020-03-12,0.5149588559006191,0.632993275188774,0.5390737277846203,0.6805520503103596
2020-03-13,0.4974787695898047,0.6324981905512432,0.49847038151090384,0.6283633453761379
2020-03-14,0.44012898287634045,0.5779625939403605,0.4421022071765034,0.5784192140432168
2020-03-15,0.5396992309237983,0.7773906785414162,0.5011498422074306,0.677235098179981
2020-03-16,0.46814690838883805,0.6444441549115292,0.46170350925176235,0.641281658621399
2020-03-17,0.5545642421814886,0.705770737269702,0.5473616287916092,0.704922183037903
2020-03-18,0.5249237064537567,0.6803597023018508,0.5249237064537567,0.6803597023018508
2020-03-19,0.5330832766195949,0.6951206061717922,0.5330832766195949,0.6951206061717922
2020-03-20,0.49127302326724326,0.6356224498622237,0.49127302326724326,0.6356224498622237
2020-03-21,0.4765248802952515,0.6055812336789232,0.4765248802952515,0.6055812336789232
2020-03-22,0.46823382447360906,0.6086926682206812,0.4748883398471078,0.6151099168205756
2020-03-23,0.4768963633447763,0.6244477557378828,0.4768963633447763,0.6244477557378828
2020-03-24,0.4489340875696758,0.6067508033688584,0.4489340875696758,0.6067508033688584
2020-03-25,0.4532244199082381,0.5981632991492075,0.45097457590211304,0.5969340227980198
2020-03-26,0.4130695619251138,0.5386172274896454,0.45285896868041675,0.5784460532667363
2020-03-27,0.4363441818144305,0.549733578383349,0.45863347309549257,0.5751826752624418
2020-03-28,0.4192144119494697,0.5182523562119823,0.42576638196195415,0.5274154426671999
2020-03-29,0.4170076194032715,0.5266133429325673,0.4215202211533913,0.528108187416706
2020-03-30,0.4047015097246199,0.5082981928012632,0.41692379959386033,0.5231015337079593
2020-03-31,0.4084367823849596,0.5109883014853596,0.4210939100608158,0.5215383049396632
2020-04-01,0.4035908784880908,0.495369130544004,0.41579116364301394,0.5089608743928232
2020-04-02,0.4058992312177111,0.4996447259803194,0.4172712979100848,0.5100017349299433
2020-04-03,0.4233134926400707,0.5192772269842248,0.4381987881366268,0.5312212334783482
2020-04-04,0.4239360106310863,0.5183560247427116,0.44292718142610127,0.5374575187841201
2020-04-05,0.42548086612234837,0.5225449287630445,0.4420600503428656,0.5396895513866703
2020-04-06,0.4317912015316471,0.5264712128484325,0.44354245125885533,0.5392118518127176
2020-04-07,0.4426359153370679,0.5380276020434229,0.4543602652632307,0.5481579309662435
2020-04-08,0.44443957048977756,0.536217486680432,0.4576328937810504,0.5465595588439954
2020-04-09,0.44013770462872415,0.5300574719257396,0.4428470530115258,0.5314481067136453
2020-04-10,0.4363530906567296,0.5261482027546087,0.4391542165502226,0.5274995277496597
2020-04-11,0.431182789816451,0.5199159776827215,0.4341499766510264,0.5213332110418079
2020-04-12,0.432251622288521,0.5178755122343482,0.43294006569220367,0.5183384018959084
2020-04-13,0.4296864102745936,0.5137999996245477,0.4303589288797423,0.514144891948964
2020-04-14,0.3997579511520926,0.48309092567867346,0.42479765535549124,0.5033346712990749
2020-04-15,0.39475401178584824,0.472370098163602,0.4196545714612082,0.49304748750041
2020-04-16,0.38467000253571915,0.46121939390588024,0.4103020288301182,0.48278271887856994
2020-04-17,0.3742205983975946,0.44870078056131224,0.4033796144114259,0.4718636959593226
2020-04-18,0.3640031041964304,0.4403298356283308,0.39005486376271487,0.46119301186646056
2020-04-19,0.35800830536325434,0.43840584471265104,0.38055632819920926,0.4564388131192346
2020-04-20,0.3507188595208076,0.4439370141279666,0.3739530565650159,0.46151635657499196
2020-04-21,0.28620052329985163,0.393304581627908,0.36608278943531136,0.46178205768665254
2020-04-22,0.27867715579026425,0.39461542209189565,0.3498597899480936,0.449813173480571
2020-04-23,0.27480088239699807,0.391599896384953,0.3400013447665038,0.44492931581332573
2020-04-24,0.27579579003608623,0.4056491791615151,0.3324233991223425,0.438622077288066
2020-04-25,0.26893828756927207,0.38944551939858535,0.32593105455477256,0.4406161370985392
2020-04-26,0.24696025596227586,0.36929467620629847,0.3259150477918053,0.4399680353261046
2020-04-27,0.26036332678951896,0.396547643371038,0.3276933263903985,0.44167394952848593
2020-04-28,0.26377854475097673,0.39049281147559645,0.32881221030373714,0.4542081944680942
2020-04-29,0.25404736089612834,0.3753498450284139,0.3285354008066541,0.45992488655276365
2020-04-30,0.258303784461155,0.3878669597059182,0.29356285139854177,0.4368411911670232
2020-05-01,0.25345679237170077,0.39728307451915573,0.2898572538967733,0.44733256229204993
2020-05-02,0.24865371571180966,0.3848461022512797,0.28492831784744166,0.43305045078576526
2020-05-03,0.2559338539933238,0.448885220083242,0.2865492251735468,0.4755006013141244
2020-05-04,0.2592917031686255,0.4158032922453925,0.29059427348474165,0.4504744230649563
2020-05-05,0.263539115642377,0.42183295259031783,0.2913244048971049,0.452359319396554
2020-05-06,0.2609877060970029,0.4059558884764281,0.2897588192373426,0.44131909264940683
2020-05-07,0.25921391066511185,0.39570628905059746,0.2868634279662604,0.42845891729717106
2020-05-08,0.2576060861300198,0.43816264499118757,0.2850815652621833,0.46560006701054485
2020-05-09,0.2459609608447604,0.3811047036129727,0.27372431459023966,0.4085978151047482
2020-05-10,0.24816646679121693,0.3817407037138566,0.27447799827849106,0.40878468728693407
2020-05-11,0.2589476897068775,0.42474928240430715,0.2589476897068775,0.42474928240430715
2020-05-12,0.25723578095256444,0.4388288934426873,0.25723578095256444,0.4388288934426873
2020-05-13,0.2614034215301309,0.4285748835025324,0.2614034215301309,0.4285748835025324
2020-05-14,0.2562909769406342,0.4540112038446314,0.2562909769406342,0.4540112038446314
2020-05-15,0.25386431051489416,0.45932885407445395,0.25386431051489416,0.45932885407445395
2020-05-16,0.24492226470584044,0.4013560867210964,0.24492226470584044,0.4013560867210964
2020-05-17,0.2498676966044422,0.4395792055070115,0.2498676966044422,0.4395792055070115
2020-05-18,0.2529631681016978,0.3933258430033517,0.2529631681016978,0.3933258430033517
2020-05-19,0.258160951197038,0.4045493571324547,0.258160951197038,0.4045493571324547
2020-05-20,0.2577774530129259,0.41810158243851747,0.2577774530129259,0.41810158243851747
2020-05-21,0.24884332672091186,0.42049637467056583,0.24884332672091186,0.42049637467056583
2020-05-22,0.24706986145551782,0.4279499395594609,0.24706986145551782,0.4279499395594609
2020-05-23,0.24363161151788076,0.37885104400039266,0.24363161151788076,0.37885104400039266
2020-05-24,0.24474903090551928,0.3832857214478767,0.24474903090551928,0.3832857214478767
2020-05-25,0.25204864169097385,0.39960985941687166,0.25204864169097385,0.39960985941687166
2020-05-26,0.26779621544999516,0.4568508164993239,0.26779621544999516,0.4568508164993239
2020-05-27,0.264853141484679,0.42630980327389917,0.264853141484679,0.42630980327389917
2020-05-28,0.270965054881121,0.4737561123322653,0.270965054881121,0.4737561123322653
2020-05-29,0.2663128754563731,0.50022976481588,0.2663128754563731,0.50022976481588
2020-05-30,0.2517638117105958,0.43717978433944144,0.2517638117105958,0.43717978433944144
2020-05-31,0.24678564080579063,0.3900416497289499,0.24678564080579063,0.3900416497289499
2020-06-01,0.257201226177113,0.41728978031054503,0.257201226177113,0.41728978031054503
2020-06-02,0.26754405923776825,0.4662464009536851,0.2681977211145744,0.46642132011592524
2020-06-03,0.26547466364597777,0.4586789990084047,0.26621016937201036,0.45771392930224414
2020-06-04,0.2628281367308478,0.47417626163156934,0.2630080455588209,0.4647207951974131
2020-06-05,0.25273038193723085,0.436861786848342,0.25430113172408003,0.4435238345914675
2020-06-06,0.24501427469189688,0.3915421487772258,0.2447453211210636,0.3851846904410677
2020-06-07,0.24446195469380874,0.39723115334422204,0.24519793858948047,0.39990135505272845
2020-06-08,0.2646183532737222,0.56843076285338,0.2656010141432052,0.5695356995596779
2020-06-09,0.265289946483554,0.4414501248584713,0.2655225551602412,0.4409176966027262
2020-06-10,0.2715721225942714,0.46686311028934907,0.2719642677127873,0.4675253516135015
2020-06-11,0.25979946990555997,0.42869388816049697,0.2609215051425092,0.43048916085776257
2020-06-12,0.25387606429298876,0.47502248315898693,0.25488401463817667,0.4764573722201675
2020-06-13,0.2446626388391765,0.4053780406087771,0.24478779307933005,0.40622524854099384
2020-06-14,0.25514073485252986,0.4349122526283913,0.2554539706299923,0.43281853599943443
2020-06-15,0.27885860776612226,0.5360248371081441,0.27837527531753065,0.5246434670577499
2020-06-16,0.2895493845729833,0.5889487808482549,0.28842934071318327,0.560518358835592
2020-06-17,0.28520660284785626,0.5933967535480938,0.28614332693096045,0.592661645862129
2020-06-18,0.2765669366341946,0.49246379227735926,0.2792780003769177,0.5022485957295065
2020-06-19,0.26134564159609525,0.4339684494229961,0.26102192922355805,0.4305055579414686
2020-06-20,0.26034418651665797,0.4412679570197518,0.2602277957860498,0.44011311101602174
2020-06-21,0.2753794084868836,0.48167519301908635,0.27448121657604535,0.4740976985478706
2020-06-22,0.27648596648171,0.4562129148183707,0.2785590080890635,0.4621287534122841
2020-06-23,0.2731237917005044,0.4342413593750157,0.2758296525273828,0.4428307785666934
2020-06-24,0.2730245529909011,0.48755232692694445,0.2754396719282892,0.49322113261566014
2020-06-25,0.2685413207176503,0.427985214634791,0.2704831255638299,0.4303087620661293
2020-06-26,0.25744357618984914,0.41244205423083236,0.25879557630724437,0.41409826051195353
2020-06-27,0.25538652917241683,0.4387512164169451,0.25564177273542255,0.4392355450032562
2020-06-28,0.2608743332886014,0.4256167877007234,0.2614250671896807,0.4260603616186304
2020-06-29,0.27131461122710554,0.5089071618562758,0.27255559453739475,0.5100499280597316
2020-06-30,0.24747111533750135,0.40422116012368636,0.2488213129529138,0.4047906110928076
2020-07-01,0.24442476470378513,0.38213535245320923,0.2445891642543129,0.38270680156539855
2020-07-02,0.24087336694690042,0.3805628007560098,0.24193793437018699,0.38158123381872466
2020-07-03,0.2311345341322327,0.36185664927693834,0.23165119741543513,0.36290474647366533
2020-07-04,0.2226465994533411,0.35442932376250075,0.22351711572623315,0.355511908375864
2020-07-05,0.225848108823651,0.38881046486002785,0.2265492731071205,0.3898681162515823
2020-07-06,0.22898268544991446,0.3712054967980752,0.2300415581349533,0.37259029752263356
2020-07-07,0.22878257943890742,0.37263633250694633,0.2296324964330147,0.37353165547581385
2020-07-08,0.22854562160432004,0.3943023688478185,0.22853065642914394,0.39460726827883696
2020-07-09,0.2244539460753705,0.42500280864443324,0.22503175926428093,0.42573502312555667
2020-07-10,0.2153638185022909,0.3492896296997958,0.2153638185022909,0.3492896296997958
2020-07-11,0.20903427331775887,0.33985349292952605,0.20903427331775887,0.33985349292952605
2020-07-12,0.20966711975175756,0.3253897553174364,0.20966711975175756,0.3253897553174364
2020-07-13,0.21371565535353748,0.3219466631183687,0.21371565535353748,0.3219466631183687
2020-07-14,0.21504700520967912,0.3536603952098682,0.21504700520967912,0.3536603952098682
2020-07-15,0.21079036867512324,0.3580886657252987,0.21079036867512324,0.3580886657252987
2020-07-16,0.20278788538075188,0.34234212501181094,0.20278788538075188,0.34234212501181094
2020-07-17,0.19395840228397004,0.29568106559229884,0.19395840228397004,0.29568106559229884
2020-07-18,0.18380999392072928,0.281775706967228,0.18380999392072928,0.281775706967228
2020-07-19,0.184073072409678,0.29340763643885354,0.184073072409678,0.29340763643885354
2020-07-20,0.19369679948646293,0.37812685188553,0.19369679948646293,0.37812685188553
2020-07-21,0.18819925473195212,0.3147658550914516,0.18819925473195212,0.3147658550914516
2020-07-22,0.18009635652244316,0.28087534756717936,0.18001579256700478,0.27958328140896216
2020-07-23,0.17495116376376932,0.2869315462608104,0.1750131338182415,0.2837368383006432
2020-07-24,0.16906615560868207,0.29391296447686943,0.17137182320668654,0.30049832911993546
2020-07-25,0.16188211720907453,0.24700480025815083,0.16224563902691214,0.24693487329673564
2020-07-26,0.16404289273092534,0.24536148327636956,0.165408052493284,0.24710278696677695
2020-07-27,0.171204451314113,0.2664520965342135,0.1718786990264884,0.2664875883332462
2020-07-28,0.18015435282142847,0.3142457163331664,0.18080484693685606,0.314719416961483
2020-07-29,0.17553891417089118,0.28314096887830487,0.17516455405434728,0.2828341788540694
2020-07-30,0.17715164118172697,0.40697197160034926,0.17751106144767334,0.40707816936024765
2020-07-31,0.1700676959724467,0.2604940826840324,0.17039295856643644,0.26171088865347075
2020-08-01,0.16027465695099108,0.24297181009588284,0.1613135924388596,0.24428742252676944
2020-08-02,0.16071234520521116,0.24130735288989819,0.16155051657266778,0.2412849394237032
2020-08-03,0.1674909220286793,0.2843533343439862,0.1682850467185239,0.2838055700521714
2020-08-04,0.1647174565640509,0.25687894988693794,0.16577670555203133,0.2595380210199392
2020-08-05,0.16701048483226116,0.2694339886588315,0.16728115672099217,0.26652195066011025
2020-08-06,0.16806253553121336,0.31105560896764656,0.1683322950591102,0.29806669781593154
2020-08-07,0.16501291212754018,0.2977776100525651,0.16606836290208385,0.312915251900552
2020-08-08,0.16409440358814156,0.3044213059511973,0.16345885680229472,0.27889137779184836
2020-08-09,0.16533085758364938,0.27454829900868233,0.1674352606048335,0.28842872391401136
2020-08-10,0.16847724956240903,0.2787215835932429,0.16931338369560325,0.28166905315392887
2020-08-11,0.17506266958713285,0.32213933426492164,0.1762075850773397,0.3231935103247146
2020-08-12,0.1732607004349688,0.27738893965271655,0.17390454306811517,0.27693079699939227
2020-08-13,0.1748147167473761,0.2896137879479226,0.1753349714220032,0.29072044962105353
2020-08-14,0.17196369716475068,0.3353655279208589,0.17274634939997227,0.33613433371221474
2020-08-15,0.17163920697555013,0.3466262165838885,0.172914881356485,0.34723780264614895
2020-08-16,0.16724346432311046,0.28241181587267766,0.16905778993675855,0.28531426894234707
2020-08-17,0.1740349338935379,0.29587632371590494,0.17494733656120218,0.29716819767910774
2020-08-18,0.17718371618572626,0.30257023031329067,0.17740393873875257,0.30297294302910577
2020-08-19,0.17078652358351612,0.2663931937121583,0.17125099132260557,0.26661360323470185
2020-08-20,0.16996632011652518,0.26601967837127966,0.17038313329155352,0.266143329346837
2020-08-21,0.16951535532000547,0.26739187865352043,0.1696114405647793,0.26538447104605306
2020-08-22,0.166522353964167,0.27765385265068443,0.16708510533924642,0.2786417922475996
2020-08-23,0.17288887133420283,0.3006966972909004,0.1740748329580284,0.303835827585377
2020-08-24,0.18117854975907965,0.3388698696027377,0.1819211119483794,0.3407687538840478
2020-08-25,0.18943969824346843,0.36834749385807386,0.1907593281764185,0.36992601426365246
2020-08-26,0.184431982972112,0.32919545645053894,0.1846125551137942,0.32857174975520037
2020-08-27,0.1786582955604387,0.2847046639199235,0.179944897841475,0.28679411106276087
2020-08-28,0.1814402395395906,0.3044076502648248,0.18169567611855517,0.30521961143566423
2020-08-29,0.17673932828283334,0.2889095684271657,0.17727837892829323,0.2896036501429938
2020-08-30,0.18574029684898827,0.3099193608130987,0.18652266727875116,0.3113916952775021
2020-08-31,0.20046355773138694,0.3941887391722572,0.20070426494679774,0.39409947464768613
2020-09-01,0.2030339468027275,0.4242759186899123,0.20364097349362578,0.4250869213587487
2020-09-02,0.19742833728338785,0.34636762193325743,0.19847739018068267,0.3473429066191289
2020-09-03,0.18479468699335017,0.30348022825138804,0.18645883089835802,0.30571142097673637
2020-09-04,0.18601065986773285,0.3737385867358912,0.18556160274894404,0.3728630958202443
2020-09-05,0.17232031050378915,0.2981015122147015,0.17334146488538837,0.2989897187123537
2020-09-06,0.17770760179020453,0.32771250103063676,0.17859098883950097,0.3293023336623266
2020-09-07,0.1826516770930346,0.2993631733551898,0.1827548713722963,0.29761323484323915
2020-09-08,0.1927954874859657,0.3315471271108785,0.19395138292978792,0.333552070783248
2020-09-09,0.19288738694661095,0.41526131233225977,0.1945899807525721,0.41652812283035945
2020-09-10,0.18704376935131617,0.3462363149553271,0.1877311391691859,0.3463927706402275
2020-09-11,0.1804315454601283,0.35534934810466023,0.18173384269398965,0.35734350744841026
2020-09-12,0.17898723853969695,0.5120845631930199,0.1797186067290075,0.5123721710953175
2020-09-13,0.17469031143048738,0.3539185511074071,0.17520406544260536,0.3546502926503647
2020-09-14,0.1876174316118172,0.39469005465433277,0.18762591567421766,0.39499372903722396
2020-09-15,0.20116925149160567,0.437122979588044,0.2014852298144463,0.43763103694427363
2020-09-16,0.19516687544254166,0.34456371999509805,0.19575827667649578,0.34419378906686693
2020-09-17,0.19124286330212859,0.34969000080006546,0.1923270597090714,0.34995049595477556
2020-09-18,0.18369859521647094,0.34772174961778246,0.18516590482129183,0.348809926567934
2020-09-19,0.18491558537668834,0.4289057448762923,0.1865894330774193,0.4314756471770846
2020-09-20,0.18758620306220203,0.3456587656879843,0.1884386974906292,0.34580054596951204
2020-09-21,0.20646317022079275,0.4732930254048679,0.2067267610999253,0.4717916472747672
2020-09-22,0.19805700044730423,0.34933245271343094,0.19894731672694477,0.3528453109666095
2020-09-23,0.19666678094309095,0.3779039556502138,0.1977394684157074,0.3794776771084905
2020-09-24,0.19174105339593558,0.35190621279846185,0.19281781796043837,0.3530946980072298
2020-09-25,0.18563145613638773,0.3944652536361413,0.18696263300894558,0.39558346743678374
2020-09-26,0.17507632460363776,0.2914054081110165,0.17548312482182393,0.29175912147779803
2020-09-27,0.1813034490497178,0.32887276749566946,0.18279013893123178,0.33140522639614434
2020-09-28,0.2043317135611121,0.6715925561052954,0.20513992702802483,0.6718703569043659
2020-09-29,0.20472312955373298,0.445562181685947,0.20485944527167363,0.44541672917905867
2020-09-30,0.19640385858251433,0.38785146818251903,0.1971906188315532,0.3897449914694239
2020-10-01,0.1916803227413354,0.35054014435495484,0.19242243941008294,0.35124413287222944
2020-10-02,0.185022820067155,0.33749440396179237,0.18624544150071662,0.34007078660921464
2020-10-03,0.17248765993425944,0.28647513933581015,0.1728840069116313,0.2846434117802964
2020-10-04,0.17782967288686433,0.30628949504961867,0.17903914035519272,0.30892313220604095
2020-10-05,0.17553496705833221,0.29991495725397993,0.1755871561997638,0.2939056109386869
2020-10-06,0.18016273870578506,0.3073309852361092,0.18147261223172823,0.3104070631895671
2020-10-07,0.18074169794192224,0.31712790612828956,0.18051464886411092,0.3147414450219583
2020-10-08,0.17704943390420605,0.319261447865767,0.17728634244528918,0.30809779010080607
2020-10-09,0.17330666226128721,0.2774007688906137,0.17527721656729256,0.28550712549658136
2020-10-10,0.16382750177211117,0.28700325623857487,0.1656962588685389,0.2895350678078592
2020-10-11,0.16881770029281495,0.29141311608440545,0.16996753139113674,0.2932524181594692
2020-10-12,0.16103142896616332,0.28462112515061827,0.16139046579167282,0.2853306756519377
2020-10-13,0.16039280937335637,0.2692705478148741,0.1607517507987284,0.26946184464167294
2020-10-14,0.15324060878679024,0.2554708165233651,0.15396390775941404,0.25581219061168725
2020-10-15,0.14767934840966887,0.23890558280987487,0.14775726537736197,0.23798545859724635
2020-10-16,0.1504086214819616,0.25577405283085825,0.1515985144947894,0.2577084915687735
2020-10-17,0.14003307535907963,0.23331640983023763,0.14090713716662903,0.23467598037359383
2020-10-18,0.15639737533716505,0.5726758172973342,0.15731957415033457,0.5731577154094467
2020-10-19,0.16733859163675488,0.4834787725851514,0.16808730149468673,0.4837074104372345
2020-10-20,0.15005245986603474,0.3709847895359659,0.15053164151812717,0.3714791643300129
2020-10-21,0.14526105086668484,0.25270697587777097,0.14585065917147647,0.2532992594425156
2020-10-22,0.1472871075551182,0.28197476403596455,0.14768625044755795,0.2819250850647801
2020-10-23,0.14997553792908028,0.28453879909378027,0.15058211019981235,0.2852353352272921
2020-10-24,0.14698685902970032,0.2743837970430714,0.14721886020144323,0.27458854104213426
2020-10-25,0.15439076650170386,0.25957962682240987,0.15502581893188966,0.26028098803071553
2020-10-26,0.16908514533669547,0.3434280427316053,0.16970387471234175,0.3438586873169734
2020-10-27,0.1438553543180793,0.23755029412859585,0.1442720333283815,0.23821349830126534
2020-10-28,0.14124678319761955,0.24996991010903954,0.14215504302311455,0.25101348590436956
2020-10-29,0.13791033324870883,0.2329657116481098,0.13779757711650478,0.2329432747881066
2020-10-30,0.13710805540220286,0.2287625131410396,0.13758522733183273,0.22928805233391644
2020-10-31,0.1396320680821847,0.22867397256517466,0.1401164324054772,0.22898700569933098
2020-11-01,0.14950050673768603,0.2693598041972664,0.15044141427147942,0.26988121824849026
2020-11-02,0.16593137058989835,0.3380252573398096,0.16593781402217156,0.337528552864183
2020-11-03,0.13661079402107518,0.2172767250325927,0.13728767407478856,0.21832881795864162
2020-11-04,0.13930759149748578,0.22448104326540097,0.13948058679743897,0.22472298801979815
2020-11-05,0.13849641793680054,0.22305667525408904,0.13906894554994992,0.22440252881613904
2020-11-06,0.13022216702288708,0.21163027422142544,0.1306598148161422,0.21210187575229458
2020-11-07,0.1308641955562342,0.24907167100990965,0.13196239388138226,0.25028451068987045
2020-11-08,0.1347219813895948,0.25755816012859784,0.1353117803920849,0.2582325226391306
2020-11-09,0.13577626985444846,0.21489107667324517,0.13622588983394165,0.21536736193711897
2020-11-10,0.13904685057289903,0.22871825991233263,0.13918529651114372,0.22849710812914625
2020-11-11,0.13968532065154804,0.23269402463237954,0.1406467478519249,0.23408731001120298
2020-11-12,0.13718729226429643,0.23001639926014275,0.13751345043456742,0.23049653389204464
2020-11-13,0.1316046901154761,0.22194091323967072,0.1326430037599565,0.2233211171081889
2020-11-14,0.13160420788416402,0.39804026059778885,0.13233456982673297,0.3988000788357366
2020-11-15,0.12149415336675143,0.20354975772519354,0.12214446487886776,0.2046216344197777
2020-11-16,0.12504391839942144,0.1961542362136746,0.1256132281304147,0.19681249517571667
2020-11-17,0.12837864914425987,0.21257684049999095,0.1289053841720397,0.21300971685786316
2020-11-18,0.12979526010171497,0.20972774912382472,0.13040818907171725,0.21038252088629747
2020-11-19,0.12804060616539992,0.20864774273412404,0.12854979089346844,0.20980962436968403
2020-11-20,0.1238116341054234,0.19558727989974717,0.12411220360133245,0.19584690364485585
2020-11-21,0.11716960032009954,0.18547775465485264,0.11779807921260577,0.18639370182465276
2020-11-22,0.11958570188774742,0.17287160516625744,0.12048891471214422,0.1739723624960421
2020-11-23,0.12470090438113249,0.17828900649295,0.1253267973416007,0.17885039361764118
2020-11-24,0.12885348540633765,0.20904579057249612,0.12987196821885094,0.2100506695715785
2020-11-25,0.1300851842147385,0.17536374374299946,0.13053498686272821,0.17595720019262368
2020-11-26,0.1194256952715248,0.16615018583160812,0.1194256952715248,0.16615018583160812
2020-11-27,0.10976494317692899,0.1559947993141119,0.10976494317692899,0.1559947993141119
2020-11-28,0.10628918202085276,0.15704330697817515,0.10628918202085276,0.15704330697817515
2020-11-29,0.10548154133103034,0.1599618351142695,0.10548154133103034,0.1599618351142695
2020-11-30,0.10809104018196489,0.17648840909986824,0.10809104018196489,0.17648840909986824
2020-12-01,0.11116913089500234,0.19672734720732957,0.11116913089500234,0.19672734720732957
2020-12-02,0.10550220836303204,0.17065040439110837,0.10550220836303204,0.17065040439110837
2020-12-03,0.10832967664747219,0.17494098193459404,0.10832967664747219,0.17494098193459404
2020-12-04,0.11075217596913478,0.1848755387720247,0.11075217596913478,0.1848755387720247
2020-12-05,0.11707756761206492,0.2508295751637914,0.11707756761206492,0.2508295751637914
2020-12-06,0.11992772690132489,0.21386710761918848,0.11992772690132489,0.21386710761918848
2020-12-07,0.13603895981673467,0.35346664055370136,0.13603895981673467,0.35346664055370136
2020-12-08,0.13704283842109946,0.2686632066643557,0.13704283842109946,0.2686632066643557
2020-12-09,0.14523667565901927,0.3019607343323381,0.14523667565901927,0.3019607343323381
2020-12-10,0.15061173313251366,0.31679946627382494,0.15061173313251366,0.31679946627382494
2020-12-11,0.1447915454080778,0.3800625185773587,0.1447915454080778,0.3800625185773587
2020-12-12,0.12228847976496482,0.2525944630669108,0.12228847976496482,0.2525944630669108
2020-12-13,0.11672885306157255,0.20838291100669198,0.11672885306157255,0.20838291100669198
2020-12-14,0.12111394524778331,0.2582310818911269,0.12111394524778331,0.2582310818911269
2020-12-15,0.11778098044816299,0.1963315213219618,0.11778098044816299,0.1963315213219618
2020-12-16,0.11700489852867228,0.1937437566666266,0.11700489852867228,0.1937437566666266
2020-12-17,0.12271074737523427,0.363051622738891,0.12271074737523427,0.363051622738891
2020-12-18,0.09262529285721419,0.13847916391858156,0.09262529285721419,0.13847916391858156
2020-12-19,0.08397935924955026,0.14987576639044353,0.08397935924955026,0.14987576639044353
2020-12-20,0.09297670397620406,0.15383548027597835,0.09297670397620406,0.15383548027597835
2020-12-21,0.10682782216882107,0.17644981971047582,0.10682782216882107,0.17644981971047582
2020-12-22,0.11697687122475976,0.17136378839970445,0.11697687122475976,0.17136378839970445
2020-12-23,0.1262372560647932,0.16881733274848704,0.1262372560647932,0.16881733274848704
2020-12-24,0.12706836941053637,0.16837734675341673,0.12706836941053637,0.16837734675341673
2020-12-25,0.10738231544693698,0.18222088988256627,0.10738231544693698,0.18222088988256627
2020-12-26,0.09708864215773723,0.3536342303017181,0.09708864215773723,0.3536342303017181
2020-12-27,0.09461907375985558,0.1566476690387565,0.09461907375985558,0.1566476690387565
2020-12-28,0.10873817093800452,0.19658354320726582,0.10873817093800452,0.19658354320726582
2020-12-29,0.12249681590485095,0.23599105878176185,0.12249681590485095,0.23599105878176185
2020-12-30,0.12831480865653333,0.23863665610716195,0.12831480865653333,0.23863665610716195
2020-12-31,0.1350325534887442,0.24469470638110455,0.1350325534887442,0.24469470638110455
2021-01-01,0.15605877353171407,0.3795810327517435,0.15605877353171407,0.3795810327517435
2021-01-02,0.11383969604553085,0.18971827800034063,0.11383969604553085,0.18971827800034063
2021-01-03,0.11826088959564073,0.2041805398102775,0.11826088959564073,0.2041805398102775
2021-01-04,0.12835469484550996,0.21559605612411928,0.12835469484550996,0.21559605612411928
2021-01-05,0.13566078842837298,0.22165226902249782,0.13566078842837298,0.22165226902249782
2021-01-06,0.14124537647589663,0.24612536378263383,0.14124537647589663,0.24612536378263383
2021-01-07,0.1364024557214066,0.2449362199493804,0.1364024557214066,0.2449362199493804
2021-01-08,0.14835447255524908,0.31075272598408465,0.14835447255524908,0.31075272598408465
2021-01-09,0.10116652165644215,0.1734414934781891,0.10116652165644215,0.1734414934781891
2021-01-10,0.10031544388611073,0.18061743675331834,0.10031544388611073,0.18061743675331834
2021-01-11,0.10655152371205515,0.1800729089267233,0.10655152371205515,0.1800729089267233
2021-01-12,0.11027605245022397,0.1899517462020326,0.11027605245022397,0.1899517462020326
2021-01-13,0.10788988147035972,0.19426408427732803,0.10788988147035972,0.19426408427732803
2021-01-14,0.1058536963222805,0.22236126818822727,0.1058536963222805,0.22236126818822727
2021-01-15,0.09763444396190776,0.24328361361292106,0.09763444396190776,0.24328361361292106
2021-01-16,0.09546926838901945,0.17749933715272342,0.09546926838901945,0.17749933715272342
2021-01-17,0.09591009034206936,0.15959326670180027,0.09591009034206936,0.15959326670180027
2021-01-18,0.10455179746451923,0.1739257186843814,0.10455179746451923,0.1739257186843814
2021-01-19,0.11528520472367024,0.20533475101403265,0.11528520472367024,0.20533475101403265
2021-01-20,0.11375289980298715,0.18888890927470078,0.11375289980298715,0.18888890927470078
2021-01-21,0.11009344392561667,0.17184780283393686,0.11009344392561667,0.17184780283393686
2021-01-22,0.11215747378454273,0.23243890597471986,0.11215747378454273,0.23243890597471986
2021-01-23,0.12577493199621,0.38264129238925126,0.12577493199621,0.38264129238925126
2021-01-24,0.11502554163940397,0.24801810557417234,0.11502554163940397,0.24801810557417234
2021-01-25,0.13059704529644778,0.2784696386247562,0.13059704529644778,0.2784696386247562
2021-01-26,0.14448956340424193,0.40559527454580385,0.14448956340424193,0.40559527454580385
2021-01-27,0.1367035734246709,0.25816047703806616,0.1367035734246709,0.25816047703806616
2021-01-28,0.13755758612437569,0.25714799520603926,0.13755758612437569,0.25714799520603926
2021-01-29,0.1303581032163666,0.23213395657349795,0.1303581032163666,0.23213395657349795
2021-01-30,0.12142621259535148,0.27462706271823933,0.12142621259535148,0.27462706271823933
2021-01-31,0.12214924838887771,0.2614866276573344,0.12214924838887771,0.2614866276573344
2021-02-01,0.13725497387669194,0.5373474213931255,0.13725497387669194,0.5373474213931255
2021-02-02,0.13208836907037402,0.2960436736075076,0.13208836907037402,0.2960436736075076
2021-02-03,0.13353922330047396,0.31120402794160823,0.13353922330047396,0.31120402794160823
2021-02-04,0.1308370473312686,0.3066981972202153,0.1308370473312686,0.3066981972202153
2021-02-05,0.12127483050169525,0.24800562355762817,0.12127483050169525,0.24800562355762817
2021-02-06,0.11438416932585492,0.2239283920661842,0.11438416932585492,0.2239283920661842
2021-02-07,0.11949670510774442,0.2509573488229362,0.11949670510774442,0.2509573488229362
2021-02-08,0.12676056176684436,0.33214375847413563,0.12676056176684436,0.33214375847413563
2021-02-09,0.137601909392886,0.3862015510455797,0.137601909392886,0.3862015510455797
2021-02-10,0.143940452582075,0.3717181015720244,0.143940452582075,0.3717181015720244
2021-02-11,0.14092808402313192,0.3456018399809379,0.14092808402313192,0.3456018399809379
2021-02-12,0.12050116305136443,0.2139041638202982,0.12050116305136443,0.2139041638202982
2021-02-13,0.12597060121619186,0.38145568731586094,0.12597060121619186,0.38145568731586094
2021-02-14,0.1268495388889256,0.30652569484015113,0.1268495388889256,0.30652569484015113
2021-02-15,0.13432151372065138,0.2508921718428013,0.13432151372065138,0.2508921718428013
2021-02-16,0.1500483866123961,0.5238953381851621,0.1500483866123961,0.5238953381851621
2021-02-17,0.14838115299614937,0.4093008352587549,0.14838115299614937,0.4093008352587549
2021-02-18,0.14056216606247676,0.2970859041218877,0.14056216606247676,0.2970859041218877
2021-02-19,0.13704329070677415,0.2303192800022762,0.13704329070677415,0.2303192800022762
2021-02-20,0.1287578060351898,0.22399907913843273,0.1287578060351898,0.22399907913843273
2021-02-21,0.13969606142909652,0.2586903342818582,0.13969606142909652,0.2586903342818582
2021-02-22,0.1588551568816482,0.36689548763500246,0.1588551568816482,0.36689548763500246
2021-02-23,0.15852205845109682,0.291802690129503,0.15852205845109682,0.291802690129503
2021-02-24,0.1694395938165674,0.3859451257931316,0.1694395938165674,0.3859451257931316
2021-02-25,0.15707560534739634,0.2997505953522542,0.15707560534739634,0.2997505953522542
2021-02-26,0.15121760938353526,0.2731282567256723,0.15121760938353526,0.2731282567256723
2021-02-27,0.14611756961558275,0.2511366079233278,0.14611756961558275,0.2511366079233278
2021-02-28,0.16458520646364144,0.36465796312074006,0.16458520646364144,0.36465796312074006
2021-03-01,0.21597639551168007,0.5080447999467717,0.21597639551168007,0.5080447999467717
2021-03-02,0.2190367517121716,0.4401385754550239,0.2190367517121716,0.4401385754550239
2021-03-03,0.23348822117046056,0.5212210944863225,0.23348822117046056,0.5212210944863225
2021-03-04,0.2280933051642041,0.514779428246486,0.2280933051642041,0.514779428246486
2021-03-05,0.22572529900927402,0.5128946774040025,0.22572529900927402,0.5128946774040025
2021-03-06,0.22847507144822166,0.5392367357652718,0.22847507144822166,0.5392367357652718
2021-03-07,0.23897903680374696,0.560689798226462,0.23897903680374696,0.560689798226462
2021-03-08,0.3476944903131652,1.1512926167719446,0.3476944903131652,1.1512926167719446
2021-03-09,0.26667603268726453,0.6216293780998517,0.26667603268726453,0.6216293780998517
2021-03-10,0.23655499149504808,0.49295166534552015,0.23655499149504808,0.49295166534552015
2021-03-11,0.20860416546988103,0.3820980627202324,0.20860416546988103,0.3820980627202324
2021-03-12,0.19379072872156858,0.34795441023075263,0.19379072872156858,0.34795441023075263
2021-03-13,0.19209441383912743,0.3834236855977034,0.19209441383912743,0.3834236855977034
2021-03-14,0.19081837354262446,0.3616662418439271,0.19081837354262446,0.3616662418439271
2021-03-15,0.18554462834370172,0.6300078598629334,0.18554462834370172,0.6300078598629334
2021-03-16,0.18599100286420095,0.36918962742458994,0.18599100286420095,0.36918962742458994
2021-03-17,0.18243299819906483,0.3596540277889797,0.18243299819906483,0.3596540277889797
2021-03-18,0.19049004384735888,0.5234960833381026,0.19049004384735888,0.5234960833381026
2021-03-19,0.1721860086281428,0.3183902208641178,0.1721860086281428,0.3183902208641178
2021-03-20,0.17205516575581828,0.35486992922875304,0.17205516575581828,0.35486992922875304
2021-03-21,0.1778620799488321,0.37536322450031334,0.1778620799488321,0.37536322450031334
2021-03-22,0.19599337555584165,0.5298370579006857,0.19599337555584165,0.5298370579006857
2021-03-23,0.20371695630247477,0.3840486622971435,0.20371695630247477,0.3840486622971435
2021-03-24,0.20201005343239054,0.373418215295039,0.20201005343239054,0.373418215295039
2021-03-25,0.2000375915749775,0.4160603086501261,0.2000375915749775,0.4160603086501261
2021-03-26,0.19791776870087371,0.4569201820549133,0.19791776870087371,0.4569201820549133
2021-03-27,0.19451824053795236,0.34455634179633565,0.19451824053795236,0.34455634179633565
2021-03-28,0.22020477322547444,0.4185068484035889,0.22020477322547444,0.4185068484035889
2021-03-29,0.25812186643035,0.5830341064285964,0.25812186643035,0.5830341064285964
2021-03-30,0.24311983943013402,0.5745309945662826,0.24311983943013402,0.5745309945662826
2021-03-31,0.2283123511761918,0.4996742937284297,0.2283123511761918,0.4996742937284297
2021-04-01,0.19269538581865614,0.4035661885539397,0.19269538581865614,0.4035661885539397
2021-04-02,0.18059539142646613,0.39477722161670525,0.18059539142646613,0.39477722161670525
2021-04-03,0.19007924848389599,0.4508289217114128,0.19007924848389599,0.4508289217114128
2021-04-04,0.24333853855014725,0.588117646727306,0.24333853855014725,0.588117646727306
2021-04-05,0.39113501260530653,1.3464819471200775,0.39113501260530653,1.3464819471200775
2021-04-06,0.20171114626789013,0.6100547367405867,0.20171114626789013,0.6100547367405867
2021-04-07,0.1995706813749067,0.4134231956527761,0.1995706813749067,0.4134231956527761
2021-04-08,0.1797595304150838,0.33971336808082253,0.1797595304150838,0.33971336808082253
2021-04-09,0.17181592704114287,0.36607231480698943,0.17181592704114287,0.36607231480698943
2021-04-10,0.1679934393648333,0.3134221480204316,0.1679934393648333,0.3134221480204316
2021-04-11,0.19070692744143505,0.4038632137881348,0.19070692744143505,0.4038632137881348
2021-04-12,0.2112384159781276,0.43184876402015,0.2112384159781276,0.43184876402015
2021-04-13,0.2143997521443944,0.45020322312303424,0.2143997521443944,0.45020322312303424
2021-04-14,0.22131527035963047,0.5089995769758032,0.22131527035963047,0.5089995769758032
2021-04-15,0.19773723659788492,0.6748548422479719,0.19773723659788492,0.6748548422479719
2021-04-16,0.16493575514435943,0.3396811201828507,0.16493575514435943,0.3396811201828507
2021-04-17,0.15415151796683876,0.306255295254461,0.15415151796683876,0.306255295254461
2021-04-18,0.1683076912135719,0.39004661090321213,0.1683076912135719,0.39004661090321213
2021-04-19,0.18518633453941802,0.39912771116691537,0.18518633453941802,0.39912771116691537
2021-04-20,0.20545571988168065,0.5478268490407395,0.20545571988168065,0.5478268490407395
2021-04-21,0.20211574563562607,0.5107871378192497,0.20211574563562607,0.5107871378192497
2021-04-22,0.18755976399997343,0.5505049868790599,0.18755976399997343,0.5505049868790599
2021-04-23,0.173092158730918,0.43007679149137396,0.173092158730918,0.43007679149137396
2021-04-24,0.15747205093248418,0.38203586675655055,0.15747205093248418,0.38203586675655055
2021-04-25,0.16670501092588522,0.36536386838762897,0.16670501092588522,0.36536386838762897
2021-04-26,0.1862514965643254,0.439519561499036,0.1862514965643254,0.439519561499036
2021-04-27,0.19591307859271492,0.5882973192420012,0.19591307859271492,0.5882973192420012
2021-04-28,0.18642643290781072,0.3866262411991534,0.18642643290781072,0.3866262411991534
2021-04-29,0.18346187713942114,0.4673807958770796,0.18346187713942114,0.4673807958770796
2021-04-30,0.1670965318792066,0.31170828567232434,0.1670965318792066,0.31170828567232434
2021-05-01,0.15410787095394496,0.30857754393122516,0.15410787095394496,0.30857754393122516
2021-05-02,0.16131693689389084,0.29637656030781623,0.16131693689389084,0.29637656030781623
2021-05-03,0.18336463254097238,0.445133080947842,0.18336463254097238,0.445133080947842
2021-05-04,0.18557833966301848,0.3822469577112746,0.18557833966301848,0.3822469577112746
2021-05-05,0.17795581398817983,0.3266368699298216,0.17795581398817983,0.3266368699298216
2021-05-06,0.17137869956251828,0.3573391056618704,0.17137869956251828,0.3573391056618704
2021-05-07,0.16149455842404292,0.35438078592394334,0.16149455842404292,0.35438078592394334
2021-05-08,0.160332648617461,0.3849529354346348,0.160332648617461,0.3849529354346348
2021-05-09,0.17840400177357532,0.455510292317182,0.17840400177357532,0.455510292317182
2021-05-10,0.19401723143446553,0.4907965744540622,0.19401723143446553,0.4907965744540622
2021-05-11,0.22536647764468531,0.7301446472942724,0.22536647764468531,0.7301446472942724
2021-05-12,0.21874334341540616,0.5728558342745576,0.21874334341540616,0.5728558342745576
2021-05-13,0.211632576557579,0.6211589987276891,0.211632576557579,0.6211589987276891
2021-05-14,0.2075482083415304,0.6547150893959407,0.2075482083415304,0.6547150893959407
2021-05-15,0.2289668065235197,0.8668591078791177,0.2289668065235197,0.8668591078791177
2021-05-16,0.15869638672607644,0.3151279481390088,0.15869638672607644,0.3151279481390088
2021-05-17,0.1763412426333269,0.320377107249588,0.1763412426333269,0.320377107249588
2021-05-18,0.18805891816601722,0.36893965323151967,0.18805891816601722,0.36893965323151967
2021-05-19,0.1872360290747174,0.33878811616081306,0.1872360290747174,0.33878811616081306
2021-05-20,0.1785602188123025,0.4181926351373378,0.1785602188123025,0.4181926351373378
2021-05-21,0.17415901433843575,0.3613358734628006,0.17415901433843575,0.3613358734628006
2021-05-22,0.1747140529579607,0.37080668044348086,0.1747140529579607,0.37080668044348086
2021-05-23,0.18515975592080508,0.37188885686655054,0.18515975592080508,0.37188885686655054
2021-05-24,0.20268763126528633,0.44461359563395586,0.20268763126528633,0.44461359563395586
2021-05-25,0.20769127673181265,0.4120805862253148,0.20769127673181265,0.4120805862253148
2021-05-26,0.21076975627563024,0.47376063784697653,0.21076975627563024,0.47376063784697653
2021-05-27,0.20952226359779538,0.6187453595118797,0.20952226359779538,0.6187453595118797
2021-05-28,0.21241692550226096,0.7184073935318777,0.21241692550226096,0.7184073935318777
2021-05-29,0.1840300062385781,0.41121782866071993,0.1840300062385781,0.41121782866071993
2021-05-30,0.19588565847406883,0.3769900923800124,0.19588565847406883,0.3769900923800124
2021-05-31,0.21734661114319234,0.4064171261306268,0.21734661114319234,0.4064171261306268
2021-06-01,0.22883151525587475,0.4254541704820503,0.22883151525587475,0.4254541704820503
2021-06-02,0.22518822076566392,0.40972337085302785,0.22518822076566392,0.40972337085302785
2021-06-03,0.2190973124539599,0.4620062392338831,0.2190973124539599,0.4620062392338831
2021-06-04,0.197635530141805,0.42523576143489317,0.197635530141805,0.42523576143489317
2021-06-05,0.2008098730198855,0.46154582924093307,0.2008098730198855,0.46154582924093307
2021-06-06,0.21269568611490386,0.443447878269777,0.21269568611490386,0.443447878269777
2021-06-07,0.2547029513863116,0.737088516865182,0.2547029513863116,0.737088516865182
2021-06-08,0.2571711313280337,0.5251582470076221,0.2571711313280337,0.5251582470076221
2021-06-09,0.2706088776492402,0.623822546004168,0.2706088776492402,0.623822546004168
2021-06-10,0.26275859032167115,0.6333271900236094,0.26275859032167115,0.6333271900236094
2021-06-11,0.23692677708635598,0.6542992552755856,0.23692677708635598,0.6542992552755856
2021-06-12,0.22429402303810636,0.5472359448204472,0.22429402303810636,0.5472359448204472
2021-06-13,0.24493691918983887,0.6254309319004736,0.24493691918983887,0.6254309319004736
2021-06-14,0.2671486521531925,0.5185365989831544,0.2671486521531925,0.5185365989831544
2021-06-15,0.2952769379112181,0.6802236189290986,0.2952769379112181,0.6802236189290986
2021-06-16,0.28328415399423845,0.5853203959081315,0.28328415399423845,0.5853203959081315
2021-06-17,0.2681499401442217,0.5578777542430885,0.2681499401442217,0.5578777542430885
2021-06-18,0.2590779829040057,0.5733970089599003,0.2590779829040057,0.5733970089599003
2021-06-19,0.238747408410464,0.5139527293711657,0.238747408410464,0.5139527293711657
2021-06-20,0.2563088461671203,0.4780452224168816,0.2563088461671203,0.4780452224168816
2021-06-21,0.2953046686443406,0.5983595525833748,0.2953046686443406,0.5983595525833748
2021-06-22,0.31148937622752815,0.6304337805770134,0.31148937622752815,0.6304337805770134
2021-06-23,0.31530848232273184,0.774285491100473,0.31530848232273184,0.774285491100473
2021-06-24,0.31142882139418127,0.7136911198565091,0.31142882139418127,0.7136911198565091
2021-06-25,0.38686232122966546,1.4511995826932995,0.38686232122966546,1.4511995826932995
2021-06-26,0.2489974220305265,0.609263229395933,0.2489974220305265,0.609263229395933
2021-06-27,0.2714981395882415,0.5766753863591294,0.2714981395882415,0.5766753863591294
2021-06-28,0.29613221999911066,0.6017089723343236,0.29613221999911066,0.6017089723343236
2021-06-29,0.34296868487818954,0.8184440384932845,0.34296868487818954,0.8184440384932845
2021-06-30,0.3675679684028867,1.0093537799295762,0.3675679684028867,1.0093537799295762
2021-07-01,0.3588797020758247,0.87600645696596,0.3588797020758247,0.87600645696596
2021-07-02,0.33144581461003836,0.6946919154460655,0.33144581461003836,0.6946919154460655
2021-07-03,0.2841970568534327,0.6548818003984439,0.2841970568534327,0.6548818003984439
2021-07-04,0.3058511869942506,0.5824108256213417,0.3058511869942506,0.5824108256213417
2021-07-05,0.38613520737973106,0.726075231929349,0.38613520737973106,0.726075231929349
2021-07-06,0.40389300086344526,1.0009661784305781,0.40389300086344526,1.0009661784305781
2021-07-07,0.3760327600635473,0.7685216750532186,0.3760327600635473,0.7685216750532186
2021-07-08,0.38549318151846146,0.9033522980546045,0.38549318151846146,0.9033522980546045
2021-07-09,0.3714146188598193,1.0666298711604323,0.3714146188598193,1.0666298711604323
2021-07-10,0.32063372438632975,0.7015378556635558,0.32063372438632975,0.7015378556635558
2021-07-11,0.34274375767929205,0.6761245412332038,0.34274375767929205,0.6761245412332038
2021-07-12,0.3605542058019712,0.7143337116966104,0.3605542058019712,0.7143337116966104
2021-07-13,0.3811406314908451,0.8975806900216788,0.3811406314908451,0.8975806900216788
2021-07-14,0.3289293531612537,0.7565184299407496,0.3289293531612537,0.7565184299407496
2021-07-15,0.29363925105091826,0.6294430124219447,0.29363925105091826,0.6294430124219447
2021-07-16,0.2887373698693795,0.7516972257189866,0.2887373698693795,0.7516972257189866
2021-07-17,0.29949544691125424,0.7385938046564171,0.29949544691125424,0.7385938046564171
2021-07-18,0.3114178509156731,0.668716153883987,0.3114178509156731,0.668716153883987
2021-07-19,0.3091962835934455,0.7112038601199613,0.3091962835934455,0.7112038601199613
2021-07-20,0.30442208698942375,0.7016518356832482,0.30442208698942375,0.7016518356832482
2021-07-21,0.29169099608536186,0.7274018040117517,0.29169099608536186,0.7274018040117517
2021-07-22,0.25334579776471533,0.5096374327428912,0.25334579776471533,0.5096374327428912
2021-07-23,0.24163191207252682,0.5587445583340436,0.24163191207252682,0.5587445583340436
2021-07-24,0.23299429059522062,0.4368164839670472,0.23299429059522062,0.4368164839670472
2021-07-25,0.2519270351861963,0.4767033564593446,0.2519270351861963,0.4767033564593446
2021-07-26,0.2516039536647475,0.5724727181475886,0.2516039536647475,0.5724727181475886
2021-07-27,0.25442955221979113,0.5324188825947551,0.25442955221979113,0.5324188825947551
2021-07-28,0.24662951975528444,0.5316974841045944,0.24662951975528444,0.5316974841045944
2021-07-29,0.22181092921544646,0.5072472272349715,0.22181092921544646,0.5072472272349715
2021-07-30,0.21030194991699316,0.5197411326977467,0.21030194991699316,0.5197411326977467
2021-07-31,0.1958549072044179,0.4601736008949699,0.1958549072044179,0.4601736008949699
2021-08-01,0.19896826733446005,0.39753669006965386,0.19896826733446005,0.39753669006965386
2021-08-02,0.20190391131859386,0.39317114966372485,0.20190391131859386,0.39317114966372485
2021-08-03,0.20546368882871638,0.47336710073151395,0.20546368882871638,0.47336710073151395
2021-08-04,0.192240430305221,0.39942028899119136,0.192240430305221,0.39942028899119136
2021-08-05,0.18028168849764792,0.5865780820845888,0.18028168849764792,0.5865780820845888
2021-08-06,0.15646538475882127,0.28638513572395996,0.15646538475882127,0.28638513572395996
2021-08-07,0.15365074929414496,0.29151998630088716,0.15365074929414496,0.29151998630088716
2021-08-08,0.1618372339333661,0.31417519184588616,0.1618372339333661,0.31417519184588616
2021-08-09,0.17906052910068262,0.3581448497255271,0.17906052910068262,0.3581448497255271
2021-08-10,0.17263385328952813,0.4131600099967061,0.17263385328952813,0.4131600099967061
2021-08-11,0.15780976812788658,0.42987523045560744,0.15780976812788658,0.42987523045560744
2021-08-12,0.14302819459413413,0.30161581779537033,0.14302819459413413,0.30161581779537033
2021-08-13,0.13615793435882906,0.23887204003659612,0.13615793435882906,0.23887204003659612
2021-08-14,0.12755389445596932,0.2581454971100261,0.12755389445596932,0.2581454971100261
2021-08-15,0.13263738953821042,0.22605080024751928,0.13263738953821042,0.22605080024751928
2021-08-16,0.14159019216711177,0.2795239224808493,0.14159019216711177,0.2795239224808493
2021-08-17,0.13534745936987963,0.2546608120850006,0.13534745936987963,0.2546608120850006
2021-08-18,0.12786318770469304,0.24837035251844686,0.12786318770469304,0.24837035251844686
2021-08-19,0.11347823545384135,0.22656793523291743,0.11347823545384135,0.22656793523291743
2021-08-20,0.10771007524489339,0.19470324979826845,0.10771007524489339,0.19470324979826845
2021-08-21,0.10230256001658751,0.16471750947429065,0.10230256001658751,0.16471750947429065
2021-08-22,0.11478838865373794,0.23390110718204196,0.11478838865373794,0.23390110718204196
2021-08-23,0.1321484196258861,0.281434201034747,0.1321484196258861,0.281434201034747
2021-08-24,0.1307370320803649,0.3840625190783825,0.1307370320803649,0.3840625190783825
2021-08-25,0.1065796772458254,0.21432798390376934,0.1065796772458254,0.21432798390376934
2021-08-26,0.09906818440873107,0.2251789536615584,0.09906818440873107,0.2251789536615584
2021-08-27,0.09553665323087598,0.21448751940501912,0.09553665323087598,0.21448751940501912
2021-08-28,0.09400707731610473,0.20407771364408106,0.09400707731610473,0.20407771364408106
2021-08-29,0.10492469683569362,0.18009804868776247,0.10492469683569362,0.18009804868776247
2021-08-30,0.11443741221960022,0.19204814304645576,0.11443741221960022,0.19204814304645576
2021-08-31,0.11049362728528572,0.22613410467679504,0.11049362728528572,0.22613410467679504
2021-09-01,0.11330315402266593,0.18789570941072795,0.11330315402266593,0.18789570941072795
2021-09-02,0.0991345085449354,0.1631853485155724,0.0991345085449354,0.1631853485155724
2021-09-03,0.09584046201213735,0.15065080972225114,0.09584046201213735,0.15065080972225114
2021-09-04,0.09522741554184398,0.13950080667223166,0.09522741554184398,0.13950080667223166
2021-09-05,0.10533828483950647,0.15397506624544147,0.10533828483950647,0.15397506624544147
2021-09-06,0.10964433062121848,0.1718487977695789,0.10964433062121848,0.1718487977695789
2021-09-07,0.10204576140080067,0.1692973816190628,0.10204576140080067,0.1692973816190628
2021-09-08,0.08876286433819089,0.16596340221114617,0.08876286433819089,0.16596340221114617
2021-09-09,0.0801440625579236,0.14466281762901756,0.0801440625579236,0.14466281762901756
2021-09-10,0.07124818293597417,0.13471115110031393,0.07124818293597417,0.13471115110031393
2021-09-11,0.07277185453396537,0.1473851301740544,0.07277185453396537,0.1473851301740544
2021-09-12,0.08361097181837772,0.14312922671849954,0.08361097181837772,0.14312922671849954
2021-09-13,0.1697718576308652,0.4115814974074936,0.1697718576308652,0.4115814974074936
2021-09-14,0.16715259940678429,0.4949411476948315,0.16715259940678429,0.4949411476948315
2021-09-15,0.1677062896148511,0.5409124163292766,0.1677062896148511,0.5409124163292766
2021-09-16,0.17281236036654124,0.5788907153906144,0.17281236036654124,0.5788907153906144
2021-09-17,0.1746985465050062,0.6110959820617256,0.1746985465050062,0.6110959820617256
2021-09-18,0.18335401989650985,0.6433760612666201,0.18335401989650985,0.6433760612666201
2021-09-19,0.20197000084584088,0.67392622154285,0.20197000084584088,0.67392622154285
2021-09-20,0.41796091716430106,2.382904409512238,0.41796091716430106,2.382904409512238
2021-09-21,0.16806778385103513,0.5298943064553219,0.16806778385103513,0.5298943064553219
2021-09-22,0.1326082613399431,0.30841226681593586,0.1326082613399431,0.30841226681593586
2021-09-23,0.10986147776460943,0.2414184549151772,0.10986147776460943,0.2414184549151772
2021-09-24,0.09955107013702802,0.21691295573576283,0.09955107013702802,0.21691295573576283
2021-09-25,0.0958067630715928,0.20410730554668738,0.0958067630715928,0.20410730554668738
2021-09-26,0.10536925625606179,0.20106146110913267,0.10536925625606179,0.20106146110913267
2021-09-27,0.09413467021535948,0.166082506055671,0.1033989945383188,0.17972993133416001
2021-09-28,0.1234932471740838,0.24174533419608535,0.1234932471740838,0.24174533419608535
2021-09-29,0.09976952044458001,0.17300376519419222,0.09976952044458001,0.17300376519419222
2021-09-30,0.08654788595705683,0.1490018270953112,0.08654788595705683,0.1490018270953112
2021-10-01,0.08495764403241124,0.23648201514666115,0.08495764403241124,0.23648201514666115
2021-10-02,0.08683614356291414,0.1347537940401448,0.08683614356291414,0.1347537940401448
2021-10-03,0.09741098595825844,0.1370802983332191,0.09741098595825844,0.1370802983332191
2021-10-04,0.10459302011751681,0.1428838743850556,0.10459302011751681,0.1428838743850556
2021-10-05,0.11412538886426128,0.160764831058505,0.11412538886426128,0.160764831058505
2021-10-06,0.10436036386211875,0.1984698591093445,0.10436036386211875,0.1984698591093445
2021-10-07,0.09208560032846452,0.1856333169235785,0.09208560032846452,0.1856333169235785
2021-10-08,0.09066246915644854,0.1527171849297967,0.09066246915644854,0.1527171849297967
2021-10-09,0.0966842134477983,0.17032580424163835,0.0966842134477983,0.17032580424163835
2021-10-10,0.11347947233050507,0.1938165240596259,0.11347947233050507,0.1938165240596259
2021-10-11,0.13825133851148694,0.25248053078799065,0.13825133851148694,0.25248053078799065
2021-10-12,0.11321520901901637,0.3084607341698306,0.11321520901901637,0.3084607341698306
2021-10-13,0.09987767606795638,0.18219274105821445,0.09987767606795638,0.18219274105821445
2021-10-14,0.0890402022550899,0.1674368907087736,0.0890402022550899,0.1674368907087736
2021-10-15,0.10234704478329311,0.39022007233247896,0.10234704478329311,0.39022007233247896
2021-10-16,0.10022802778653275,0.20806834886432324,0.10022802778653275,0.20806834886432324
2021-10-17,0.13321429748040775,0.7329719293183886,0.13321429748040775,0.7329719293183886
2021-10-18,0.15380086434214038,0.3713680739444609,0.15380086434214038,0.3713680739444609
2021-10-19,0.11108418088529208,0.20064849455952966,0.11108418088529208,0.20064849455952966
2021-10-20,0.10637195729302443,0.18733029549010374,0.10637195729302443,0.18733029549010374
2021-10-21,0.09636669600749212,0.17881942167933026,0.09636669600749212,0.17881942167933026
2021-10-22,0.09578618464098099,0.2645995576768308,0.09578618464098099,0.2645995576768308
2021-10-23,0.08931547731218531,0.14927762326818864,0.08931547731218531,0.14927762326818864
2021-10-24,0.10516049992653692,0.1830752327933477,0.10516049992653692,0.1830752327933477
2021-10-25,0.1206747716852186,0.19613063679419945,0.1206747716852186,0.19613063679419945
2021-10-26,0.12420708718551493,0.23216680591409786,0.12420708718551493,0.23216680591409786
2021-10-27,0.10990321470394525,0.18572445244343025,0.10990321470394525,0.18572445244343025
2021-10-28,0.1028219156698454,0.20608068102343657,0.1028219156698454,0.20608068102343657
2021-10-29,0.1034405354936922,0.23587596876796665,0.1034405354936922,0.23587596876796665
2021-10-30,0.10327485192747984,0.20865602973638672,0.10327485192747984,0.20865602973638672
2021-10-31,0.12572528349379747,0.3256779961077148,0.12572528349379747,0.3256779961077148
2021-11-01,0.13543016711764103,0.24335410388703352,0.13543016711764103,0.24335410388703352
2021-11-02,0.1427635494413291,0.26274324689062034,0.1427635494413291,0.26274324689062034
2021-11-03,0.1247000130593981,0.22408899999485754,0.1247000130593981,0.22408899999485754
2021-11-04,0.11026871273823752,0.22203345552231704,0.11026871273823752,0.22203345552231704
2021-11-05,0.11648722744451737,0.5512268351726621,0.11648722744451737,0.5512268351726621
2021-11-06,0.1138217348192448,0.2844325633160096,0.1138217348192448,0.2844325633160096
2021-11-07,0.13112381292115724,0.23698112351375022,0.13112381292115724,0.23698112351375022
2021-11-08,0.142643572338428,0.22195738528189987,0.142643572338428,0.22195738528189987
2021-11-09,0.15855572286425895,0.2546046914331977,0.15855572286425895,0.2546046914331977
2021-11-10,0.13599529234082047,0.31384949757252667,0.13599529234082047,0.31384949757252667
2021-11-11,0.13826417991141282,0.4827613829035456,0.13826417991141282,0.4827613829035456
2021-11-12,0.11728447716107933,0.2298640356526891,0.11728447716107933,0.2298640356526891
2021-11-13,0.11860325209440023,0.3054847747827647,0.11860325209440023,0.3054847747827647
2021-11-14,0.14151132550914644,0.4071994508837029,0.14151132550914644,0.4071994508837029
2021-11-15,0.14365620296817347,0.23813970048192212,0.14365620296817347,0.23813970048192212
2021-11-16,0.14671575095028297,0.23770363208452025,0.14671575095028297,0.23770363208452025
2021-11-17,0.14055778406035865,0.24141860502719295,0.14055778406035865,0.24141860502719295
2021-11-18,0.1170955796378185,0.18500733236112016,0.1170955796378185,0.18500733236112016
2021-11-19,0.11464360707987079,0.20422399473284905,0.11464360707987079,0.20422399473284905
2021-11-20,0.11597457158594937,0.25192816690384295,0.11597457158594937,0.25192816690384295
2021-11-21,0.13926812950978346,0.24673593747203978,0.13926812950978346,0.24673593747203978
2021-11-22,0.15400977217742803,0.2781033071841136,0.15400977217742803,0.2781033071841136
2021-11-23,0.1512487368903069,0.24650976842206349,0.1512487368903069,0.24650976842206349
2021-11-24,0.15359197882637304,0.3237084495568609,0.15359197882637304,0.3237084495568609
2021-11-25,0.11325784296148089,0.2318825928849435,0.11325784296148089,0.2318825928849435
2021-11-26,0.12792736510343225,0.2993080704863113,0.12792736510343225,0.2993080704863113
2021-11-27,0.1468225782826863,0.2751106186462519,0.1468225782826863,0.2751106186462519
2021-11-28,0.18592669609708137,0.3524385166305218,0.18592669609708137,0.3524385166305218
2021-11-29,0.18445321819086574,0.41310996804400374,0.18445321819086574,0.41310996804400374
2021-11-30,0.16643753310281884,0.2934236297319607,0.16643753310281884,0.2934236297319607
2021-12-01,0.15900623213492118,0.28314174843874873,0.15900623213492118,0.28314174843874873
2021-12-02,0.1266446054373744,0.2409690311200086,0.1266446054373744,0.2409690311200086
2021-12-03,0.13857205383522195,0.27378721517469673,0.13857205383522195,0.27378721517469673
2021-12-04,0.13328925096220032,0.20446793904904342,0.13328925096220032,0.20446793904904342
2021-12-05,0.15650476548530523,0.44753279653751543,0.15650476548530523,0.44753279653751543
2021-12-06,0.15231867559294104,0.24963952797548888,0.15231867559294104,0.24963952797548888
2021-12-07,0.15309881399654793,0.2679615321910409,0.15309881399654793,0.2679615321910409
2021-12-08,0.13877465688026627,0.24655179404685104,0.13877465688026627,0.24655179404685104
2021-12-09,0.1348868799751998,0.32702725034287766,0.1348868799751998,0.32702725034287766
2021-12-10,0.10933824864141639,0.24047834885996877,0.10933824864141639,0.24047834885996877
2021-12-11,0.10077459752430538,0.17492102180190877,0.10077459752430538,0.17492102180190877
2021-12-12,0.1158942701528449,0.25022634497279883,0.1158942701528449,0.25022634497279883
2021-12-13,0.12866925258695028,0.24212281191209584,0.12866925258695028,0.24212281191209584
2021-12-14,0.13269397075995948,0.2162840840210805,0.13269397075995948,0.2162840840210805
2021-12-15,0.13404167484305662,0.29777319671066926,0.13404167484305662,0.29777319671066926
2021-12-16,0.12920623410799723,0.23078916290875862,0.12920623410799723,0.23078916290875862
2021-12-17,0.1071628022838389,0.2277270450169331,0.1071628022838389,0.2277270450169331
2021-12-18,0.12056204079274979,0.17733699354166782,0.12056204079274979,0.17733699354166782
2021-12-19,0.15176978064117236,0.215015070205204,0.15176978064117236,0.215015070205204
2021-12-20,0.17448542690328497,0.2399356943412335,0.17448542690328497,0.2399356943412335
2021-12-21,0.16804674026219474,0.2595174020973027,0.16804674026219474,0.2595174020973027
2021-12-22,0.17030245270718705,0.292292740782229,0.17030245270718705,0.292292740782229
2021-12-23,0.16218841711198834,0.28354125960759313,0.16218841711198834,0.28354125960759313
2021-12-24,0.16009717133311252,0.33898010148098795,0.16009717133311252,0.33898010148098795
2021-12-25,0.21259747529799047,0.4237539805762482,0.21259747529799047,0.4237539805762482
2021-12-26,0.2708140893206605,0.5082237162217434,0.2708140893206605,0.5082237162217434
2021-12-27,0.28347160320574805,0.5713498845809935,0.28347160320574805,0.5713498845809935
2021-12-28,0.28030042321824705,0.6596889619063477,0.28030042321824705,0.6596889619063477
2021-12-29,0.2334022693759578,0.3729716364429714,0.2334022693759578,0.3729716364429714
2021-12-30,0.21978471811032468,0.34823262379857384,0.21978471811032468,0.34823262379857384
2021-12-31,0.23452825060623364,0.34377760109489325,0.23452825060623364,0.34377760109489325
2022-01-01,0.265914740153221,0.3686592113066737,0.265914740153221,0.3686592113066737
2022-01-02,0.3090731711610954,0.4290614271801404,0.3090731711610954,0.4290614271801404
2022-01-03,0.25600827688711614,0.37093294354016854,0.25600827688711614,0.37093294354016854
2022-01-04,0.24615949767371662,0.36335693217317105,0.24615949767371662,0.36335693217317105
2022-01-05,0.2091467910157614,0.32327490626903554,0.2091467910157614,0.32327490626903554
2022-01-06,0.17385361671625257,0.2525670880551744,0.17385361671625257,0.2525670880551744
2022-01-07,0.18070071174438035,0.2672494843988296,0.18070071174438035,0.2672494843988296
2022-01-08,0.18709122756045835,0.26494602682999147,0.18709122756045835,0.26494602682999147
2022-01-09,0.1962549240279855,0.2848519556911718,0.1962549240279855,0.2848519556911718
2022-01-10,0.21585654964895618,0.34173323310046005,0.21585654964895618,0.34173323310046005
2022-01-11,0.19761922122598785,0.31198594143522274,0.19761922122598785,0.31198594143522274
2022-01-12,0.1673360626268854,0.27167196937629495,0.1673360626268854,0.27167196937629495
2022-01-13,0.1625950491741226,0.26156237791726683,0.1625950491741226,0.26156237791726683
2022-01-14,0.1794042893190313,0.3510927895046859,0.1794042893190313,0.3510927895046859
2022-01-15,0.17206534898789044,0.24808960642876882,0.17206534898789044,0.24808960642876882
2022-01-16,0.17149929907920736,0.23630572907751093,0.17149929907920736,0.23630572907751093
2022-01-17,0.17095179027184454,0.2593993149195388,0.17095179027184454,0.2593993149195388
2022-01-18,0.19033431296426304,0.5358200198383067,0.19033431296426304,0.5358200198383067
2022-01-19,0.17355255238057776,0.35413320221220834,0.17355255238057776,0.35413320221220834
2022-01-20,0.16713554946306722,0.2958142224507889,0.16713554946306722,0.2958142224507889
2022-01-21,0.13925062326645335,0.20967616969411457,0.13925062326645335,0.20967616969411457
2022-01-22,0.13958678597965785,0.19641914657978735,0.13958678597965785,0.19641914657978735
2022-01-23,0.15023354796292476,0.2241075429344067,0.15023354796292476,0.2241075429344067
2022-01-24,0.20552258755220917,0.2776421597538062,0.20552258755220917,0.2776421597538062
2022-01-25,0.16722896076209384,0.20500704028334782,0.16722896076209384,0.20500704028334782
2022-01-26,0.15189794634004145,0.32097035566136206,0.15189794634004145,0.32097035566136206
2022-01-27,0.14367496245921438,0.23449969416242944,0.14367496245921438,0.23449969416242944
2022-01-28,0.14006254848156938,0.16174250732360146,0.14006254848156938,0.16174250732360146
2022-01-29,0.1327271457451301,0.15158036195873395,0.1327271457451301,0.15158036195873395
2022-01-30,0.15473337498359993,0.27227538588397826,0.15473337498359993,0.27227538588397826
2022-01-31,0.1629895153381852,0.1911175370100039,0.1629895153381852,0.1911175370100039
2022-02-01,0.15783194852852095,0.23009223084215533,0.15783194852852095,0.23009223084215533
2022-02-02,0.1518725744378442,0.21137972884842873,0.1518725744378442,0.21137972884842873
2022-02-03,0.14990927649070585,0.6185511750638345,0.14990927649070585,0.6185511750638345
2022-02-04,0.13758008486234743,0.21293744232508066,0.13758008486234743,0.21293744232508066
2022-02-05,0.11845187991795876,0.16319319883273203,0.11845187991795876,0.16319319883273203
2022-02-06,0.1416624079740991,0.3478054269182333,0.1416624079740991,0.3478054269182333
2022-02-07,0.1345079659185613,0.2299319790663465,0.1345079659185613,0.2299319790663465
2022-02-08,0.18414715706146906,0.23673157407463008,0.18414715706146906,0.23673157407463008
2022-02-09,0.1682244392821356,0.2560300056619573,0.1682244392821356,0.2560300056619573
2022-02-10,0.14852822286531053,0.2270621246830091,0.14852822286531053,0.2270621246830091
2022-02-11,0.16406334544515624,0.35772006668607836,0.16406334544515624,0.35772006668607836
2022-02-12,0.12842267929219173,0.15820864357521608,0.12842267929219173,0.15820864357521608
2022-02-13,0.1465012456251456,0.18811954581933316,0.1465012456251456,0.18811954581933316
2022-02-14,0.15474564949516423,0.21155270651130278,0.15474564949516423,0.21155270651130278
2022-02-15,0.14474425983421566,0.20752930425479796,0.14474425983421566,0.20752930425479796
2022-02-16,0.14172888896066999,0.22390285792342607,0.14172888896066999,0.22390285792342607
2022-02-17,0.11488660193906952,0.17577084189694836,0.11488660193906952,0.17577084189694836
2022-02-18,0.11279113129788912,0.17760246346563474,0.11279113129788912,0.17760246346563474
2022-02-19,0.11422342144459549,0.17187456499954232,0.11422342144459549,0.17187456499954232
2022-02-20,0.11334549012562493,0.1748536114042168,0.11334549012562493,0.1748536114042168
2022-02-21,0.14430093334602798,0.22142066441418495,0.14430093334602798,0.22142066441418495
2022-02-22,0.14610922573857,0.22729240524127137,0.14610922573857,0.22729240524127137
2022-02-23,0.16512202977455695,0.28531011858533417,0.16512202977455695,0.28531011858533417
2022-02-24,0.1627899770716377,0.6561312620920127,0.1627899770716377,0.6561312620920127
2022-02-25,0.1626146336209262,0.34442719291908014,0.1626146336209262,0.34442719291908014
2022-02-26,0.1603202911497298,0.40276564087512584,0.1603202911497298,0.40276564087512584
2022-02-27,0.1679106058148623,0.3320362330588275,0.1679106058148623,0.3320362330588275
2022-02-28,0.18348216164815753,0.2803832378244033,0.18348216164815753,0.2803832378244033
2022-03-01,0.16431150166878614,0.2723383646285749,0.16431150166878614,0.2723383646285749
2022-03-02,0.1735289027188402,0.2989283681137216,0.1735289027188402,0.2989283681137216
2022-03-03,0.15600801617389043,0.2539003037209345,0.15600801617389043,0.2539003037209345
2022-03-04,0.15005727871496016,0.23691107422987642,0.15005727871496016,0.23691107422987642
2022-03-05,0.14781043260783533,0.256150458235247,0.14781043260783533,0.256150458235247
2022-03-06,0.1807930398379429,0.32068811246995577,0.1807930398379429,0.32068811246995577
2022-03-07,0.21439708783397873,0.36250223833818557,0.21439708783397873,0.36250223833818557
2022-03-08,0.20109789246285423,0.33991613766386164,0.20109789246285423,0.33991613766386164
2022-03-09,0.2263539839680405,0.4028678042416379,0.2263539839680405,0.4028678042416379
2022-03-10,0.18642385806423611,0.3126571464881228,0.18642385806423611,0.3126571464881228
2022-03-11,0.16899912074143048,0.32911521530730903,0.16899912074143048,0.32911521530730903
2022-03-12,0.14306139727111247,0.2593769970159443,0.14306139727111247,0.2593769970159443
2022-03-13,0.19006156614174025,0.4016822805198511,0.19006156614174025,0.4016822805198511
2022-03-14,0.2350842104409673,0.3727106033550233,0.2350842104409673,0.3727106033550233
2022-03-15,0.23340847970381245,0.49661293363348413,0.23340847970381245,0.49661293363348413
2022-03-16,0.25189101363216676,0.5486302715751319,0.25189101363216676,0.5486302715751319
2022-03-17,0.21244663495575108,0.38675300142181257,0.21244663495575108,0.38675300142181257
2022-03-18,0.21688350940166504,0.6674159946615377,0.21688350940166504,0.6674159946615377
2022-03-19,0.1866389497680662,0.36881020770779893,0.1866389497680662,0.36881020770779893
2022-03-20,0.2303011475606693,0.40902051258955724,0.2303011475606693,0.40902051258955724
2022-03-21,0.2918551198031167,0.5489425488787525,0.2918551198031167,0.5489425488787525
2022-03-22,0.3200148877397227,0.5400497670637787,0.3200148877397227,0.5400497670637787
2022-03-23,0.31531110604542256,0.565660759502411,0.31531110604542256,0.565660759502411
2022-03-24,0.2578638404554045,0.46762657781435985,0.2578638404554045,0.46762657781435985
2022-03-25,0.23924529513364898,0.48362720051137476,0.23924529513364898,0.48362720051137476
2022-03-26,0.21524978103263512,0.5112568512396151,0.21524978103263512,0.5112568512396151
2022-03-27,0.2847953928674385,0.5569072098757579,0.2847953928674385,0.5569072098757579
2022-03-28,0.44185088719717264,1.2500542169115572,0.44185088719717264,1.2500542169115572
2022-03-29,0.3240560735654541,0.7085697508892425,0.3240560735654541,0.7085697508892425
2022-03-30,0.3477732598849071,0.6959288031958457,0.3477732598849071,0.6959288031958457
2022-03-31,0.2956534279028406,0.5450426788078225,0.2956534279028406,0.5450426788078225
2022-04-01,0.2826991837688141,0.6344296526548261,0.2826991837688141,0.6344296526548261
2022-04-02,0.22895461386562266,0.3790651447733444,0.22895461386562266,0.3790651447733444
2022-04-03,0.2788990651611746,0.4574484849995955,0.2788990651611746,0.4574484849995955
2022-04-04,0.35044183356929887,0.6390924746413419,0.35044183356929887,0.6390924746413419
2022-04-05,0.3551781971581685,0.7444629937238564,0.3551781971581685,0.7444629937238564
2022-04-06,0.37865963667702823,0.8737262026389803,0.37865963667702823,0.8737262026389803
2022-04-07,0.3310041256126165,0.6851497252774366,0.3310041256126165,0.6851497252774366
2022-04-08,0.304904654467209,0.8093905076669137,0.304904654467209,0.8093905076669137
2022-04-09,0.2505796845745132,0.5178488394573109,0.2505796845745132,0.5178488394573109
2022-04-10,0.2985729605928424,0.6088116120369583,0.2985729605928424,0.6088116120369583
2022-04-11,0.3458354352510084,0.6117564171252667,0.3458354352510084,0.6117564171252667
2022-04-12,0.3478609114841735,0.6418702449259608,0.3478609114841735,0.6418702449259608
2022-04-13,0.35317874513193503,1.0260515084919666,0.35317874513193503,1.0260515084919666
2022-04-14,0.317734852062728,0.623298345558638,0.317734852062728,0.623298345558638
2022-04-15,0.30278983639243606,0.6674612574546649,0.30278983639243606,0.6674612574546649
2022-04-16,0.28233845199156116,0.5132513143217892,0.28233845199156116,0.5132513143217892
2022-04-17,0.3524749426521152,0.6718446303839574,0.3524749426521152,0.6718446303839574
2022-04-18,0.4186716622438278,0.8728183281522061,0.4186716622438278,0.8728183281522061
2022-04-19,0.39954109796892895,0.8021535351657703,0.39954109796892895,0.8021535351657703
2022-04-20,0.40378528193961705,0.8570857074655374,0.40378528193961705,0.8570857074655374
2022-04-21,0.38865925780135463,0.915953159427517,0.38865925780135463,0.915953159427517
2022-04-22,0.31900418704678013,0.7776917349934462,0.31900418704678013,0.7776917349934462
2022-04-23,0.299359153727452,0.6370407273432637,0.299359153727452,0.6370407273432637
2022-04-24,0.3475349630846761,0.7061034720455809,0.3475349630846761,0.7061034720455809
2022-04-25,0.4473674760739907,1.1483012721381995,0.4473674760739907,1.1483012721381995
2022-04-26,0.39857433239600376,0.7981902744279021,0.39857433239600376,0.7981902744279021
2022-04-27,0.4079502238422811,0.9601494464651549,0.4079502238422811,0.9601494464651549
2022-04-28,0.38693420471458256,1.0961478469527697,0.38693420471458256,1.0961478469527697
2022-04-29,0.2812802816296552,0.6269511610722988,0.2812802816296552,0.6269511610722988
2022-04-30,0.29434206997773477,0.6648753013689959,0.29434206997773477,0.6648753013689959
2022-05-01,0.3434514621158409,0.7478640649820001,0.3434514621158409,0.7478640649820001
2022-05-02,0.40543012187872846,1.1223168630017166,0.40543012187872846,1.1223168630017166
2022-05-03,0.40610321447541425,0.9286102054448832,0.40610321447541425,0.9286102054448832
2022-05-04,0.4181812472620411,0.9883771097609009,0.4181812472620411,0.9883771097609009
2022-05-05,0.47380244271265887,1.8249193358097706,0.47380244271265887,1.8249193358097706
2022-05-06,0.3417582148349126,0.8891960278842044,0.3417582148349126,0.8891960278842044
2022-05-07,0.295237183306047,0.62361427250769,0.295237183306047,0.62361427250769
2022-05-08,0.3053883468355221,0.6313152771353664,0.3053883468355221,0.6313152771353664
2022-05-09,0.3139557169139257,0.6694649141282407,0.3139557169139257,0.6694649141282407
2022-05-10,0.3262438397567547,0.6718246546856781,0.3262438397567547,0.6718246546856781
2022-05-11,0.2789713271552976,0.6125534862023285,0.2789713271552976,0.6125534862023285
2022-05-12,0.24238232289083309,0.666486864703624,0.24238232289083309,0.666486864703624
2022-05-13,0.204334412137431,0.583071133047691,0.204334412137431,0.583071133047691
2022-05-14,0.19256826018452716,0.40953915292832244,0.19256826018452716,0.40953915292832244
2022-05-15,0.21976687073464596,0.4194428094243531,0.21976687073464596,0.4194428094243531
2022-05-16,0.23872389099512908,0.4481808140618896,0.23872389099512908,0.4481808140618896
2022-05-17,0.26015188666411776,0.6405375210603028,0.26015188666411776,0.6405375210603028
2022-05-18,0.24167084969355987,0.44277532937904324,0.24167084969355987,0.44277532937904324
2022-05-19,0.22417388658910123,0.48203652114061846,0.22417388658910123,0.48203652114061846
2022-05-20,0.18037452325911912,0.4977389382277765,0.18037452325911912,0.4977389382277765
2022-05-21,0.18932748092490076,0.5214881637029434,0.18932748092490076,0.5214881637029434
2022-05-22,0.1996657790266141,0.35587088716549764,0.1996657790266141,0.35587088716549764
2022-05-23,0.22212133979670656,0.4367134624518566,0.22212133979670656,0.4367134624518566
2022-05-24,0.23106577161064037,0.4538561272620117,0.23106577161064037,0.4538561272620117
2022-05-25,0.22621803161777765,0.4503624430011027,0.22621803161777765,0.4503624430011027
2022-05-26,0.2132391744740894,0.5219422112384359,0.2132391744740894,0.5219422112384359
2022-05-27,0.1792991290315101,0.5399107571664896,0.1792991290315101,0.5399107571664896
2022-05-28,0.18462234181508827,0.4256552299007452,0.18462234181508827,0.4256552299007452
2022-05-29,0.20902190815872004,0.4410021184818448,0.20902190815872004,0.4410021184818448
2022-05-30,0.2273741537937146,0.43367844678077533,0.2273741537937146,0.43367844678077533
2022-05-31,0.2301123879262401,0.42421192447504974,0.2301123879262401,0.42421192447504974
2022-06-01,0.2278015648085309,0.43108600408281117,0.2278015648085309,0.43108600408281117
2022-06-02,0.20680704846764328,0.5159450763118221,0.20680704846764328,0.5159450763118221
2022-06-03,0.1536334906367269,0.3146799331584698,0.1536334906367269,0.3146799331584698
2022-06-04,0.18747440000363502,0.5739182452939514,0.18747440000363502,0.5739182452939514
2022-06-05,0.21094636339451733,0.5016380813600926,0.21094636339451733,0.5016380813600926
2022-06-06,0.24356321281494334,0.549480339781945,0.24356321281494334,0.549480339781945
2022-06-07,0.23409260935773019,0.522876810021176,0.23409260935773019,0.522876810021176
2022-06-08,0.26854968175561406,0.9068388821522394,0.26854968175561406,0.9068388821522394
2022-06-09,0.17175742768340707,0.37330558355134785,0.17175742768340707,0.37330558355134785
2022-06-10,0.1448441717533562,0.30096228895934746,0.1448441717533562,0.30096228895934746
2022-06-11,0.13784680301929322,0.23899273320069594,0.13784680301929322,0.23899273320069594
2022-06-12,0.15841459717095804,0.2648577090171173,0.15841459717095804,0.2648577090171173
2022-06-13,0.1687984891747424,0.2833774558387476,0.1687984891747424,0.2833774558387476
2022-06-14,0.17762999802157287,0.3945703362581751,0.17762999802157287,0.3945703362581751
2022-06-15,0.16820825194892855,0.3597973690092568,0.16820825194892855,0.3597973690092568
2022-06-16,0.15181752082976138,0.3857826874816374,0.15181752082976138,0.3857826874816374
2022-06-17,0.12001990101231891,0.2611441179498627,0.12001990101231891,0.2611441179498627
2022-06-18,0.12548333040624413,0.21912909862387914,0.12548333040624413,0.21912909862387914
2022-06-19,0.14513620822151618,0.23812010219806884,0.14513620822151618,0.23812010219806884
2022-06-20,0.17894591646002514,0.29303330170480046,0.17894591646002514,0.29303330170480046
2022-06-21,0.17535639868175154,0.2754305854659216,0.17535639868175154,0.2754305854659216
2022-06-22,0.15940446002499414,0.29953596251149744,0.15940446002499414,0.29953596251149744
2022-06-23,0.1296954335681537,0.241953545242403,0.1296954335681537,0.241953545242403
2022-06-24,0.11305041105322955,0.2129089109783383,0.11305041105322955,0.2129089109783383
2022-06-25,0.11037402032328712,0.17466183953480294,0.11037402032328712,0.17466183953480294
2022-06-26,0.13548105616212333,0.22296713551580957,0.13548105616212333,0.22296713551580957
2022-06-27,0.17084753865793073,0.2543374159666352,0.17084753865793073,0.2543374159666352
2022-06-28,0.1703348886296877,0.27735582597018904,0.1703348886296877,0.27735582597018904
2022-06-29,0.17801265915079312,0.49470825336398555,0.17801265915079312,0.49470825336398555
2022-06-30,0.1381447295366013,0.30661671770057536,0.1381447295366013,0.30661671770057536
2022-07-01,0.11062932492200402,0.2431458502449155,0.11062932492200402,0.2431458502449155
2022-07-02,0.11538914986730198,0.2284016605324456,0.11538914986730198,0.2284016605324456
2022-07-03,0.13686238121380206,0.2415371624773037,0.13686238121380206,0.2415371624773037
2022-07-04,0.1791376076136177,0.31979357584037615,0.1791376076136177,0.31979357584037615
2022-07-05,0.1855322943271096,0.3923694301996845,0.1855322943271096,0.3923694301996845
2022-07-06,0.17570145448537206,0.3129259070399692,0.17570145448537206,0.3129259070399692
2022-07-07,0.1459209182741641,0.2798313168411513,0.1459209182741641,0.2798313168411513
2022-07-08,0.13072967443108097,0.2232081617327524,0.13072967443108097,0.2232081617327524
2022-07-09,0.12960135535667452,0.22833843445808633,0.12960135535667452,0.22833843445808633
2022-07-10,0.15967775482795735,0.26937540771889823,0.15967775482795735,0.26937540771889823
2022-07-11,0.18184085174782486,0.30133018170346265,0.18184085174782486,0.30133018170346265
2022-07-12,0.19436632066193296,0.314796554065871,0.19436632066193296,0.314796554065871
2022-07-13,0.16280389658809175,0.3325493383098707,0.16280389658809175,0.3325493383098707
2022-07-14,0.13886722713075486,0.29598901543552864,0.13886722713075486,0.29598901543552864
2022-07-15,0.10628922803399492,0.20878655332205273,0.10628922803399492,0.20878655332205273
2022-07-16,0.11234747839707615,0.31147856928288725,0.11234747839707615,0.31147856928288725
2022-07-17,0.1259896441917497,0.2531281981598976,0.1259896441917497,0.2531281981598976
2022-07-18,0.1319521375381115,0.2440146730715788,0.1319521375381115,0.2440146730715788
2022-07-19,0.14583182845190956,0.2547757139080496,0.14583182845190956,0.2547757139080496
2022-07-20,0.13823827145422501,0.29704159975072103,0.13823827145422501,0.29704159975072103
2022-07-21,0.12891102570169463,0.2855599391428502,0.12891102570169463,0.2855599391428502
2022-07-22,0.09767162149398505,0.20650578026889604,0.09767162149398505,0.20650578026889604
2022-07-23,0.09514460762722092,0.2084656962680732,0.09514460762722092,0.2084656962680732
2022-07-24,0.11792778140748203,0.241064754449197,0.11792778140748203,0.241064754449197
2022-07-25,0.13203864865494205,0.2573414705893462,0.13203864865494205,0.2573414705893462
2022-07-26,0.16344980979142792,0.316407686425033,0.16344980979142792,0.316407686425033
2022-07-27,0.1528671736926533,0.2964468414808325,0.1528671736926533,0.2964468414808325
2022-07-28,0.14697964885884052,0.33172303687953725,0.14697964885884052,0.33172303687953725
2022-07-29,0.11199955778152736,0.24988375693887094,0.11199955778152736,0.24988375693887094
2022-07-30,0.1097129401179681,0.17612267198375117,0.1097129401179681,0.17612267198375117
2022-07-31,0.1312912915504662,0.21942147385257976,0.1312912915504662,0.21942147385257976
2022-08-01,0.13272808717922926,0.20159406671487884,0.13272808717922926,0.20159406671487884
2022-08-02,0.1464519349103931,0.22812164201404875,0.1464519349103931,0.22812164201404875
2022-08-03,0.14888987848405852,0.2564288942405738,0.14888987848405852,0.2564288942405738
2022-08-04,0.10683376637932451,0.21032495359074616,0.10683376637932451,0.21032495359074616
2022-08-05,0.08975415649193928,0.15324776647574911,0.08975415649193928,0.15324776647574911
2022-08-06,0.08116988163208472,0.12903779773185695,0.08116988163208472,0.12903779773185695
2022-08-07,0.10320238780691127,0.160674613964975,0.10320238780691127,0.160674613964975
2022-08-08,0.11340270042978678,0.18695722510762397,0.11340270042978678,0.18695722510762397
2022-08-09,0.13316597431791452,0.21792173328671685,0.13316597431791452,0.21792173328671685
2022-08-10,0.1384981217456645,0.2794624801964442,0.1384981217456645,0.2794624801964442
2022-08-11,0.1111330072777381,0.24694413741697113,0.1111330072777381,0.24694413741697113
2022-08-12,0.08848462680571265,0.1627854237119814,0.08848462680571265,0.1627854237119814
2022-08-13,0.08645620899365193,0.17621245714643707,0.08645620899365193,0.17621245714643707
2022-08-14,0.10499056702938232,0.1803649039258675,0.10499056702938232,0.1803649039258675
2022-08-15,0.12643825215550933,0.212228770047139,0.12643825215550933,0.212228770047139
2022-08-16,0.12889506694046582,0.2326823950387893,0.12889506694046582,0.2326823950387893
2022-08-17,0.12666398712293472,0.2524062873272086,0.12666398712293472,0.2524062873272086
2022-08-18,0.11138803319246919,0.23975777785176994,0.11138803319246919,0.23975777785176994
2022-08-19,0.09750611273889605,0.17609605276193527,0.09750611273889605,0.17609605276193527
2022-08-20,0.08953461949302444,0.26103373850683304,0.08953461949302444,0.26103373850683304
2022-08-21,0.11174733603377829,0.17977142574306135,0.11174733603377829,0.17977142574306135
2022-08-22,0.13289851165048322,0.2072669521616075,0.13289851165048322,0.2072669521616075
2022-08-23,0.1467837908991896,0.2531380619087743,0.1467837908991896,0.2531380619087743
2022-08-24,0.14564973377426138,0.2673146070000132,0.14564973377426138,0.2673146070000132
2022-08-25,0.13577205919789223,0.29217787486950797,0.13577205919789223,0.29217787486950797
2022-08-26,0.1026358675178338,0.22547867889321666,0.1026358675178338,0.22547867889321666
2022-08-27,0.0889703753228554,0.13480234857100312,0.0889703753228554,0.13480234857100312
2022-08-28,0.11339162043912374,0.20936379613849643,0.11339162043912374,0.20936379613849643
2022-08-29,0.1299388138887821,0.20841921370062866,0.1299388138887821,0.20841921370062866
2022-08-30,0.1519790522550909,0.2658649435599045,0.1519790522550909,0.2658649435599045
2022-08-31,0.14437308584247574,0.2542531507981342,0.14437308584247574,0.2542531507981342
2022-09-01,0.12985506057303278,0.25647233925023893,0.12985506057303278,0.25647233925023893
2022-09-02,0.1016858377963282,0.1972071786794864,0.1016858377963282,0.1972071786794864
2022-09-03,0.08848191457115798,0.16032479527422766,0.08848191457115798,0.16032479527422766
2022-09-04,0.1141672322827006,0.18932979851711335,0.1141672322827006,0.18932979851711335
2022-09-05,0.14475533969593987,0.24630259867972398,0.14475533969593987,0.24630259867972398
2022-09-06,0.16675581444161341,0.3747025000994545,0.16675581444161341,0.3747025000994545
2022-09-07,0.14475050463852251,0.2774585573812449,0.14475050463852251,0.2774585573812449
2022-09-08,0.1310200155745304,0.3950346567928758,0.1310200155745304,0.3950346567928758
2022-09-09,0.10970501977423258,0.23665659567566535,0.10970501977423258,0.23665659567566535
2022-09-10,0.09843854233584445,0.18659843803905152,0.09843854233584445,0.18659843803905152
2022-09-11,0.12564620480996638,0.22181461839591804,0.12564620480996638,0.22181461839591804
2022-09-12,0.1665936463906803,0.29839995099135924,0.1665936463906803,0.29839995099135924
2022-09-13,0.16313946238014235,0.2794130660274133,0.16313946238014235,0.2794130660274133
2022-09-14,0.1556860980860088,0.28656071405865935,0.1556860980860088,0.28656071405865935
2022-09-15,0.13884105090787288,0.5772587088235851,0.13884105090787288,0.5772587088235851
2022-09-16,0.11911653511497719,0.24099478641423264,0.11911653511497719,0.24099478641423264
2022-09-17,0.10448600738243201,0.21024212540051834,0.10448600738243201,0.21024212540051834
2022-09-18,0.13272262343742552,0.22103866440267672,0.13272262343742552,0.22103866440267672
2022-09-19,0.165426010845696,0.34575143314193835,0.165426010845696,0.34575143314193835
2022-09-20,0.16913235421513484,0.28837744321038733,0.16913235421513484,0.28837744321038733
2022-09-21,0.1764946680039728,0.33767464975570244,0.1764946680039728,0.33767464975570244
2022-09-22,0.14056296175472105,0.29096251458264605,0.14056296175472105,0.29096251458264605
2022-09-23,0.12541089501223918,0.2506196475432527,0.12541089501223918,0.2506196475432527
2022-09-24,0.10341252590462935,0.17531860242675337,0.10341252590462935,0.17531860242675337
2022-09-25,0.13360977473217514,0.2184218935010275,0.13360977473217514,0.2184218935010275
2022-09-26,0.16164304739778826,0.26038464439908154,0.16164304739778826,0.26038464439908154
2022-09-27,0.1988396729749615,0.33073585012851503,0.1988396729749615,0.33073585012851503
2022-09-28,0.1971843399148014,0.34450957941182286,0.1971843399148014,0.34450957941182286
2022-09-29,0.14308058706872515,0.3244103092591428,0.14308058706872515,0.3244103092591428
2022-09-30,0.13177879898484696,0.34400810070120674,0.13177879898484696,0.34400810070120674
2022-10-01,0.10678373404312073,0.17571437458252462,0.10678373404312073,0.17571437458252462
2022-10-02,0.1362577171655186,0.2506135560984584,0.1362577171655186,0.2506135560984584
2022-10-03,0.17171253802901587,0.27123629221753554,0.17171253802901587,0.27123629221753554
2022-10-04,0.21833776627622872,0.37558433238933264,0.21833776627622872,0.37558433238933264
2022-10-05,0.1984741064003825,0.339225273857343,0.1984741064003825,0.339225273857343
2022-10-06,0.15530127014194348,0.3590117937404988,0.15530127014194348,0.3590117937404988
2022-10-07,0.14801896147864346,0.30497791757702686,0.14801896147864346,0.30497791757702686
2022-10-08,0.11810555127856888,0.20991324561965638,0.11810555127856888,0.20991324561965638
2022-10-09,0.15245434783554307,0.24235755257587477,0.15245434783554307,0.24235755257587477
2022-10-10,0.2010737083074837,0.32892551049007307,0.2010737083074837,0.32892551049007307
2022-10-11,0.2207327669194916,0.40469429340570306,0.2207327669194916,0.40469429340570306
2022-10-12,0.22410028411365987,0.3877439467815418,0.22410028411365987,0.3877439467815418
2022-10-13,0.16545973620298593,0.32273252557989696,0.16545973620298593,0.32273252557989696
2022-10-14,0.14136622644134308,0.27695713069814865,0.14136622644134308,0.27695713069814865
2022-10-15,0.12273861087039284,0.22450359257778033,0.12273861087039284,0.22450359257778033
2022-10-16,0.16467695364612625,0.2929454871966961,0.16467695364612625,0.2929454871966961
2022-10-17,0.2061455792654445,0.3942444498227704,0.2061455792654445,0.3942444498227704
2022-10-18,0.2329153737797935,0.4197346955993376,0.2329153737797935,0.4197346955993376
2022-10-19,0.22843227372335748,0.5200020491947585,0.22843227372335748,0.5200020491947585
2022-10-20,0.18441155181156313,0.3813062773872971,0.18441155181156313,0.3813062773872971
2022-10-21,0.1545953061934624,0.33664519883031,0.1545953061934624,0.33664519883031
2022-10-22,0.13911451878430056,0.2506989170752812,0.13911451878430056,0.2506989170752812
2022-10-23,0.1802393916727296,0.3462775685127024,0.1802393916727296,0.3462775685127024
2022-10-24,0.22135383933701322,0.4838545079730464,0.22135383933701322,0.4838545079730464
2022-10-25,0.23201541295945283,0.4279751027114051,0.23201541295945283,0.4279751027114051
2022-10-26,0.21226944497666306,0.4728564472570024,0.21226944497666306,0.4728564472570024
2022-10-27,0.16303418288954244,0.31581306287570204,0.16303418288954244,0.31581306287570204
2022-10-28,0.1449227765680133,0.27855985454129556,0.1449227765680133,0.27855985454129556
2022-10-29,0.13891102902066108,0.21727339620823055,0.13891102902066108,0.21727339620823055
2022-10-30,0.18102873360328223,0.3067644531953598,0.18102873360328223,0.3067644531953598
2022-10-31,0.21104306942157866,0.33823047340074835,0.21104306942157866,0.33823047340074835
2022-11-01,0.22507319355980737,0.4409180208142241,0.22507319355980737,0.4409180208142241
2022-11-02,0.2225138706528155,0.432849603408796,0.2225138706528155,0.432849603408796
2022-11-03,0.18419358430009053,0.34762444697825406,0.18419358430009053,0.34762444697825406
2022-11-04,0.1482277473458996,0.26418690718303456,0.1482277473458996,0.26418690718303456
2022-11-05,0.14732002300638838,0.2409289112898854,0.14732002300638838,0.2409289112898854
2022-11-06,0.18280899738813003,0.3016329717834627,0.18280899738813003,0.3016329717834627
2022-11-07,0.21775160802522447,0.40036346993172106,0.21775160802522447,0.40036346993172106
2022-11-08,0.2346693624228778,0.4462122793425331,0.2346693624228778,0.4462122793425331
2022-11-09,0.23882091619660187,0.5838015033254191,0.23882091619660187,0.5838015033254191
2022-11-10,0.18108002444970211,0.3453417582623805,0.18108002444970211,0.3453417582623805
2022-11-11,0.165060306231464,0.3843455268288771,0.165060306231464,0.3843455268288771
2022-11-12,0.15074556987133936,0.30003137610331143,0.15074556987133936,0.30003137610331143
2022-11-13,0.18422660113823028,0.28410658134441086,0.18422660113823028,0.28410658134441086
2022-11-14,0.2031825192249203,0.31226402802869924,0.2031825192249203,0.31226402802869924
2022-11-15,0.22324910587187224,0.3470773910037409,0.22324910587187224,0.3470773910037409
2022-11-16,0.22502299067290582,0.4486189040849617,0.22502299067290582,0.4486189040849617
2022-11-17,0.15969911755274663,0.356586597480384,0.15969911755274663,0.356586597480384
2022-11-18,0.14468016083353802,0.3425051580541533,0.14468016083353802,0.3425051580541533
2022-11-19,0.14693257579886787,0.2419123267088156,0.14693257579886787,0.2419123267088156
2022-11-20,0.17939375402514893,0.30873412553106216,0.17939375402514893,0.30873412553106216
2022-11-21,0.21451830658553236,0.5153045139810785,0.21451830658553236,0.5153045139810785
2022-11-22,0.21022914271164814,0.3293671818014889,0.21022914271164814,0.3293671818014889
2022-11-23,0.20619616232331445,0.3400494737620829,0.20619616232331445,0.3400494737620829
2022-11-24,0.17434853533729702,0.35555733525795646,0.17434853533729702,0.35555733525795646
2022-11-25,0.18567904897323245,0.4770890888314627,0.18567904897323245,0.4770890888314627
2022-11-26,0.19493010711928724,0.3373539592067833,0.19493010711928724,0.3373539592067833
2022-11-27,0.24650305504747308,0.4168651783450894,0.24650305504747308,0.4168651783450894
2022-11-28,0.24461801179130221,0.4210217321933413,0.24461801179130221,0.4210217321933413
2022-11-29,0.2421485557106306,0.49391053741854324,0.2421485557106306,0.49391053741854324
2022-11-30,0.24811560731940627,0.4399190593054447,0.24811560731940627,0.4399190593054447
2022-12-01,0.1963011524737688,0.36567773426617206,0.1963011524737688,0.36567773426617206
2022-12-02,0.1693005809563852,0.464372871345255,0.1693005809563852,0.464372871345255
2022-12-03,0.17958702123403672,0.2872536079856445,0.17958702123403672,0.2872536079856445
2022-12-04,0.21104311281864685,0.313959315958496,0.21104311281864685,0.313959315958496
2022-12-05,0.2342518410049048,0.3868604435063581,0.2342518410049048,0.3868604435063581
2022-12-06,0.244389806003395,0.4275201736442904,0.244389806003395,0.4275201736442904
2022-12-07,0.24111232952988954,0.6500216609492359,0.24111232952988954,0.6500216609492359
2022-12-08,0.17801854370433684,0.5010720473952249,0.17801854370433684,0.5010720473952249
2022-12-09,0.14192520474869313,0.38555398353327985,0.14192520474869313,0.38555398353327985
2022-12-10,0.13476942470625938,0.22878577734066766,0.13476942470625938,0.22878577734066766
2022-12-11,0.16385938173931608,0.35426717099302,0.16385938173931608,0.35426717099302
2022-12-12,0.18644502348161332,0.36396483104855976,0.18644502348161332,0.36396483104855976
2022-12-13,0.18031088907228252,0.2969915568623084,0.18031088907228252,0.2969915568623084
2022-12-14,0.18310981268617985,0.3584105407341008,0.18310981268617985,0.3584105407341008
2022-12-15,0.16627119522306236,0.4269223217929299,0.16627119522306236,0.4269223217929299
2022-12-16,0.13057446247925367,0.2364514744118842,0.13057446247925367,0.2364514744118842
2022-12-17,0.15351661357311902,0.24785921204518735,0.15351661357311902,0.24785921204518735
2022-12-18,0.1787995237569531,0.26723314827204164,0.1787995237569531,0.26723314827204164
2022-12-19,0.1979100479370434,0.2945539423790437,0.1979100479370434,0.2945539423790437
2022-12-20,0.19299416431448962,0.3117178227053975,0.19299416431448962,0.3117178227053975
2022-12-21,0.17734377753201572,0.32860287006932654,0.17734377753201572,0.32860287006932654
2022-12-22,0.16507777835454632,0.2841151169750756,0.16507777835454632,0.2841151169750756
2022-12-23,0.1355591354608133,0.21822952732214163,0.1355591354608133,0.21822952732214163
2022-12-24,0.1333237066516049,0.19705507577833895,0.1333237066516049,0.19705507577833895
2022-12-25,0.15909701454344247,0.22763384657127092,0.15909701454344247,0.22763384657127092
2022-12-26,0.2039450739004782,0.28340352066524066,0.2039450739004782,0.28340352066524066
2022-12-27,0.21510768467577815,0.33042120027285565,0.21510768467577815,0.33042120027285565
2022-12-28,0.157448011294501,0.25314120570631626,0.157448011294501,0.25314120570631626
2022-12-29,0.1319356968309062,0.23959769202484366,0.1319356968309062,0.23959769202484366
2022-12-30,0.1366413600742537,0.29624842421220987,0.1366413600742537,0.29624842421220987
2022-12-31,0.13007652866044114,0.22086640687508874,0.13007652866044114,0.22086640687508874
2023-01-01,,,,
2023-01-02,,,,
2023-01-03,,,,
2023-01-04,,,,
2023-01-05,,,,
2023-01-06,,,,
2023-01-07,,,,
